id,type,createdAt,caption,hashtags,themes,summary,sourceFile,sourcePath
posts_you're_not_interested_in.json-0.7643456256718846,unknown,2026-03-09T23:16:45.743Z,"ð","","identity","ð",posts_you're_not_interested_in.json,/Users/kriskleva/Documents/ModernDayCircusManager/instagram-moderndaycircus-2026-03-09-mDWWVNXF/ads_information/ads_and_topics/posts_you're_not_interested_in.json
posts_you're_not_interested_in.json-0.09364048257435709,unknown,2026-03-09T23:16:45.744Z,"ð","","identity","ð",posts_you're_not_interested_in.json,/Users/kriskleva/Documents/ModernDayCircusManager/instagram-moderndaycircus-2026-03-09-mDWWVNXF/ads_information/ads_and_topics/posts_you're_not_interested_in.json
posts_you're_not_interested_in.json-0.44031901886796954,unknown,2026-03-09T23:16:45.744Z,"ð","","identity","ð",posts_you're_not_interested_in.json,/Users/kriskleva/Documents/ModernDayCircusManager/instagram-moderndaycircus-2026-03-09-mDWWVNXF/ads_information/ads_and_topics/posts_you're_not_interested_in.json
posts_you're_not_interested_in.json-0.514716493206234,unknown,2026-03-09T23:16:45.744Z,"ð","","identity","ð",posts_you're_not_interested_in.json,/Users/kriskleva/Documents/ModernDayCircusManager/instagram-moderndaycircus-2026-03-09-mDWWVNXF/ads_information/ads_and_topics/posts_you're_not_interested_in.json
posts_you're_not_interested_in.json-0.08618842317948472,unknown,2026-03-09T23:16:45.744Z,"ð","","identity","ð",posts_you're_not_interested_in.json,/Users/kriskleva/Documents/ModernDayCircusManager/instagram-moderndaycircus-2026-03-09-mDWWVNXF/ads_information/ads_and_topics/posts_you're_not_interested_in.json
posts_you're_not_interested_in.json-0.7819987972713727,unknown,2026-03-09T23:16:45.744Z,"ð","","identity","ð",posts_you're_not_interested_in.json,/Users/kriskleva/Documents/ModernDayCircusManager/instagram-moderndaycircus-2026-03-09-mDWWVNXF/ads_information/ads_and_topics/posts_you're_not_interested_in.json
posts_you're_not_interested_in.json-0.9334662188023812,unknown,2026-03-09T23:16:45.744Z,"ð","","identity","ð",posts_you're_not_interested_in.json,/Users/kriskleva/Documents/ModernDayCircusManager/instagram-moderndaycircus-2026-03-09-mDWWVNXF/ads_information/ads_and_topics/posts_you're_not_interested_in.json
posts_you're_not_interested_in.json-0.7588809600576971,unknown,2026-03-09T23:16:45.745Z,"ð","","identity","ð",posts_you're_not_interested_in.json,/Users/kriskleva/Documents/ModernDayCircusManager/instagram-moderndaycircus-2026-03-09-mDWWVNXF/ads_information/ads_and_topics/posts_you're_not_interested_in.json
posts_you're_not_interested_in.json-0.6885118023273618,unknown,2026-03-09T23:16:45.745Z,"ð","","identity","ð",posts_you're_not_interested_in.json,/Users/kriskleva/Documents/ModernDayCircusManager/instagram-moderndaycircus-2026-03-09-mDWWVNXF/ads_information/ads_and_topics/posts_you're_not_interested_in.json
blocked_profiles.json-0.9306691420572895,unknown,2026-03-06T12:15:17.000Z,"","","identity","",blocked_profiles.json,/Users/kriskleva/Documents/ModernDayCircusManager/instagram-moderndaycircus-2026-03-09-mDWWVNXF/connections/followers_and_following/blocked_profiles.json
blocked_profiles.json-0.8886365580830944,unknown,2026-02-12T12:16:03.000Z,"","","identity","",blocked_profiles.json,/Users/kriskleva/Documents/ModernDayCircusManager/instagram-moderndaycircus-2026-03-09-mDWWVNXF/connections/followers_and_following/blocked_profiles.json
blocked_profiles.json-0.3197601274117712,unknown,2026-02-07T09:02:41.000Z,"","","identity","",blocked_profiles.json,/Users/kriskleva/Documents/ModernDayCircusManager/instagram-moderndaycircus-2026-03-09-mDWWVNXF/connections/followers_and_following/blocked_profiles.json
blocked_profiles.json-0.7433171332453596,unknown,2026-02-07T09:02:25.000Z,"","","identity","",blocked_profiles.json,/Users/kriskleva/Documents/ModernDayCircusManager/instagram-moderndaycircus-2026-03-09-mDWWVNXF/connections/followers_and_following/blocked_profiles.json
blocked_profiles.json-0.27457245153313226,unknown,2026-02-07T09:02:08.000Z,"","","identity","",blocked_profiles.json,/Users/kriskleva/Documents/ModernDayCircusManager/instagram-moderndaycircus-2026-03-09-mDWWVNXF/connections/followers_and_following/blocked_profiles.json
blocked_profiles.json-0.4786710154916871,unknown,2026-02-07T09:01:48.000Z,"","","identity","",blocked_profiles.json,/Users/kriskleva/Documents/ModernDayCircusManager/instagram-moderndaycircus-2026-03-09-mDWWVNXF/connections/followers_and_following/blocked_profiles.json
blocked_profiles.json-0.9713434895559745,unknown,2026-02-07T09:01:36.000Z,"","","identity","",blocked_profiles.json,/Users/kriskleva/Documents/ModernDayCircusManager/instagram-moderndaycircus-2026-03-09-mDWWVNXF/connections/followers_and_following/blocked_profiles.json
blocked_profiles.json-0.564458021260716,unknown,2026-02-07T09:01:17.000Z,"","","identity","",blocked_profiles.json,/Users/kriskleva/Documents/ModernDayCircusManager/instagram-moderndaycircus-2026-03-09-mDWWVNXF/connections/followers_and_following/blocked_profiles.json
blocked_profiles.json-0.22091010987788606,unknown,2026-02-07T09:00:31.000Z,"","","identity","",blocked_profiles.json,/Users/kriskleva/Documents/ModernDayCircusManager/instagram-moderndaycircus-2026-03-09-mDWWVNXF/connections/followers_and_following/blocked_profiles.json
blocked_profiles.json-0.14534074683726006,unknown,2026-02-07T08:59:48.000Z,"","","identity","",blocked_profiles.json,/Users/kriskleva/Documents/ModernDayCircusManager/instagram-moderndaycircus-2026-03-09-mDWWVNXF/connections/followers_and_following/blocked_profiles.json
blocked_profiles.json-0.9136993830627524,unknown,2026-02-07T08:57:54.000Z,"","","identity","",blocked_profiles.json,/Users/kriskleva/Documents/ModernDayCircusManager/instagram-moderndaycircus-2026-03-09-mDWWVNXF/connections/followers_and_following/blocked_profiles.json
blocked_profiles.json-0.9124190980966553,unknown,2025-12-28T11:12:34.000Z,"","","identity","",blocked_profiles.json,/Users/kriskleva/Documents/ModernDayCircusManager/instagram-moderndaycircus-2026-03-09-mDWWVNXF/connections/followers_and_following/blocked_profiles.json
blocked_profiles.json-0.9367816372188462,unknown,2025-12-28T11:12:22.000Z,"","","identity","",blocked_profiles.json,/Users/kriskleva/Documents/ModernDayCircusManager/instagram-moderndaycircus-2026-03-09-mDWWVNXF/connections/followers_and_following/blocked_profiles.json
blocked_profiles.json-0.23038258997075145,unknown,2025-12-28T11:11:49.000Z,"","","identity","",blocked_profiles.json,/Users/kriskleva/Documents/ModernDayCircusManager/instagram-moderndaycircus-2026-03-09-mDWWVNXF/connections/followers_and_following/blocked_profiles.json
blocked_profiles.json-0.08077177476603992,unknown,2025-12-15T19:49:16.000Z,"","","identity","",blocked_profiles.json,/Users/kriskleva/Documents/ModernDayCircusManager/instagram-moderndaycircus-2026-03-09-mDWWVNXF/connections/followers_and_following/blocked_profiles.json
blocked_profiles.json-0.629943079818615,unknown,2025-12-11T08:38:55.000Z,"","","identity","",blocked_profiles.json,/Users/kriskleva/Documents/ModernDayCircusManager/instagram-moderndaycircus-2026-03-09-mDWWVNXF/connections/followers_and_following/blocked_profiles.json
blocked_profiles.json-0.3595099346240116,unknown,2025-12-11T08:38:19.000Z,"","","identity","",blocked_profiles.json,/Users/kriskleva/Documents/ModernDayCircusManager/instagram-moderndaycircus-2026-03-09-mDWWVNXF/connections/followers_and_following/blocked_profiles.json
blocked_profiles.json-0.4809512525476225,unknown,2025-12-09T05:33:21.000Z,"","","identity","",blocked_profiles.json,/Users/kriskleva/Documents/ModernDayCircusManager/instagram-moderndaycircus-2026-03-09-mDWWVNXF/connections/followers_and_following/blocked_profiles.json
blocked_profiles.json-0.258704471018401,unknown,2025-05-05T16:47:23.000Z,"","","identity","",blocked_profiles.json,/Users/kriskleva/Documents/ModernDayCircusManager/instagram-moderndaycircus-2026-03-09-mDWWVNXF/connections/followers_and_following/blocked_profiles.json
blocked_profiles.json-0.24519360432342752,unknown,2025-04-05T12:19:38.000Z,"","","identity","",blocked_profiles.json,/Users/kriskleva/Documents/ModernDayCircusManager/instagram-moderndaycircus-2026-03-09-mDWWVNXF/connections/followers_and_following/blocked_profiles.json
close_friends.json-0.8226413346853285,unknown,2025-12-26T10:51:35.000Z,"barrynervous","","identity","barrynervous",close_friends.json,/Users/kriskleva/Documents/ModernDayCircusManager/instagram-moderndaycircus-2026-03-09-mDWWVNXF/connections/followers_and_following/close_friends.json
close_friends.json-0.7793584074131779,unknown,2025-12-26T10:51:35.000Z,"atufts21","","identity","atufts21",close_friends.json,/Users/kriskleva/Documents/ModernDayCircusManager/instagram-moderndaycircus-2026-03-09-mDWWVNXF/connections/followers_and_following/close_friends.json
close_friends.json-0.670650809398188,unknown,2025-12-26T10:51:30.000Z,"hdadiego","","identity","hdadiego",close_friends.json,/Users/kriskleva/Documents/ModernDayCircusManager/instagram-moderndaycircus-2026-03-09-mDWWVNXF/connections/followers_and_following/close_friends.json
close_friends.json-0.8859899709855628,unknown,2025-12-26T10:51:27.000Z,"xokmull","","identity","xokmull",close_friends.json,/Users/kriskleva/Documents/ModernDayCircusManager/instagram-moderndaycircus-2026-03-09-mDWWVNXF/connections/followers_and_following/close_friends.json
close_friends.json-0.4489438811181157,unknown,2025-12-26T10:51:25.000Z,"majesty_drip_","","identity","majesty_drip_",close_friends.json,/Users/kriskleva/Documents/ModernDayCircusManager/instagram-moderndaycircus-2026-03-09-mDWWVNXF/connections/followers_and_following/close_friends.json
close_friends.json-0.7302977045933632,unknown,2025-12-26T10:51:22.000Z,"kryscarriere","","identity","kryscarriere",close_friends.json,/Users/kriskleva/Documents/ModernDayCircusManager/instagram-moderndaycircus-2026-03-09-mDWWVNXF/connections/followers_and_following/close_friends.json
close_friends.json-0.6861482149656324,unknown,2025-12-26T10:51:20.000Z,"halseylaiz","","identity","halseylaiz",close_friends.json,/Users/kriskleva/Documents/ModernDayCircusManager/instagram-moderndaycircus-2026-03-09-mDWWVNXF/connections/followers_and_following/close_friends.json
close_friends.json-0.4642559753462112,unknown,2025-12-26T10:51:19.000Z,"143bash","","identity","143bash",close_friends.json,/Users/kriskleva/Documents/ModernDayCircusManager/instagram-moderndaycircus-2026-03-09-mDWWVNXF/connections/followers_and_following/close_friends.json
close_friends.json-0.4547130675463076,unknown,2025-12-26T10:51:09.000Z,"wearealluniqueunknown","","identity","wearealluniqueunknown",close_friends.json,/Users/kriskleva/Documents/ModernDayCircusManager/instagram-moderndaycircus-2026-03-09-mDWWVNXF/connections/followers_and_following/close_friends.json
followers_1.json-0.8681585623686159,post,2026-03-09T14:57:37.000Z,"adamhowarth.jpg","","identity","adamhowarth.jpg",followers_1.json,/Users/kriskleva/Documents/ModernDayCircusManager/instagram-moderndaycircus-2026-03-09-mDWWVNXF/connections/followers_and_following/followers_1.json
followers_1.json-0.8096929067395222,post,2026-03-08T14:32:45.000Z,"trap49","","identity","trap49",followers_1.json,/Users/kriskleva/Documents/ModernDayCircusManager/instagram-moderndaycircus-2026-03-09-mDWWVNXF/connections/followers_and_following/followers_1.json
followers_1.json-0.17990842437184185,post,2026-03-08T02:53:14.000Z,"bano_occidental","","identity","bano_occidental",followers_1.json,/Users/kriskleva/Documents/ModernDayCircusManager/instagram-moderndaycircus-2026-03-09-mDWWVNXF/connections/followers_and_following/followers_1.json
followers_1.json-0.5976828896814148,post,2026-03-07T16:46:06.000Z,"dj_sky.production","","identity","dj_sky.production",followers_1.json,/Users/kriskleva/Documents/ModernDayCircusManager/instagram-moderndaycircus-2026-03-09-mDWWVNXF/connections/followers_and_following/followers_1.json
followers_1.json-0.5197948450783747,post,2026-03-07T03:23:53.000Z,"lizc180","","identity","lizc180",followers_1.json,/Users/kriskleva/Documents/ModernDayCircusManager/instagram-moderndaycircus-2026-03-09-mDWWVNXF/connections/followers_and_following/followers_1.json
followers_1.json-0.2760441725734071,post,2026-03-05T19:13:08.000Z,"ehall13","","identity","ehall13",followers_1.json,/Users/kriskleva/Documents/ModernDayCircusManager/instagram-moderndaycircus-2026-03-09-mDWWVNXF/connections/followers_and_following/followers_1.json
followers_1.json-0.018124911512405806,post,2026-03-05T15:48:15.000Z,"kel_ouellette","","identity","kel_ouellette",followers_1.json,/Users/kriskleva/Documents/ModernDayCircusManager/instagram-moderndaycircus-2026-03-09-mDWWVNXF/connections/followers_and_following/followers_1.json
followers_1.json-0.5932856602170316,post,2026-03-03T23:37:21.000Z,"sammgrenier","","identity","sammgrenier",followers_1.json,/Users/kriskleva/Documents/ModernDayCircusManager/instagram-moderndaycircus-2026-03-09-mDWWVNXF/connections/followers_and_following/followers_1.json
followers_1.json-0.9746094247130759,post,2026-03-02T18:19:22.000Z,"the.missinformation","","identity","the.missinformation",followers_1.json,/Users/kriskleva/Documents/ModernDayCircusManager/instagram-moderndaycircus-2026-03-09-mDWWVNXF/connections/followers_and_following/followers_1.json
followers_1.json-0.21621362549263345,post,2026-03-02T09:49:35.000Z,"collegegrad1442","","identity","collegegrad1442",followers_1.json,/Users/kriskleva/Documents/ModernDayCircusManager/instagram-moderndaycircus-2026-03-09-mDWWVNXF/connections/followers_and_following/followers_1.json
followers_1.json-0.1397126825133117,post,2026-03-02T04:09:24.000Z,"magglerock","","identity","magglerock",followers_1.json,/Users/kriskleva/Documents/ModernDayCircusManager/instagram-moderndaycircus-2026-03-09-mDWWVNXF/connections/followers_and_following/followers_1.json
followers_1.json-0.10151291516599192,post,2026-03-02T04:04:29.000Z,"da666y","","identity","da666y",followers_1.json,/Users/kriskleva/Documents/ModernDayCircusManager/instagram-moderndaycircus-2026-03-09-mDWWVNXF/connections/followers_and_following/followers_1.json
followers_1.json-0.9865061969963116,post,2026-03-02T01:39:48.000Z,"hornett.venom","","identity","hornett.venom",followers_1.json,/Users/kriskleva/Documents/ModernDayCircusManager/instagram-moderndaycircus-2026-03-09-mDWWVNXF/connections/followers_and_following/followers_1.json
followers_1.json-0.519509480119352,post,2026-03-02T01:39:43.000Z,"4v3ry.4rch1v3","","identity","4v3ry.4rch1v3",followers_1.json,/Users/kriskleva/Documents/ModernDayCircusManager/instagram-moderndaycircus-2026-03-09-mDWWVNXF/connections/followers_and_following/followers_1.json
followers_1.json-0.017410932108871124,post,2026-03-01T23:35:01.000Z,"rsviolette","","identity","rsviolette",followers_1.json,/Users/kriskleva/Documents/ModernDayCircusManager/instagram-moderndaycircus-2026-03-09-mDWWVNXF/connections/followers_and_following/followers_1.json
followers_1.json-0.8217298178191956,post,2026-03-01T18:42:16.000Z,"mahiluxediamonds","","identity","mahiluxediamonds",followers_1.json,/Users/kriskleva/Documents/ModernDayCircusManager/instagram-moderndaycircus-2026-03-09-mDWWVNXF/connections/followers_and_following/followers_1.json
followers_1.json-0.27467281393448917,post,2026-03-01T16:20:13.000Z,"thazra_rosie","","identity","thazra_rosie",followers_1.json,/Users/kriskleva/Documents/ModernDayCircusManager/instagram-moderndaycircus-2026-03-09-mDWWVNXF/connections/followers_and_following/followers_1.json
followers_1.json-0.06297177266008158,post,2026-03-01T15:02:31.000Z,"dbgreener","","identity","dbgreener",followers_1.json,/Users/kriskleva/Documents/ModernDayCircusManager/instagram-moderndaycircus-2026-03-09-mDWWVNXF/connections/followers_and_following/followers_1.json
followers_1.json-0.4750124438803547,post,2026-03-01T12:54:33.000Z,"t4t_rexx","","identity","t4t_rexx",followers_1.json,/Users/kriskleva/Documents/ModernDayCircusManager/instagram-moderndaycircus-2026-03-09-mDWWVNXF/connections/followers_and_following/followers_1.json
followers_1.json-0.5968010356942159,post,2026-03-01T07:04:03.000Z,"beedekayesq","","identity","beedekayesq",followers_1.json,/Users/kriskleva/Documents/ModernDayCircusManager/instagram-moderndaycircus-2026-03-09-mDWWVNXF/connections/followers_and_following/followers_1.json
followers_1.json-0.39941424462797825,post,2026-02-26T21:54:19.000Z,"kylewarnock","","identity","kylewarnock",followers_1.json,/Users/kriskleva/Documents/ModernDayCircusManager/instagram-moderndaycircus-2026-03-09-mDWWVNXF/connections/followers_and_following/followers_1.json
followers_1.json-0.8796814827751513,post,2026-02-26T18:24:37.000Z,"mystiqueburlesque","","identity","mystiqueburlesque",followers_1.json,/Users/kriskleva/Documents/ModernDayCircusManager/instagram-moderndaycircus-2026-03-09-mDWWVNXF/connections/followers_and_following/followers_1.json
followers_1.json-0.9329615131211879,post,2026-02-26T18:01:58.000Z,"the.melloweffect","","identity","the.melloweffect",followers_1.json,/Users/kriskleva/Documents/ModernDayCircusManager/instagram-moderndaycircus-2026-03-09-mDWWVNXF/connections/followers_and_following/followers_1.json
followers_1.json-0.8211268027389778,post,2026-02-26T17:24:35.000Z,"jennyhesseltineart","","identity","jennyhesseltineart",followers_1.json,/Users/kriskleva/Documents/ModernDayCircusManager/instagram-moderndaycircus-2026-03-09-mDWWVNXF/connections/followers_and_following/followers_1.json
followers_1.json-0.7452035556315917,post,2026-02-26T15:32:12.000Z,"curlycasinoburlyq","","identity","curlycasinoburlyq",followers_1.json,/Users/kriskleva/Documents/ModernDayCircusManager/instagram-moderndaycircus-2026-03-09-mDWWVNXF/connections/followers_and_following/followers_1.json
followers_1.json-0.8304893637145028,post,2026-02-26T14:57:06.000Z,"theannialouisa","","identity","theannialouisa",followers_1.json,/Users/kriskleva/Documents/ModernDayCircusManager/instagram-moderndaycircus-2026-03-09-mDWWVNXF/connections/followers_and_following/followers_1.json
followers_1.json-0.9485856981750103,post,2026-02-26T14:05:35.000Z,"heyalexmae","","identity","heyalexmae",followers_1.json,/Users/kriskleva/Documents/ModernDayCircusManager/instagram-moderndaycircus-2026-03-09-mDWWVNXF/connections/followers_and_following/followers_1.json
followers_1.json-0.9476393086490074,post,2026-02-24T17:36:21.000Z,"brandonjerrod","","identity","brandonjerrod",followers_1.json,/Users/kriskleva/Documents/ModernDayCircusManager/instagram-moderndaycircus-2026-03-09-mDWWVNXF/connections/followers_and_following/followers_1.json
followers_1.json-0.9037252548523018,post,2026-02-24T06:48:54.000Z,"priderockpromotion","","identity","priderockpromotion",followers_1.json,/Users/kriskleva/Documents/ModernDayCircusManager/instagram-moderndaycircus-2026-03-09-mDWWVNXF/connections/followers_and_following/followers_1.json
followers_1.json-0.1684505040128399,post,2026-02-21T17:37:05.000Z,"wanderlustmarket21","","identity","wanderlustmarket21",followers_1.json,/Users/kriskleva/Documents/ModernDayCircusManager/instagram-moderndaycircus-2026-03-09-mDWWVNXF/connections/followers_and_following/followers_1.json
followers_1.json-0.5933105180271181,post,2026-02-21T15:26:40.000Z,"themainemenu.co","","identity","themainemenu.co",followers_1.json,/Users/kriskleva/Documents/ModernDayCircusManager/instagram-moderndaycircus-2026-03-09-mDWWVNXF/connections/followers_and_following/followers_1.json
followers_1.json-0.4892596908555409,post,2026-02-21T15:13:25.000Z,"themarknoah","","identity","themarknoah",followers_1.json,/Users/kriskleva/Documents/ModernDayCircusManager/instagram-moderndaycircus-2026-03-09-mDWWVNXF/connections/followers_and_following/followers_1.json
followers_1.json-0.4122836008467876,post,2026-02-20T06:45:55.000Z,"ian__sean","","identity","ian__sean",followers_1.json,/Users/kriskleva/Documents/ModernDayCircusManager/instagram-moderndaycircus-2026-03-09-mDWWVNXF/connections/followers_and_following/followers_1.json
followers_1.json-0.6879386477371674,post,2026-02-19T23:52:59.000Z,"ryssareigns","","identity","ryssareigns",followers_1.json,/Users/kriskleva/Documents/ModernDayCircusManager/instagram-moderndaycircus-2026-03-09-mDWWVNXF/connections/followers_and_following/followers_1.json
followers_1.json-0.10323664731196769,post,2026-02-19T23:45:57.000Z,"maineintimacycoaching","","identity","maineintimacycoaching",followers_1.json,/Users/kriskleva/Documents/ModernDayCircusManager/instagram-moderndaycircus-2026-03-09-mDWWVNXF/connections/followers_and_following/followers_1.json
followers_1.json-0.413049312215239,post,2026-02-19T21:37:30.000Z,"davinadaras","","identity","davinadaras",followers_1.json,/Users/kriskleva/Documents/ModernDayCircusManager/instagram-moderndaycircus-2026-03-09-mDWWVNXF/connections/followers_and_following/followers_1.json
followers_1.json-0.9985286650762994,post,2026-02-19T14:57:14.000Z,"danisellsmaine","","identity","danisellsmaine",followers_1.json,/Users/kriskleva/Documents/ModernDayCircusManager/instagram-moderndaycircus-2026-03-09-mDWWVNXF/connections/followers_and_following/followers_1.json
followers_1.json-0.03827090558182911,post,2026-02-19T04:00:03.000Z,"naturalvanityenc","","identity","naturalvanityenc",followers_1.json,/Users/kriskleva/Documents/ModernDayCircusManager/instagram-moderndaycircus-2026-03-09-mDWWVNXF/connections/followers_and_following/followers_1.json
followers_1.json-0.15980039477900254,post,2026-02-18T17:49:32.000Z,"danpirrone","","identity","danpirrone",followers_1.json,/Users/kriskleva/Documents/ModernDayCircusManager/instagram-moderndaycircus-2026-03-09-mDWWVNXF/connections/followers_and_following/followers_1.json
followers_1.json-0.6890710076592599,post,2026-02-18T11:51:47.000Z,"gold_of_bella","","identity","gold_of_bella",followers_1.json,/Users/kriskleva/Documents/ModernDayCircusManager/instagram-moderndaycircus-2026-03-09-mDWWVNXF/connections/followers_and_following/followers_1.json
followers_1.json-0.9065129089270703,post,2026-02-17T20:40:16.000Z,"ohmonikaoh","","identity","ohmonikaoh",followers_1.json,/Users/kriskleva/Documents/ModernDayCircusManager/instagram-moderndaycircus-2026-03-09-mDWWVNXF/connections/followers_and_following/followers_1.json
followers_1.json-0.7827919200407143,post,2026-02-17T16:56:39.000Z,"noreninternationalllc20","","identity","noreninternationalllc20",followers_1.json,/Users/kriskleva/Documents/ModernDayCircusManager/instagram-moderndaycircus-2026-03-09-mDWWVNXF/connections/followers_and_following/followers_1.json
followers_1.json-0.3086045307365102,post,2026-02-17T00:38:55.000Z,"larrynevergivvinup","","identity","larrynevergivvinup",followers_1.json,/Users/kriskleva/Documents/ModernDayCircusManager/instagram-moderndaycircus-2026-03-09-mDWWVNXF/connections/followers_and_following/followers_1.json
followers_1.json-0.8809475185703133,post,2026-02-16T12:11:13.000Z,"jakehilloffline","","identity","jakehilloffline",followers_1.json,/Users/kriskleva/Documents/ModernDayCircusManager/instagram-moderndaycircus-2026-03-09-mDWWVNXF/connections/followers_and_following/followers_1.json
followers_1.json-0.5586533702568002,post,2026-02-16T02:13:15.000Z,"ytn_tiny","","identity","ytn_tiny",followers_1.json,/Users/kriskleva/Documents/ModernDayCircusManager/instagram-moderndaycircus-2026-03-09-mDWWVNXF/connections/followers_and_following/followers_1.json
followers_1.json-0.0077008528145880994,post,2026-02-15T21:24:09.000Z,"sweeter_styling","","identity","sweeter_styling",followers_1.json,/Users/kriskleva/Documents/ModernDayCircusManager/instagram-moderndaycircus-2026-03-09-mDWWVNXF/connections/followers_and_following/followers_1.json
followers_1.json-0.6240819772808077,post,2026-02-15T14:49:08.000Z,"killjones.com_","","identity","killjones.com_",followers_1.json,/Users/kriskleva/Documents/ModernDayCircusManager/instagram-moderndaycircus-2026-03-09-mDWWVNXF/connections/followers_and_following/followers_1.json
followers_1.json-0.7298066788055986,post,2026-02-15T14:04:31.000Z,"brettwilliams_","","identity","brettwilliams_",followers_1.json,/Users/kriskleva/Documents/ModernDayCircusManager/instagram-moderndaycircus-2026-03-09-mDWWVNXF/connections/followers_and_following/followers_1.json
followers_1.json-0.4629786403722591,post,2026-02-15T05:54:35.000Z,"valentinaamodel","","identity","valentinaamodel",followers_1.json,/Users/kriskleva/Documents/ModernDayCircusManager/instagram-moderndaycircus-2026-03-09-mDWWVNXF/connections/followers_and_following/followers_1.json
followers_1.json-0.37539716637406784,post,2026-02-15T05:16:10.000Z,"itsdcamp","","identity","itsdcamp",followers_1.json,/Users/kriskleva/Documents/ModernDayCircusManager/instagram-moderndaycircus-2026-03-09-mDWWVNXF/connections/followers_and_following/followers_1.json
followers_1.json-0.7829251135445863,post,2026-02-15T05:10:43.000Z,"that.gurlkaylaaa","","identity","that.gurlkaylaaa",followers_1.json,/Users/kriskleva/Documents/ModernDayCircusManager/instagram-moderndaycircus-2026-03-09-mDWWVNXF/connections/followers_and_following/followers_1.json
followers_1.json-0.4800854709782618,post,2026-02-15T05:00:07.000Z,"lord_proverbs_illmaticscream","","identity","lord_proverbs_illmaticscream",followers_1.json,/Users/kriskleva/Documents/ModernDayCircusManager/instagram-moderndaycircus-2026-03-09-mDWWVNXF/connections/followers_and_following/followers_1.json
followers_1.json-0.3720480118462788,post,2026-02-15T04:40:52.000Z,"dollhousexbeauty","","identity","dollhousexbeauty",followers_1.json,/Users/kriskleva/Documents/ModernDayCircusManager/instagram-moderndaycircus-2026-03-09-mDWWVNXF/connections/followers_and_following/followers_1.json
followers_1.json-0.645912707090158,post,2026-02-15T03:51:40.000Z,"jquenow","","identity","jquenow",followers_1.json,/Users/kriskleva/Documents/ModernDayCircusManager/instagram-moderndaycircus-2026-03-09-mDWWVNXF/connections/followers_and_following/followers_1.json
followers_1.json-0.14142762046120416,post,2026-02-13T02:24:43.000Z,"amyleeame","","identity","amyleeame",followers_1.json,/Users/kriskleva/Documents/ModernDayCircusManager/instagram-moderndaycircus-2026-03-09-mDWWVNXF/connections/followers_and_following/followers_1.json
followers_1.json-0.5929119692432618,post,2026-02-11T15:26:49.000Z,"zagon_beauty","","identity","zagon_beauty",followers_1.json,/Users/kriskleva/Documents/ModernDayCircusManager/instagram-moderndaycircus-2026-03-09-mDWWVNXF/connections/followers_and_following/followers_1.json
followers_1.json-0.6367571433062296,post,2026-02-10T00:39:35.000Z,"garr.ise","","identity","garr.ise",followers_1.json,/Users/kriskleva/Documents/ModernDayCircusManager/instagram-moderndaycircus-2026-03-09-mDWWVNXF/connections/followers_and_following/followers_1.json
followers_1.json-0.25916474618694463,post,2026-02-01T22:01:05.000Z,"sacredfrequencies","","identity","sacredfrequencies",followers_1.json,/Users/kriskleva/Documents/ModernDayCircusManager/instagram-moderndaycircus-2026-03-09-mDWWVNXF/connections/followers_and_following/followers_1.json
followers_1.json-0.48257644232998054,post,2026-01-28T02:00:01.000Z,"luigiscarcelli_maine","","identity","luigiscarcelli_maine",followers_1.json,/Users/kriskleva/Documents/ModernDayCircusManager/instagram-moderndaycircus-2026-03-09-mDWWVNXF/connections/followers_and_following/followers_1.json
followers_1.json-0.6855804428060992,post,2026-01-25T15:02:24.000Z,"jacobsenraps","","identity","jacobsenraps",followers_1.json,/Users/kriskleva/Documents/ModernDayCircusManager/instagram-moderndaycircus-2026-03-09-mDWWVNXF/connections/followers_and_following/followers_1.json
followers_1.json-0.5222039602946364,post,2026-01-23T01:39:41.000Z,"gaycow420","","identity","gaycow420",followers_1.json,/Users/kriskleva/Documents/ModernDayCircusManager/instagram-moderndaycircus-2026-03-09-mDWWVNXF/connections/followers_and_following/followers_1.json
followers_1.json-0.7166903751568405,post,2026-01-20T00:26:52.000Z,"halfwokewook","","identity","halfwokewook",followers_1.json,/Users/kriskleva/Documents/ModernDayCircusManager/instagram-moderndaycircus-2026-03-09-mDWWVNXF/connections/followers_and_following/followers_1.json
followers_1.json-0.379436055177482,post,2026-01-16T01:24:15.000Z,"portcitymodels","","identity","portcitymodels",followers_1.json,/Users/kriskleva/Documents/ModernDayCircusManager/instagram-moderndaycircus-2026-03-09-mDWWVNXF/connections/followers_and_following/followers_1.json
followers_1.json-0.911055355975313,post,2026-01-13T22:58:14.000Z,"activebeergeek","","identity","activebeergeek",followers_1.json,/Users/kriskleva/Documents/ModernDayCircusManager/instagram-moderndaycircus-2026-03-09-mDWWVNXF/connections/followers_and_following/followers_1.json
followers_1.json-0.5098152210035847,post,2026-01-12T22:55:49.000Z,"lovelightlexixo","","identity","lovelightlexixo",followers_1.json,/Users/kriskleva/Documents/ModernDayCircusManager/instagram-moderndaycircus-2026-03-09-mDWWVNXF/connections/followers_and_following/followers_1.json
followers_1.json-0.2656668646871465,post,2026-01-10T19:03:34.000Z,"simmons_parrilla","","identity","simmons_parrilla",followers_1.json,/Users/kriskleva/Documents/ModernDayCircusManager/instagram-moderndaycircus-2026-03-09-mDWWVNXF/connections/followers_and_following/followers_1.json
followers_1.json-0.27421540054528815,post,2026-01-07T05:34:26.000Z,"pmcwatch","","identity","pmcwatch",followers_1.json,/Users/kriskleva/Documents/ModernDayCircusManager/instagram-moderndaycircus-2026-03-09-mDWWVNXF/connections/followers_and_following/followers_1.json
followers_1.json-0.5282067679960061,post,2026-01-06T02:49:42.000Z,"funny_clipsdaily_","","identity","funny_clipsdaily_",followers_1.json,/Users/kriskleva/Documents/ModernDayCircusManager/instagram-moderndaycircus-2026-03-09-mDWWVNXF/connections/followers_and_following/followers_1.json
followers_1.json-0.20197319367178523,post,2026-01-05T22:36:40.000Z,"dystortland","","identity","dystortland",followers_1.json,/Users/kriskleva/Documents/ModernDayCircusManager/instagram-moderndaycircus-2026-03-09-mDWWVNXF/connections/followers_and_following/followers_1.json
followers_1.json-0.401969173186707,post,2026-01-05T19:46:15.000Z,"raindropoffical","","identity","raindropoffical",followers_1.json,/Users/kriskleva/Documents/ModernDayCircusManager/instagram-moderndaycircus-2026-03-09-mDWWVNXF/connections/followers_and_following/followers_1.json
followers_1.json-0.05371443581657509,post,2026-01-05T14:59:05.000Z,"d.belk3","","identity","d.belk3",followers_1.json,/Users/kriskleva/Documents/ModernDayCircusManager/instagram-moderndaycircus-2026-03-09-mDWWVNXF/connections/followers_and_following/followers_1.json
followers_1.json-0.5214900889680176,post,2026-01-03T16:13:13.000Z,"meggsovereasy_","","identity","meggsovereasy_",followers_1.json,/Users/kriskleva/Documents/ModernDayCircusManager/instagram-moderndaycircus-2026-03-09-mDWWVNXF/connections/followers_and_following/followers_1.json
followers_1.json-0.9234687556314869,post,2026-01-03T02:13:14.000Z,"bobbiel27","","identity","bobbiel27",followers_1.json,/Users/kriskleva/Documents/ModernDayCircusManager/instagram-moderndaycircus-2026-03-09-mDWWVNXF/connections/followers_and_following/followers_1.json
followers_1.json-0.5936137429071673,post,2026-01-01T01:51:43.000Z,"portlandextrovert","","identity","portlandextrovert",followers_1.json,/Users/kriskleva/Documents/ModernDayCircusManager/instagram-moderndaycircus-2026-03-09-mDWWVNXF/connections/followers_and_following/followers_1.json
followers_1.json-0.0527163105463031,post,2025-12-31T19:16:26.000Z,"ai_botix","","identity","ai_botix",followers_1.json,/Users/kriskleva/Documents/ModernDayCircusManager/instagram-moderndaycircus-2026-03-09-mDWWVNXF/connections/followers_and_following/followers_1.json
followers_1.json-0.47291599381521765,post,2025-12-31T03:25:47.000Z,"maineblackcappedchickadee","","identity","maineblackcappedchickadee",followers_1.json,/Users/kriskleva/Documents/ModernDayCircusManager/instagram-moderndaycircus-2026-03-09-mDWWVNXF/connections/followers_and_following/followers_1.json
followers_1.json-0.06568198127098257,post,2025-12-29T15:39:36.000Z,"jointhearme","","identity","jointhearme",followers_1.json,/Users/kriskleva/Documents/ModernDayCircusManager/instagram-moderndaycircus-2026-03-09-mDWWVNXF/connections/followers_and_following/followers_1.json
followers_1.json-0.4114072325469771,post,2025-12-28T18:03:29.000Z,"mrskateschmidt","","identity","mrskateschmidt",followers_1.json,/Users/kriskleva/Documents/ModernDayCircusManager/instagram-moderndaycircus-2026-03-09-mDWWVNXF/connections/followers_and_following/followers_1.json
followers_1.json-0.9604235349090191,post,2025-12-25T23:09:22.000Z,"vibeauramasterhealer","","identity","vibeauramasterhealer",followers_1.json,/Users/kriskleva/Documents/ModernDayCircusManager/instagram-moderndaycircus-2026-03-09-mDWWVNXF/connections/followers_and_following/followers_1.json
followers_1.json-0.1848171594898389,post,2025-12-25T16:41:14.000Z,"timboslice6689","","identity","timboslice6689",followers_1.json,/Users/kriskleva/Documents/ModernDayCircusManager/instagram-moderndaycircus-2026-03-09-mDWWVNXF/connections/followers_and_following/followers_1.json
followers_1.json-0.4136857629807644,post,2025-12-24T15:34:25.000Z,"lada.lush","","identity","lada.lush",followers_1.json,/Users/kriskleva/Documents/ModernDayCircusManager/instagram-moderndaycircus-2026-03-09-mDWWVNXF/connections/followers_and_following/followers_1.json
followers_1.json-0.18308119867499473,post,2025-12-24T09:18:27.000Z,"luigi_scarcelli_official_","","identity","luigi_scarcelli_official_",followers_1.json,/Users/kriskleva/Documents/ModernDayCircusManager/instagram-moderndaycircus-2026-03-09-mDWWVNXF/connections/followers_and_following/followers_1.json
followers_1.json-0.11997930405768331,post,2025-12-24T05:45:50.000Z,"taylordesignsolutions","","identity","taylordesignsolutions",followers_1.json,/Users/kriskleva/Documents/ModernDayCircusManager/instagram-moderndaycircus-2026-03-09-mDWWVNXF/connections/followers_and_following/followers_1.json
followers_1.json-0.9611029356643843,post,2025-12-23T20:42:09.000Z,"senecaraymond","","identity","senecaraymond",followers_1.json,/Users/kriskleva/Documents/ModernDayCircusManager/instagram-moderndaycircus-2026-03-09-mDWWVNXF/connections/followers_and_following/followers_1.json
followers_1.json-0.09089255331661139,post,2025-12-17T20:58:55.000Z,"erkakane","","identity","erkakane",followers_1.json,/Users/kriskleva/Documents/ModernDayCircusManager/instagram-moderndaycircus-2026-03-09-mDWWVNXF/connections/followers_and_following/followers_1.json
followers_1.json-0.7058334751047572,post,2025-12-17T12:14:40.000Z,"thaushalter","","identity","thaushalter",followers_1.json,/Users/kriskleva/Documents/ModernDayCircusManager/instagram-moderndaycircus-2026-03-09-mDWWVNXF/connections/followers_and_following/followers_1.json
followers_1.json-0.9636540810013383,post,2025-12-14T15:38:39.000Z,"kenyahallmusic","","identity","kenyahallmusic",followers_1.json,/Users/kriskleva/Documents/ModernDayCircusManager/instagram-moderndaycircus-2026-03-09-mDWWVNXF/connections/followers_and_following/followers_1.json
followers_1.json-0.8694701923926687,post,2025-12-14T14:40:44.000Z,"ms.desi.popins","","identity","ms.desi.popins",followers_1.json,/Users/kriskleva/Documents/ModernDayCircusManager/instagram-moderndaycircus-2026-03-09-mDWWVNXF/connections/followers_and_following/followers_1.json
followers_1.json-0.5563131153122425,post,2025-12-12T19:10:28.000Z,"womenwhoneeddonuts","","identity","womenwhoneeddonuts",followers_1.json,/Users/kriskleva/Documents/ModernDayCircusManager/instagram-moderndaycircus-2026-03-09-mDWWVNXF/connections/followers_and_following/followers_1.json
followers_1.json-0.5987910971551267,post,2025-12-11T12:52:29.000Z,"eatsandtinyfeats","","identity","eatsandtinyfeats",followers_1.json,/Users/kriskleva/Documents/ModernDayCircusManager/instagram-moderndaycircus-2026-03-09-mDWWVNXF/connections/followers_and_following/followers_1.json
followers_1.json-0.04263116967201985,post,2025-12-11T03:57:34.000Z,"joe_cyr_audio","","identity","joe_cyr_audio",followers_1.json,/Users/kriskleva/Documents/ModernDayCircusManager/instagram-moderndaycircus-2026-03-09-mDWWVNXF/connections/followers_and_following/followers_1.json
followers_1.json-0.29893562735407975,post,2025-12-11T01:39:19.000Z,"13_scotland_rd","","identity","13_scotland_rd",followers_1.json,/Users/kriskleva/Documents/ModernDayCircusManager/instagram-moderndaycircus-2026-03-09-mDWWVNXF/connections/followers_and_following/followers_1.json
followers_1.json-0.35991956028278205,post,2025-12-10T16:33:48.000Z,"maineafroyoga","","identity","maineafroyoga",followers_1.json,/Users/kriskleva/Documents/ModernDayCircusManager/instagram-moderndaycircus-2026-03-09-mDWWVNXF/connections/followers_and_following/followers_1.json
followers_1.json-0.9269932498789195,post,2025-12-10T11:49:48.000Z,"ondi_marketing_consultancy","","identity","ondi_marketing_consultancy",followers_1.json,/Users/kriskleva/Documents/ModernDayCircusManager/instagram-moderndaycircus-2026-03-09-mDWWVNXF/connections/followers_and_following/followers_1.json
followers_1.json-0.8861788900978516,post,2025-12-09T14:04:28.000Z,"kostajohnson","","identity","kostajohnson",followers_1.json,/Users/kriskleva/Documents/ModernDayCircusManager/instagram-moderndaycircus-2026-03-09-mDWWVNXF/connections/followers_and_following/followers_1.json
followers_1.json-0.9389005898415044,post,2025-12-09T02:46:19.000Z,"joe.thedj","","identity","joe.thedj",followers_1.json,/Users/kriskleva/Documents/ModernDayCircusManager/instagram-moderndaycircus-2026-03-09-mDWWVNXF/connections/followers_and_following/followers_1.json
followers_1.json-0.17291691841653534,post,2025-12-09T00:42:14.000Z,"mksullivan90","","identity","mksullivan90",followers_1.json,/Users/kriskleva/Documents/ModernDayCircusManager/instagram-moderndaycircus-2026-03-09-mDWWVNXF/connections/followers_and_following/followers_1.json
followers_1.json-0.7616832400131253,post,2025-12-08T23:37:46.000Z,"xomboymusic","","identity","xomboymusic",followers_1.json,/Users/kriskleva/Documents/ModernDayCircusManager/instagram-moderndaycircus-2026-03-09-mDWWVNXF/connections/followers_and_following/followers_1.json
followers_1.json-0.8009181188852736,post,2025-12-08T21:35:24.000Z,"theoffical_jdubs","","identity","theoffical_jdubs",followers_1.json,/Users/kriskleva/Documents/ModernDayCircusManager/instagram-moderndaycircus-2026-03-09-mDWWVNXF/connections/followers_and_following/followers_1.json
followers_1.json-0.32669119366502053,post,2025-12-08T01:21:35.000Z,"corrieblueeyes","","identity","corrieblueeyes",followers_1.json,/Users/kriskleva/Documents/ModernDayCircusManager/instagram-moderndaycircus-2026-03-09-mDWWVNXF/connections/followers_and_following/followers_1.json
followers_1.json-0.20752914787248433,post,2025-12-07T20:18:31.000Z,"bubbaxgordon","","identity","bubbaxgordon",followers_1.json,/Users/kriskleva/Documents/ModernDayCircusManager/instagram-moderndaycircus-2026-03-09-mDWWVNXF/connections/followers_and_following/followers_1.json
followers_1.json-0.6428892324165156,post,2025-12-01T16:38:54.000Z,"portlandmediacenter","","identity","portlandmediacenter",followers_1.json,/Users/kriskleva/Documents/ModernDayCircusManager/instagram-moderndaycircus-2026-03-09-mDWWVNXF/connections/followers_and_following/followers_1.json
followers_1.json-0.3344255407144179,post,2025-11-30T22:12:09.000Z,"szlk.lhl","","identity","szlk.lhl",followers_1.json,/Users/kriskleva/Documents/ModernDayCircusManager/instagram-moderndaycircus-2026-03-09-mDWWVNXF/connections/followers_and_following/followers_1.json
followers_1.json-0.7992221403712909,post,2025-11-22T20:40:37.000Z,"noahelamor","","identity","noahelamor",followers_1.json,/Users/kriskleva/Documents/ModernDayCircusManager/instagram-moderndaycircus-2026-03-09-mDWWVNXF/connections/followers_and_following/followers_1.json
followers_1.json-0.8947543483444187,post,2025-11-22T17:35:48.000Z,"ravarisage","","identity","ravarisage",followers_1.json,/Users/kriskleva/Documents/ModernDayCircusManager/instagram-moderndaycircus-2026-03-09-mDWWVNXF/connections/followers_and_following/followers_1.json
followers_1.json-0.42148390526022395,post,2025-11-17T15:18:10.000Z,"j.m.syron","","identity","j.m.syron",followers_1.json,/Users/kriskleva/Documents/ModernDayCircusManager/instagram-moderndaycircus-2026-03-09-mDWWVNXF/connections/followers_and_following/followers_1.json
followers_1.json-0.006243176499310943,post,2025-11-17T00:17:58.000Z,"akwatford","","identity","akwatford",followers_1.json,/Users/kriskleva/Documents/ModernDayCircusManager/instagram-moderndaycircus-2026-03-09-mDWWVNXF/connections/followers_and_following/followers_1.json
followers_1.json-0.5529999620888149,post,2025-11-14T01:20:36.000Z,"thesquareportland","","identity","thesquareportland",followers_1.json,/Users/kriskleva/Documents/ModernDayCircusManager/instagram-moderndaycircus-2026-03-09-mDWWVNXF/connections/followers_and_following/followers_1.json
followers_1.json-0.9512880442482159,post,2025-11-11T14:42:14.000Z,"iamnelfuoco","","identity","iamnelfuoco",followers_1.json,/Users/kriskleva/Documents/ModernDayCircusManager/instagram-moderndaycircus-2026-03-09-mDWWVNXF/connections/followers_and_following/followers_1.json
followers_1.json-0.9217915041013154,post,2025-11-08T00:44:24.000Z,"lucasroy","","identity","lucasroy",followers_1.json,/Users/kriskleva/Documents/ModernDayCircusManager/instagram-moderndaycircus-2026-03-09-mDWWVNXF/connections/followers_and_following/followers_1.json
followers_1.json-0.024065627869716666,post,2025-11-07T21:53:58.000Z,"weared3vine","","identity","weared3vine",followers_1.json,/Users/kriskleva/Documents/ModernDayCircusManager/instagram-moderndaycircus-2026-03-09-mDWWVNXF/connections/followers_and_following/followers_1.json
followers_1.json-0.20011518844947496,post,2025-11-07T20:56:01.000Z,"kelseyodellart","","identity","kelseyodellart",followers_1.json,/Users/kriskleva/Documents/ModernDayCircusManager/instagram-moderndaycircus-2026-03-09-mDWWVNXF/connections/followers_and_following/followers_1.json
followers_1.json-0.08561708078297592,post,2025-11-07T19:16:27.000Z,"soyeteis","","identity","soyeteis",followers_1.json,/Users/kriskleva/Documents/ModernDayCircusManager/instagram-moderndaycircus-2026-03-09-mDWWVNXF/connections/followers_and_following/followers_1.json
followers_1.json-0.8447458737372202,post,2025-11-06T14:57:24.000Z,"briana_may93","","identity","briana_may93",followers_1.json,/Users/kriskleva/Documents/ModernDayCircusManager/instagram-moderndaycircus-2026-03-09-mDWWVNXF/connections/followers_and_following/followers_1.json
followers_1.json-0.7002102727617485,post,2025-10-26T11:43:56.000Z,"chicabonitaylatina","","identity","chicabonitaylatina",followers_1.json,/Users/kriskleva/Documents/ModernDayCircusManager/instagram-moderndaycircus-2026-03-09-mDWWVNXF/connections/followers_and_following/followers_1.json
followers_1.json-0.41296815999115677,post,2025-10-22T04:18:18.000Z,"whitneywalkermusic","","identity","whitneywalkermusic",followers_1.json,/Users/kriskleva/Documents/ModernDayCircusManager/instagram-moderndaycircus-2026-03-09-mDWWVNXF/connections/followers_and_following/followers_1.json
followers_1.json-0.7687136075450498,post,2025-10-17T17:13:34.000Z,"natepstyle","","identity","natepstyle",followers_1.json,/Users/kriskleva/Documents/ModernDayCircusManager/instagram-moderndaycircus-2026-03-09-mDWWVNXF/connections/followers_and_following/followers_1.json
followers_1.json-0.9388220743945797,post,2025-10-10T19:49:59.000Z,"a_shuggs","","identity","a_shuggs",followers_1.json,/Users/kriskleva/Documents/ModernDayCircusManager/instagram-moderndaycircus-2026-03-09-mDWWVNXF/connections/followers_and_following/followers_1.json
followers_1.json-0.3582816641511226,post,2025-10-06T20:03:46.000Z,"wedgar1","","identity","wedgar1",followers_1.json,/Users/kriskleva/Documents/ModernDayCircusManager/instagram-moderndaycircus-2026-03-09-mDWWVNXF/connections/followers_and_following/followers_1.json
followers_1.json-0.2626399885975155,post,2025-10-06T15:23:41.000Z,"crossculturalcommunityservices","","identity","crossculturalcommunityservices",followers_1.json,/Users/kriskleva/Documents/ModernDayCircusManager/instagram-moderndaycircus-2026-03-09-mDWWVNXF/connections/followers_and_following/followers_1.json
followers_1.json-0.8155239560913314,post,2025-08-14T02:02:43.000Z,"f45_training_starlanddistrict","","identity","f45_training_starlanddistrict",followers_1.json,/Users/kriskleva/Documents/ModernDayCircusManager/instagram-moderndaycircus-2026-03-09-mDWWVNXF/connections/followers_and_following/followers_1.json
followers_1.json-0.7640312092511803,post,2025-08-11T05:13:58.000Z,"beatsbykong","","identity","beatsbykong",followers_1.json,/Users/kriskleva/Documents/ModernDayCircusManager/instagram-moderndaycircus-2026-03-09-mDWWVNXF/connections/followers_and_following/followers_1.json
followers_1.json-0.44536797763801705,post,2025-08-08T00:40:49.000Z,"level.mushrooms","","identity","level.mushrooms",followers_1.json,/Users/kriskleva/Documents/ModernDayCircusManager/instagram-moderndaycircus-2026-03-09-mDWWVNXF/connections/followers_and_following/followers_1.json
followers_1.json-0.9933368339536923,post,2025-08-03T01:55:28.000Z,"maryklevaaudette","","identity","maryklevaaudette",followers_1.json,/Users/kriskleva/Documents/ModernDayCircusManager/instagram-moderndaycircus-2026-03-09-mDWWVNXF/connections/followers_and_following/followers_1.json
followers_1.json-0.4862043784220704,post,2025-07-23T17:09:06.000Z,"wmpgscience","","identity","wmpgscience",followers_1.json,/Users/kriskleva/Documents/ModernDayCircusManager/instagram-moderndaycircus-2026-03-09-mDWWVNXF/connections/followers_and_following/followers_1.json
followers_1.json-0.5669995635290828,post,2025-07-23T16:36:16.000Z,"1wildsteph","","identity","1wildsteph",followers_1.json,/Users/kriskleva/Documents/ModernDayCircusManager/instagram-moderndaycircus-2026-03-09-mDWWVNXF/connections/followers_and_following/followers_1.json
followers_1.json-0.7593115787954692,post,2025-07-13T01:00:25.000Z,"sjmonaco","","identity","sjmonaco",followers_1.json,/Users/kriskleva/Documents/ModernDayCircusManager/instagram-moderndaycircus-2026-03-09-mDWWVNXF/connections/followers_and_following/followers_1.json
followers_1.json-0.702222094172883,post,2025-07-03T21:19:21.000Z,"the_unfiltered_path","","identity","the_unfiltered_path",followers_1.json,/Users/kriskleva/Documents/ModernDayCircusManager/instagram-moderndaycircus-2026-03-09-mDWWVNXF/connections/followers_and_following/followers_1.json
followers_1.json-0.49152327163515586,post,2025-06-23T21:45:29.000Z,"elainahubble","","identity","elainahubble",followers_1.json,/Users/kriskleva/Documents/ModernDayCircusManager/instagram-moderndaycircus-2026-03-09-mDWWVNXF/connections/followers_and_following/followers_1.json
followers_1.json-0.3749424898650766,post,2025-06-20T23:16:40.000Z,"metalmuseaf","","identity","metalmuseaf",followers_1.json,/Users/kriskleva/Documents/ModernDayCircusManager/instagram-moderndaycircus-2026-03-09-mDWWVNXF/connections/followers_and_following/followers_1.json
followers_1.json-0.8581467836771977,post,2025-06-18T15:56:29.000Z,"shayfantasia","","identity","shayfantasia",followers_1.json,/Users/kriskleva/Documents/ModernDayCircusManager/instagram-moderndaycircus-2026-03-09-mDWWVNXF/connections/followers_and_following/followers_1.json
followers_1.json-0.09325213150560718,post,2025-06-18T13:06:56.000Z,"dani3lle13","","identity","dani3lle13",followers_1.json,/Users/kriskleva/Documents/ModernDayCircusManager/instagram-moderndaycircus-2026-03-09-mDWWVNXF/connections/followers_and_following/followers_1.json
followers_1.json-0.42541678277602313,post,2025-06-18T11:37:45.000Z,"mermaidfromthemediterranean","","identity","mermaidfromthemediterranean",followers_1.json,/Users/kriskleva/Documents/ModernDayCircusManager/instagram-moderndaycircus-2026-03-09-mDWWVNXF/connections/followers_and_following/followers_1.json
followers_1.json-0.6636776713743888,post,2025-06-11T23:58:27.000Z,"wmpgfm","","identity","wmpgfm",followers_1.json,/Users/kriskleva/Documents/ModernDayCircusManager/instagram-moderndaycircus-2026-03-09-mDWWVNXF/connections/followers_and_following/followers_1.json
followers_1.json-0.3466176528988245,post,2025-06-11T20:26:35.000Z,"galeforced","","identity","galeforced",followers_1.json,/Users/kriskleva/Documents/ModernDayCircusManager/instagram-moderndaycircus-2026-03-09-mDWWVNXF/connections/followers_and_following/followers_1.json
followers_1.json-0.2529799573205427,post,2025-06-11T16:27:36.000Z,"the.eyeofkai","","identity","the.eyeofkai",followers_1.json,/Users/kriskleva/Documents/ModernDayCircusManager/instagram-moderndaycircus-2026-03-09-mDWWVNXF/connections/followers_and_following/followers_1.json
followers_1.json-0.038258560794874885,post,2025-06-07T00:33:47.000Z,"magic_flower_emporium","","identity","magic_flower_emporium",followers_1.json,/Users/kriskleva/Documents/ModernDayCircusManager/instagram-moderndaycircus-2026-03-09-mDWWVNXF/connections/followers_and_following/followers_1.json
followers_1.json-0.9058880428210088,post,2025-06-06T11:26:29.000Z,"aquariusfunkk","","identity","aquariusfunkk",followers_1.json,/Users/kriskleva/Documents/ModernDayCircusManager/instagram-moderndaycircus-2026-03-09-mDWWVNXF/connections/followers_and_following/followers_1.json
followers_1.json-0.04491411399088174,post,2025-06-05T10:43:08.000Z,"gethidef207","","identity","gethidef207",followers_1.json,/Users/kriskleva/Documents/ModernDayCircusManager/instagram-moderndaycircus-2026-03-09-mDWWVNXF/connections/followers_and_following/followers_1.json
followers_1.json-0.11234580741072775,post,2025-06-04T17:33:12.000Z,"aggie2345","","identity","aggie2345",followers_1.json,/Users/kriskleva/Documents/ModernDayCircusManager/instagram-moderndaycircus-2026-03-09-mDWWVNXF/connections/followers_and_following/followers_1.json
followers_1.json-0.8485458858914001,post,2025-06-04T17:26:34.000Z,"amelia.aglow","","identity","amelia.aglow",followers_1.json,/Users/kriskleva/Documents/ModernDayCircusManager/instagram-moderndaycircus-2026-03-09-mDWWVNXF/connections/followers_and_following/followers_1.json
followers_1.json-0.10712514751517,post,2025-05-31T22:05:04.000Z,"aili_smith_","","identity","aili_smith_",followers_1.json,/Users/kriskleva/Documents/ModernDayCircusManager/instagram-moderndaycircus-2026-03-09-mDWWVNXF/connections/followers_and_following/followers_1.json
followers_1.json-0.5971972172688689,post,2025-05-25T13:37:06.000Z,"brookereed37","","identity","brookereed37",followers_1.json,/Users/kriskleva/Documents/ModernDayCircusManager/instagram-moderndaycircus-2026-03-09-mDWWVNXF/connections/followers_and_following/followers_1.json
followers_1.json-0.09468801118850823,post,2025-05-23T15:44:04.000Z,"fridaypm_maine","","identity","fridaypm_maine",followers_1.json,/Users/kriskleva/Documents/ModernDayCircusManager/instagram-moderndaycircus-2026-03-09-mDWWVNXF/connections/followers_and_following/followers_1.json
followers_1.json-0.59438050955488,post,2025-05-20T17:41:45.000Z,"mushbus","","identity","mushbus",followers_1.json,/Users/kriskleva/Documents/ModernDayCircusManager/instagram-moderndaycircus-2026-03-09-mDWWVNXF/connections/followers_and_following/followers_1.json
followers_1.json-0.386109696141822,post,2025-05-16T00:16:21.000Z,"kryscarriere","","identity","kryscarriere",followers_1.json,/Users/kriskleva/Documents/ModernDayCircusManager/instagram-moderndaycircus-2026-03-09-mDWWVNXF/connections/followers_and_following/followers_1.json
followers_1.json-0.9912930760553464,post,2025-05-14T18:20:47.000Z,"chrisbrown33_45","","identity","chrisbrown33_45",followers_1.json,/Users/kriskleva/Documents/ModernDayCircusManager/instagram-moderndaycircus-2026-03-09-mDWWVNXF/connections/followers_and_following/followers_1.json
followers_1.json-0.9838626853949441,post,2025-05-13T21:43:07.000Z,"that_homiej","","identity","that_homiej",followers_1.json,/Users/kriskleva/Documents/ModernDayCircusManager/instagram-moderndaycircus-2026-03-09-mDWWVNXF/connections/followers_and_following/followers_1.json
followers_1.json-0.7186003559859029,post,2025-05-13T21:43:05.000Z,"noiinwe","","identity","noiinwe",followers_1.json,/Users/kriskleva/Documents/ModernDayCircusManager/instagram-moderndaycircus-2026-03-09-mDWWVNXF/connections/followers_and_following/followers_1.json
followers_1.json-0.9458990982057778,post,2025-05-10T07:35:25.000Z,"hushharding","","identity","hushharding",followers_1.json,/Users/kriskleva/Documents/ModernDayCircusManager/instagram-moderndaycircus-2026-03-09-mDWWVNXF/connections/followers_and_following/followers_1.json
followers_1.json-0.39109279299517063,post,2025-05-09T20:22:35.000Z,"eir.integrative","","identity","eir.integrative",followers_1.json,/Users/kriskleva/Documents/ModernDayCircusManager/instagram-moderndaycircus-2026-03-09-mDWWVNXF/connections/followers_and_following/followers_1.json
followers_1.json-0.3952909647657339,post,2025-05-08T20:26:28.000Z,"og_pbr","","identity","og_pbr",followers_1.json,/Users/kriskleva/Documents/ModernDayCircusManager/instagram-moderndaycircus-2026-03-09-mDWWVNXF/connections/followers_and_following/followers_1.json
followers_1.json-0.8068887962711151,post,2025-05-08T00:33:40.000Z,"smokinadventures420","","identity","smokinadventures420",followers_1.json,/Users/kriskleva/Documents/ModernDayCircusManager/instagram-moderndaycircus-2026-03-09-mDWWVNXF/connections/followers_and_following/followers_1.json
followers_1.json-0.6866498014016398,post,2025-05-07T11:10:22.000Z,"thinkfishtank","","identity","thinkfishtank",followers_1.json,/Users/kriskleva/Documents/ModernDayCircusManager/instagram-moderndaycircus-2026-03-09-mDWWVNXF/connections/followers_and_following/followers_1.json
followers_1.json-0.4906710703845145,post,2025-05-05T14:27:18.000Z,"theformlab","","identity","theformlab",followers_1.json,/Users/kriskleva/Documents/ModernDayCircusManager/instagram-moderndaycircus-2026-03-09-mDWWVNXF/connections/followers_and_following/followers_1.json
followers_1.json-0.3887933337626943,post,2025-05-04T12:48:49.000Z,"a_modern_anthem","","identity","a_modern_anthem",followers_1.json,/Users/kriskleva/Documents/ModernDayCircusManager/instagram-moderndaycircus-2026-03-09-mDWWVNXF/connections/followers_and_following/followers_1.json
followers_1.json-0.03212607937540235,post,2025-05-03T18:38:37.000Z,"moon_lit_mary","","identity","moon_lit_mary",followers_1.json,/Users/kriskleva/Documents/ModernDayCircusManager/instagram-moderndaycircus-2026-03-09-mDWWVNXF/connections/followers_and_following/followers_1.json
followers_1.json-0.2918001567263675,post,2025-05-03T15:34:56.000Z,"ravi_chandra_tattoos","","identity","ravi_chandra_tattoos",followers_1.json,/Users/kriskleva/Documents/ModernDayCircusManager/instagram-moderndaycircus-2026-03-09-mDWWVNXF/connections/followers_and_following/followers_1.json
followers_1.json-0.2777411963619243,post,2025-05-03T12:46:18.000Z,"halseylaiz","","identity","halseylaiz",followers_1.json,/Users/kriskleva/Documents/ModernDayCircusManager/instagram-moderndaycircus-2026-03-09-mDWWVNXF/connections/followers_and_following/followers_1.json
followers_1.json-0.6124486408081087,post,2025-04-29T16:49:05.000Z,"joe.dufunk","","identity","joe.dufunk",followers_1.json,/Users/kriskleva/Documents/ModernDayCircusManager/instagram-moderndaycircus-2026-03-09-mDWWVNXF/connections/followers_and_following/followers_1.json
followers_1.json-0.9955973797704492,post,2025-04-27T19:52:06.000Z,"iamsmxke","","identity","iamsmxke",followers_1.json,/Users/kriskleva/Documents/ModernDayCircusManager/instagram-moderndaycircus-2026-03-09-mDWWVNXF/connections/followers_and_following/followers_1.json
followers_1.json-0.7770027690558057,post,2025-04-27T15:11:37.000Z,"cunningcorey","","identity","cunningcorey",followers_1.json,/Users/kriskleva/Documents/ModernDayCircusManager/instagram-moderndaycircus-2026-03-09-mDWWVNXF/connections/followers_and_following/followers_1.json
followers_1.json-0.13992370473858595,post,2025-04-27T00:55:27.000Z,"jackenergyzone","","identity","jackenergyzone",followers_1.json,/Users/kriskleva/Documents/ModernDayCircusManager/instagram-moderndaycircus-2026-03-09-mDWWVNXF/connections/followers_and_following/followers_1.json
followers_1.json-0.8274867790422853,post,2025-04-23T16:33:53.000Z,"theholyfo.ol","","identity","theholyfo.ol",followers_1.json,/Users/kriskleva/Documents/ModernDayCircusManager/instagram-moderndaycircus-2026-03-09-mDWWVNXF/connections/followers_and_following/followers_1.json
followers_1.json-0.8345562394845567,post,2025-04-19T13:36:34.000Z,"churchofourearth","","identity","churchofourearth",followers_1.json,/Users/kriskleva/Documents/ModernDayCircusManager/instagram-moderndaycircus-2026-03-09-mDWWVNXF/connections/followers_and_following/followers_1.json
followers_1.json-0.6722511846673063,post,2025-04-14T22:10:32.000Z,"f45_training_brunswick_me","","identity","f45_training_brunswick_me",followers_1.json,/Users/kriskleva/Documents/ModernDayCircusManager/instagram-moderndaycircus-2026-03-09-mDWWVNXF/connections/followers_and_following/followers_1.json
followers_1.json-0.5983368011974914,post,2025-04-12T18:37:11.000Z,"threechordcabinnh","","identity","threechordcabinnh",followers_1.json,/Users/kriskleva/Documents/ModernDayCircusManager/instagram-moderndaycircus-2026-03-09-mDWWVNXF/connections/followers_and_following/followers_1.json
followers_1.json-0.6350550165640456,post,2025-04-07T15:03:33.000Z,"almajunecats","","identity","almajunecats",followers_1.json,/Users/kriskleva/Documents/ModernDayCircusManager/instagram-moderndaycircus-2026-03-09-mDWWVNXF/connections/followers_and_following/followers_1.json
followers_1.json-0.42650226809419456,post,2025-04-01T15:44:19.000Z,"papatim_stagram","","identity","papatim_stagram",followers_1.json,/Users/kriskleva/Documents/ModernDayCircusManager/instagram-moderndaycircus-2026-03-09-mDWWVNXF/connections/followers_and_following/followers_1.json
followers_1.json-0.27379280778877524,post,2025-03-30T12:42:10.000Z,"def_sauce","","identity","def_sauce",followers_1.json,/Users/kriskleva/Documents/ModernDayCircusManager/instagram-moderndaycircus-2026-03-09-mDWWVNXF/connections/followers_and_following/followers_1.json
followers_1.json-0.6729175483275129,post,2025-03-28T20:32:19.000Z,"britmartin","","identity","britmartin",followers_1.json,/Users/kriskleva/Documents/ModernDayCircusManager/instagram-moderndaycircus-2026-03-09-mDWWVNXF/connections/followers_and_following/followers_1.json
followers_1.json-0.5022156735692234,post,2025-03-28T00:52:08.000Z,"minjiajiandesign","","identity","minjiajiandesign",followers_1.json,/Users/kriskleva/Documents/ModernDayCircusManager/instagram-moderndaycircus-2026-03-09-mDWWVNXF/connections/followers_and_following/followers_1.json
followers_1.json-0.9323296260414939,post,2025-03-26T13:19:05.000Z,"myriadmama","","identity","myriadmama",followers_1.json,/Users/kriskleva/Documents/ModernDayCircusManager/instagram-moderndaycircus-2026-03-09-mDWWVNXF/connections/followers_and_following/followers_1.json
followers_1.json-0.35338308862165557,post,2025-03-15T16:54:53.000Z,"chelseamacdaddy","","identity","chelseamacdaddy",followers_1.json,/Users/kriskleva/Documents/ModernDayCircusManager/instagram-moderndaycircus-2026-03-09-mDWWVNXF/connections/followers_and_following/followers_1.json
followers_1.json-0.5026130920476672,post,2025-03-10T04:25:58.000Z,"beeleighxx","","identity","beeleighxx",followers_1.json,/Users/kriskleva/Documents/ModernDayCircusManager/instagram-moderndaycircus-2026-03-09-mDWWVNXF/connections/followers_and_following/followers_1.json
following.json-0.27638049242638685,post,2026-03-09T01:04:01.000Z,"Follow activity on Instagram","","identity","Follow activity on Instagram",following.json,/Users/kriskleva/Documents/ModernDayCircusManager/instagram-moderndaycircus-2026-03-09-mDWWVNXF/connections/followers_and_following/following.json
following.json-0.35052044680976224,post,2026-03-08T22:13:02.000Z,"Follow activity on Instagram","","identity","Follow activity on Instagram",following.json,/Users/kriskleva/Documents/ModernDayCircusManager/instagram-moderndaycircus-2026-03-09-mDWWVNXF/connections/followers_and_following/following.json
following.json-0.5494396182829642,post,2026-03-08T15:46:57.000Z,"Follow activity on Instagram","","identity","Follow activity on Instagram",following.json,/Users/kriskleva/Documents/ModernDayCircusManager/instagram-moderndaycircus-2026-03-09-mDWWVNXF/connections/followers_and_following/following.json
following.json-0.02789101851534115,post,2026-03-08T15:19:20.000Z,"Follow activity on Instagram","","identity","Follow activity on Instagram",following.json,/Users/kriskleva/Documents/ModernDayCircusManager/instagram-moderndaycircus-2026-03-09-mDWWVNXF/connections/followers_and_following/following.json
following.json-0.773430264766019,post,2026-03-08T03:03:13.000Z,"Follow activity on Instagram","","identity","Follow activity on Instagram",following.json,/Users/kriskleva/Documents/ModernDayCircusManager/instagram-moderndaycircus-2026-03-09-mDWWVNXF/connections/followers_and_following/following.json
following.json-0.013646096752309766,post,2026-03-07T22:20:32.000Z,"Follow activity on Instagram","","identity","Follow activity on Instagram",following.json,/Users/kriskleva/Documents/ModernDayCircusManager/instagram-moderndaycircus-2026-03-09-mDWWVNXF/connections/followers_and_following/following.json
following.json-0.9781730458637847,post,2026-03-07T03:00:02.000Z,"Follow activity on Instagram","","identity","Follow activity on Instagram",following.json,/Users/kriskleva/Documents/ModernDayCircusManager/instagram-moderndaycircus-2026-03-09-mDWWVNXF/connections/followers_and_following/following.json
following.json-0.5083360053648798,post,2026-03-06T18:52:58.000Z,"Follow activity on Instagram","","identity","Follow activity on Instagram",following.json,/Users/kriskleva/Documents/ModernDayCircusManager/instagram-moderndaycircus-2026-03-09-mDWWVNXF/connections/followers_and_following/following.json
following.json-0.2661439461698829,post,2026-03-06T15:31:14.000Z,"Follow activity on Instagram","","identity","Follow activity on Instagram",following.json,/Users/kriskleva/Documents/ModernDayCircusManager/instagram-moderndaycircus-2026-03-09-mDWWVNXF/connections/followers_and_following/following.json
following.json-0.4976581006315748,post,2026-03-06T15:29:56.000Z,"Follow activity on Instagram","","identity","Follow activity on Instagram",following.json,/Users/kriskleva/Documents/ModernDayCircusManager/instagram-moderndaycircus-2026-03-09-mDWWVNXF/connections/followers_and_following/following.json
following.json-0.7865821058402056,post,2026-03-06T12:50:11.000Z,"Follow activity on Instagram","","identity","Follow activity on Instagram",following.json,/Users/kriskleva/Documents/ModernDayCircusManager/instagram-moderndaycircus-2026-03-09-mDWWVNXF/connections/followers_and_following/following.json
following.json-0.5173062320491357,post,2026-03-06T12:40:30.000Z,"Follow activity on Instagram","","identity","Follow activity on Instagram",following.json,/Users/kriskleva/Documents/ModernDayCircusManager/instagram-moderndaycircus-2026-03-09-mDWWVNXF/connections/followers_and_following/following.json
following.json-0.46740868436496386,post,2026-03-06T12:16:03.000Z,"Follow activity on Instagram","","identity","Follow activity on Instagram",following.json,/Users/kriskleva/Documents/ModernDayCircusManager/instagram-moderndaycircus-2026-03-09-mDWWVNXF/connections/followers_and_following/following.json
following.json-0.1302046564293866,post,2026-03-06T11:58:24.000Z,"Follow activity on Instagram","","identity","Follow activity on Instagram",following.json,/Users/kriskleva/Documents/ModernDayCircusManager/instagram-moderndaycircus-2026-03-09-mDWWVNXF/connections/followers_and_following/following.json
following.json-0.1507505701932974,post,2026-03-05T12:00:44.000Z,"Follow activity on Instagram","","identity","Follow activity on Instagram",following.json,/Users/kriskleva/Documents/ModernDayCircusManager/instagram-moderndaycircus-2026-03-09-mDWWVNXF/connections/followers_and_following/following.json
following.json-0.6077109111073722,post,2026-03-05T12:00:44.000Z,"Follow activity on Instagram","","identity","Follow activity on Instagram",following.json,/Users/kriskleva/Documents/ModernDayCircusManager/instagram-moderndaycircus-2026-03-09-mDWWVNXF/connections/followers_and_following/following.json
following.json-0.47221717513094275,post,2026-03-04T12:55:14.000Z,"Follow activity on Instagram","","identity","Follow activity on Instagram",following.json,/Users/kriskleva/Documents/ModernDayCircusManager/instagram-moderndaycircus-2026-03-09-mDWWVNXF/connections/followers_and_following/following.json
following.json-0.9419922914090733,post,2026-03-04T12:20:58.000Z,"Follow activity on Instagram","","identity","Follow activity on Instagram",following.json,/Users/kriskleva/Documents/ModernDayCircusManager/instagram-moderndaycircus-2026-03-09-mDWWVNXF/connections/followers_and_following/following.json
following.json-0.39155327434446474,post,2026-03-04T12:20:55.000Z,"Follow activity on Instagram","","identity","Follow activity on Instagram",following.json,/Users/kriskleva/Documents/ModernDayCircusManager/instagram-moderndaycircus-2026-03-09-mDWWVNXF/connections/followers_and_following/following.json
following.json-0.834471136573611,post,2026-03-03T23:37:16.000Z,"Follow activity on Instagram","","identity","Follow activity on Instagram",following.json,/Users/kriskleva/Documents/ModernDayCircusManager/instagram-moderndaycircus-2026-03-09-mDWWVNXF/connections/followers_and_following/following.json
following.json-0.39035663860887904,post,2026-03-03T11:16:38.000Z,"Follow activity on Instagram","","identity","Follow activity on Instagram",following.json,/Users/kriskleva/Documents/ModernDayCircusManager/instagram-moderndaycircus-2026-03-09-mDWWVNXF/connections/followers_and_following/following.json
following.json-0.4004943151796825,post,2026-03-02T19:14:54.000Z,"Follow activity on Instagram","","identity","Follow activity on Instagram",following.json,/Users/kriskleva/Documents/ModernDayCircusManager/instagram-moderndaycircus-2026-03-09-mDWWVNXF/connections/followers_and_following/following.json
following.json-0.14404381883047468,post,2026-03-02T11:25:39.000Z,"Follow activity on Instagram","","identity","Follow activity on Instagram",following.json,/Users/kriskleva/Documents/ModernDayCircusManager/instagram-moderndaycircus-2026-03-09-mDWWVNXF/connections/followers_and_following/following.json
following.json-0.48171057981294507,post,2026-03-02T11:23:36.000Z,"Follow activity on Instagram","","identity","Follow activity on Instagram",following.json,/Users/kriskleva/Documents/ModernDayCircusManager/instagram-moderndaycircus-2026-03-09-mDWWVNXF/connections/followers_and_following/following.json
following.json-0.2609173196728547,post,2026-03-02T11:14:54.000Z,"Follow activity on Instagram","","identity","Follow activity on Instagram",following.json,/Users/kriskleva/Documents/ModernDayCircusManager/instagram-moderndaycircus-2026-03-09-mDWWVNXF/connections/followers_and_following/following.json
following.json-0.7746459244903392,post,2026-03-02T11:14:52.000Z,"Follow activity on Instagram","","identity","Follow activity on Instagram",following.json,/Users/kriskleva/Documents/ModernDayCircusManager/instagram-moderndaycircus-2026-03-09-mDWWVNXF/connections/followers_and_following/following.json
following.json-0.7910889750360692,post,2026-03-02T11:14:27.000Z,"Follow activity on Instagram","","identity","Follow activity on Instagram",following.json,/Users/kriskleva/Documents/ModernDayCircusManager/instagram-moderndaycircus-2026-03-09-mDWWVNXF/connections/followers_and_following/following.json
following.json-0.7563152077312243,post,2026-03-01T16:49:38.000Z,"Follow activity on Instagram","","identity","Follow activity on Instagram",following.json,/Users/kriskleva/Documents/ModernDayCircusManager/instagram-moderndaycircus-2026-03-09-mDWWVNXF/connections/followers_and_following/following.json
following.json-0.147581122289842,post,2026-03-01T16:49:33.000Z,"Follow activity on Instagram","","identity","Follow activity on Instagram",following.json,/Users/kriskleva/Documents/ModernDayCircusManager/instagram-moderndaycircus-2026-03-09-mDWWVNXF/connections/followers_and_following/following.json
following.json-0.3599373961307504,post,2026-02-28T13:07:23.000Z,"Follow activity on Instagram","","identity","Follow activity on Instagram",following.json,/Users/kriskleva/Documents/ModernDayCircusManager/instagram-moderndaycircus-2026-03-09-mDWWVNXF/connections/followers_and_following/following.json
following.json-0.4078414521851237,post,2026-02-28T00:12:11.000Z,"Follow activity on Instagram","","identity","Follow activity on Instagram",following.json,/Users/kriskleva/Documents/ModernDayCircusManager/instagram-moderndaycircus-2026-03-09-mDWWVNXF/connections/followers_and_following/following.json
following.json-0.04281631052901291,post,2026-02-27T17:08:26.000Z,"Follow activity on Instagram","","identity","Follow activity on Instagram",following.json,/Users/kriskleva/Documents/ModernDayCircusManager/instagram-moderndaycircus-2026-03-09-mDWWVNXF/connections/followers_and_following/following.json
following.json-0.8028373341526296,post,2026-02-27T17:07:02.000Z,"Follow activity on Instagram","","identity","Follow activity on Instagram",following.json,/Users/kriskleva/Documents/ModernDayCircusManager/instagram-moderndaycircus-2026-03-09-mDWWVNXF/connections/followers_and_following/following.json
following.json-0.7517612013101784,post,2026-02-27T03:59:44.000Z,"Follow activity on Instagram","","identity","Follow activity on Instagram",following.json,/Users/kriskleva/Documents/ModernDayCircusManager/instagram-moderndaycircus-2026-03-09-mDWWVNXF/connections/followers_and_following/following.json
following.json-0.1783015878481382,post,2026-02-26T18:41:34.000Z,"Follow activity on Instagram","","identity","Follow activity on Instagram",following.json,/Users/kriskleva/Documents/ModernDayCircusManager/instagram-moderndaycircus-2026-03-09-mDWWVNXF/connections/followers_and_following/following.json
following.json-0.10231327633486309,post,2026-02-26T18:41:33.000Z,"Follow activity on Instagram","","identity","Follow activity on Instagram",following.json,/Users/kriskleva/Documents/ModernDayCircusManager/instagram-moderndaycircus-2026-03-09-mDWWVNXF/connections/followers_and_following/following.json
following.json-0.03548088600156585,post,2026-02-26T18:41:32.000Z,"Follow activity on Instagram","","identity","Follow activity on Instagram",following.json,/Users/kriskleva/Documents/ModernDayCircusManager/instagram-moderndaycircus-2026-03-09-mDWWVNXF/connections/followers_and_following/following.json
following.json-0.5494472531371402,post,2026-02-26T18:41:32.000Z,"Follow activity on Instagram","","identity","Follow activity on Instagram",following.json,/Users/kriskleva/Documents/ModernDayCircusManager/instagram-moderndaycircus-2026-03-09-mDWWVNXF/connections/followers_and_following/following.json
following.json-0.028377951585417227,post,2026-02-26T18:01:11.000Z,"Follow activity on Instagram","","identity","Follow activity on Instagram",following.json,/Users/kriskleva/Documents/ModernDayCircusManager/instagram-moderndaycircus-2026-03-09-mDWWVNXF/connections/followers_and_following/following.json
following.json-0.033499063677402185,post,2026-02-26T18:01:10.000Z,"Follow activity on Instagram","","identity","Follow activity on Instagram",following.json,/Users/kriskleva/Documents/ModernDayCircusManager/instagram-moderndaycircus-2026-03-09-mDWWVNXF/connections/followers_and_following/following.json
following.json-0.7399267790523434,post,2026-02-26T17:57:35.000Z,"Follow activity on Instagram","","identity","Follow activity on Instagram",following.json,/Users/kriskleva/Documents/ModernDayCircusManager/instagram-moderndaycircus-2026-03-09-mDWWVNXF/connections/followers_and_following/following.json
following.json-0.6750407336359139,post,2026-02-26T10:20:33.000Z,"Follow activity on Instagram","","identity","Follow activity on Instagram",following.json,/Users/kriskleva/Documents/ModernDayCircusManager/instagram-moderndaycircus-2026-03-09-mDWWVNXF/connections/followers_and_following/following.json
following.json-0.5542374384934203,post,2026-02-25T19:17:54.000Z,"Follow activity on Instagram","","identity","Follow activity on Instagram",following.json,/Users/kriskleva/Documents/ModernDayCircusManager/instagram-moderndaycircus-2026-03-09-mDWWVNXF/connections/followers_and_following/following.json
following.json-0.9760220070056351,post,2026-02-24T11:35:00.000Z,"Follow activity on Instagram","","identity","Follow activity on Instagram",following.json,/Users/kriskleva/Documents/ModernDayCircusManager/instagram-moderndaycircus-2026-03-09-mDWWVNXF/connections/followers_and_following/following.json
following.json-0.3333455455112737,post,2026-02-24T11:34:44.000Z,"Follow activity on Instagram","","identity","Follow activity on Instagram",following.json,/Users/kriskleva/Documents/ModernDayCircusManager/instagram-moderndaycircus-2026-03-09-mDWWVNXF/connections/followers_and_following/following.json
following.json-0.6400219273393366,post,2026-02-23T11:41:54.000Z,"Follow activity on Instagram","","identity","Follow activity on Instagram",following.json,/Users/kriskleva/Documents/ModernDayCircusManager/instagram-moderndaycircus-2026-03-09-mDWWVNXF/connections/followers_and_following/following.json
following.json-0.3015113750625049,post,2026-02-23T01:34:21.000Z,"Follow activity on Instagram","","identity","Follow activity on Instagram",following.json,/Users/kriskleva/Documents/ModernDayCircusManager/instagram-moderndaycircus-2026-03-09-mDWWVNXF/connections/followers_and_following/following.json
following.json-0.4439630058193076,post,2026-02-22T00:49:02.000Z,"Follow activity on Instagram","","identity","Follow activity on Instagram",following.json,/Users/kriskleva/Documents/ModernDayCircusManager/instagram-moderndaycircus-2026-03-09-mDWWVNXF/connections/followers_and_following/following.json
following.json-0.4474656945191422,post,2026-02-21T22:53:17.000Z,"Follow activity on Instagram","","identity","Follow activity on Instagram",following.json,/Users/kriskleva/Documents/ModernDayCircusManager/instagram-moderndaycircus-2026-03-09-mDWWVNXF/connections/followers_and_following/following.json
following.json-0.4311898263566074,post,2026-02-21T22:53:17.000Z,"Follow activity on Instagram","","identity","Follow activity on Instagram",following.json,/Users/kriskleva/Documents/ModernDayCircusManager/instagram-moderndaycircus-2026-03-09-mDWWVNXF/connections/followers_and_following/following.json
following.json-0.17274954208953575,post,2026-02-21T22:53:17.000Z,"Follow activity on Instagram","","identity","Follow activity on Instagram",following.json,/Users/kriskleva/Documents/ModernDayCircusManager/instagram-moderndaycircus-2026-03-09-mDWWVNXF/connections/followers_and_following/following.json
following.json-0.3822112248810601,post,2026-02-21T20:12:32.000Z,"Follow activity on Instagram","","identity","Follow activity on Instagram",following.json,/Users/kriskleva/Documents/ModernDayCircusManager/instagram-moderndaycircus-2026-03-09-mDWWVNXF/connections/followers_and_following/following.json
following.json-0.6370109240284241,post,2026-02-21T15:25:51.000Z,"Follow activity on Instagram","","identity","Follow activity on Instagram",following.json,/Users/kriskleva/Documents/ModernDayCircusManager/instagram-moderndaycircus-2026-03-09-mDWWVNXF/connections/followers_and_following/following.json
following.json-0.41132517695819715,post,2026-02-21T11:45:31.000Z,"Follow activity on Instagram","","identity","Follow activity on Instagram",following.json,/Users/kriskleva/Documents/ModernDayCircusManager/instagram-moderndaycircus-2026-03-09-mDWWVNXF/connections/followers_and_following/following.json
following.json-0.014609073235420711,post,2026-02-21T11:19:57.000Z,"Follow activity on Instagram","","identity","Follow activity on Instagram",following.json,/Users/kriskleva/Documents/ModernDayCircusManager/instagram-moderndaycircus-2026-03-09-mDWWVNXF/connections/followers_and_following/following.json
following.json-0.26283170735625494,post,2026-02-21T11:18:30.000Z,"Follow activity on Instagram","","identity","Follow activity on Instagram",following.json,/Users/kriskleva/Documents/ModernDayCircusManager/instagram-moderndaycircus-2026-03-09-mDWWVNXF/connections/followers_and_following/following.json
following.json-0.14869372867805009,post,2026-02-21T11:17:49.000Z,"Follow activity on Instagram","","identity","Follow activity on Instagram",following.json,/Users/kriskleva/Documents/ModernDayCircusManager/instagram-moderndaycircus-2026-03-09-mDWWVNXF/connections/followers_and_following/following.json
following.json-0.9665390933934297,post,2026-02-21T11:17:34.000Z,"Follow activity on Instagram","","identity","Follow activity on Instagram",following.json,/Users/kriskleva/Documents/ModernDayCircusManager/instagram-moderndaycircus-2026-03-09-mDWWVNXF/connections/followers_and_following/following.json
following.json-0.6193257942570365,post,2026-02-20T20:49:02.000Z,"Follow activity on Instagram","","identity","Follow activity on Instagram",following.json,/Users/kriskleva/Documents/ModernDayCircusManager/instagram-moderndaycircus-2026-03-09-mDWWVNXF/connections/followers_and_following/following.json
following.json-0.21423117779494172,post,2026-02-20T20:49:01.000Z,"Follow activity on Instagram","","identity","Follow activity on Instagram",following.json,/Users/kriskleva/Documents/ModernDayCircusManager/instagram-moderndaycircus-2026-03-09-mDWWVNXF/connections/followers_and_following/following.json
following.json-0.17637032526038632,post,2026-02-20T20:26:40.000Z,"Follow activity on Instagram","","identity","Follow activity on Instagram",following.json,/Users/kriskleva/Documents/ModernDayCircusManager/instagram-moderndaycircus-2026-03-09-mDWWVNXF/connections/followers_and_following/following.json
following.json-0.042990573187370096,post,2026-02-20T14:45:12.000Z,"Follow activity on Instagram","","identity","Follow activity on Instagram",following.json,/Users/kriskleva/Documents/ModernDayCircusManager/instagram-moderndaycircus-2026-03-09-mDWWVNXF/connections/followers_and_following/following.json
following.json-0.16707325581721566,post,2026-02-20T06:18:09.000Z,"Follow activity on Instagram","","identity","Follow activity on Instagram",following.json,/Users/kriskleva/Documents/ModernDayCircusManager/instagram-moderndaycircus-2026-03-09-mDWWVNXF/connections/followers_and_following/following.json
following.json-0.4795439667201036,post,2026-02-20T06:12:16.000Z,"Follow activity on Instagram","","identity","Follow activity on Instagram",following.json,/Users/kriskleva/Documents/ModernDayCircusManager/instagram-moderndaycircus-2026-03-09-mDWWVNXF/connections/followers_and_following/following.json
following.json-0.18071943441052185,post,2026-02-20T06:10:14.000Z,"Follow activity on Instagram","","identity","Follow activity on Instagram",following.json,/Users/kriskleva/Documents/ModernDayCircusManager/instagram-moderndaycircus-2026-03-09-mDWWVNXF/connections/followers_and_following/following.json
following.json-0.38867452321712226,post,2026-02-20T02:00:22.000Z,"Follow activity on Instagram","","identity","Follow activity on Instagram",following.json,/Users/kriskleva/Documents/ModernDayCircusManager/instagram-moderndaycircus-2026-03-09-mDWWVNXF/connections/followers_and_following/following.json
following.json-0.8507506344638021,post,2026-02-19T23:52:08.000Z,"Follow activity on Instagram","","identity","Follow activity on Instagram",following.json,/Users/kriskleva/Documents/ModernDayCircusManager/instagram-moderndaycircus-2026-03-09-mDWWVNXF/connections/followers_and_following/following.json
following.json-0.07680257125308998,post,2026-02-19T10:24:43.000Z,"Follow activity on Instagram","","identity","Follow activity on Instagram",following.json,/Users/kriskleva/Documents/ModernDayCircusManager/instagram-moderndaycircus-2026-03-09-mDWWVNXF/connections/followers_and_following/following.json
following.json-0.7608649771063323,post,2026-02-19T04:00:19.000Z,"Follow activity on Instagram","","identity","Follow activity on Instagram",following.json,/Users/kriskleva/Documents/ModernDayCircusManager/instagram-moderndaycircus-2026-03-09-mDWWVNXF/connections/followers_and_following/following.json
following.json-0.5420585105410498,post,2026-02-18T01:38:59.000Z,"Follow activity on Instagram","","identity","Follow activity on Instagram",following.json,/Users/kriskleva/Documents/ModernDayCircusManager/instagram-moderndaycircus-2026-03-09-mDWWVNXF/connections/followers_and_following/following.json
following.json-0.7716830435701183,post,2026-02-18T01:38:56.000Z,"Follow activity on Instagram","","identity","Follow activity on Instagram",following.json,/Users/kriskleva/Documents/ModernDayCircusManager/instagram-moderndaycircus-2026-03-09-mDWWVNXF/connections/followers_and_following/following.json
following.json-0.27657366242228076,post,2026-02-18T01:38:53.000Z,"Follow activity on Instagram","","identity","Follow activity on Instagram",following.json,/Users/kriskleva/Documents/ModernDayCircusManager/instagram-moderndaycircus-2026-03-09-mDWWVNXF/connections/followers_and_following/following.json
following.json-0.7377598581899232,post,2026-02-18T01:38:49.000Z,"Follow activity on Instagram","","identity","Follow activity on Instagram",following.json,/Users/kriskleva/Documents/ModernDayCircusManager/instagram-moderndaycircus-2026-03-09-mDWWVNXF/connections/followers_and_following/following.json
following.json-0.05012344884155073,post,2026-02-17T20:40:16.000Z,"Follow activity on Instagram","","identity","Follow activity on Instagram",following.json,/Users/kriskleva/Documents/ModernDayCircusManager/instagram-moderndaycircus-2026-03-09-mDWWVNXF/connections/followers_and_following/following.json
following.json-0.8217361431236676,post,2026-02-17T19:02:02.000Z,"Follow activity on Instagram","","identity","Follow activity on Instagram",following.json,/Users/kriskleva/Documents/ModernDayCircusManager/instagram-moderndaycircus-2026-03-09-mDWWVNXF/connections/followers_and_following/following.json
following.json-0.9345377915089885,post,2026-02-17T17:00:50.000Z,"Follow activity on Instagram","","identity","Follow activity on Instagram",following.json,/Users/kriskleva/Documents/ModernDayCircusManager/instagram-moderndaycircus-2026-03-09-mDWWVNXF/connections/followers_and_following/following.json
following.json-0.943389987985126,post,2026-02-17T12:35:49.000Z,"Follow activity on Instagram","","identity","Follow activity on Instagram",following.json,/Users/kriskleva/Documents/ModernDayCircusManager/instagram-moderndaycircus-2026-03-09-mDWWVNXF/connections/followers_and_following/following.json
following.json-0.65950616747925,post,2026-02-17T12:35:07.000Z,"Follow activity on Instagram","","identity","Follow activity on Instagram",following.json,/Users/kriskleva/Documents/ModernDayCircusManager/instagram-moderndaycircus-2026-03-09-mDWWVNXF/connections/followers_and_following/following.json
following.json-0.5225602223395767,post,2026-02-17T12:35:00.000Z,"Follow activity on Instagram","","identity","Follow activity on Instagram",following.json,/Users/kriskleva/Documents/ModernDayCircusManager/instagram-moderndaycircus-2026-03-09-mDWWVNXF/connections/followers_and_following/following.json
following.json-0.7338104950194073,post,2026-02-17T01:35:19.000Z,"Follow activity on Instagram","","identity","Follow activity on Instagram",following.json,/Users/kriskleva/Documents/ModernDayCircusManager/instagram-moderndaycircus-2026-03-09-mDWWVNXF/connections/followers_and_following/following.json
following.json-0.1612916101439026,post,2026-02-17T01:35:17.000Z,"Follow activity on Instagram","","identity","Follow activity on Instagram",following.json,/Users/kriskleva/Documents/ModernDayCircusManager/instagram-moderndaycircus-2026-03-09-mDWWVNXF/connections/followers_and_following/following.json
following.json-0.4158703055715711,post,2026-02-16T17:28:13.000Z,"Follow activity on Instagram","","identity","Follow activity on Instagram",following.json,/Users/kriskleva/Documents/ModernDayCircusManager/instagram-moderndaycircus-2026-03-09-mDWWVNXF/connections/followers_and_following/following.json
following.json-0.5947880574826165,post,2026-02-16T09:59:47.000Z,"Follow activity on Instagram","","identity","Follow activity on Instagram",following.json,/Users/kriskleva/Documents/ModernDayCircusManager/instagram-moderndaycircus-2026-03-09-mDWWVNXF/connections/followers_and_following/following.json
following.json-0.11847638171173447,post,2026-02-15T23:50:37.000Z,"Follow activity on Instagram","","identity","Follow activity on Instagram",following.json,/Users/kriskleva/Documents/ModernDayCircusManager/instagram-moderndaycircus-2026-03-09-mDWWVNXF/connections/followers_and_following/following.json
following.json-0.8583165843348428,post,2026-02-15T23:50:26.000Z,"Follow activity on Instagram","","identity","Follow activity on Instagram",following.json,/Users/kriskleva/Documents/ModernDayCircusManager/instagram-moderndaycircus-2026-03-09-mDWWVNXF/connections/followers_and_following/following.json
following.json-0.7806421528632486,post,2026-02-15T23:49:20.000Z,"Follow activity on Instagram","","identity","Follow activity on Instagram",following.json,/Users/kriskleva/Documents/ModernDayCircusManager/instagram-moderndaycircus-2026-03-09-mDWWVNXF/connections/followers_and_following/following.json
following.json-0.1722583996518583,post,2026-02-15T23:49:11.000Z,"Follow activity on Instagram","","identity","Follow activity on Instagram",following.json,/Users/kriskleva/Documents/ModernDayCircusManager/instagram-moderndaycircus-2026-03-09-mDWWVNXF/connections/followers_and_following/following.json
following.json-0.4481966018147199,post,2026-02-15T23:48:25.000Z,"Follow activity on Instagram","","identity","Follow activity on Instagram",following.json,/Users/kriskleva/Documents/ModernDayCircusManager/instagram-moderndaycircus-2026-03-09-mDWWVNXF/connections/followers_and_following/following.json
following.json-0.7747679468943514,post,2026-02-15T23:48:17.000Z,"Follow activity on Instagram","","identity","Follow activity on Instagram",following.json,/Users/kriskleva/Documents/ModernDayCircusManager/instagram-moderndaycircus-2026-03-09-mDWWVNXF/connections/followers_and_following/following.json
following.json-0.7326029610734845,post,2026-02-15T23:47:00.000Z,"Follow activity on Instagram","","identity","Follow activity on Instagram",following.json,/Users/kriskleva/Documents/ModernDayCircusManager/instagram-moderndaycircus-2026-03-09-mDWWVNXF/connections/followers_and_following/following.json
following.json-0.1410500229231626,post,2026-02-15T23:46:41.000Z,"Follow activity on Instagram","","identity","Follow activity on Instagram",following.json,/Users/kriskleva/Documents/ModernDayCircusManager/instagram-moderndaycircus-2026-03-09-mDWWVNXF/connections/followers_and_following/following.json
following.json-0.5545400466764738,post,2026-02-15T23:46:30.000Z,"Follow activity on Instagram","","identity","Follow activity on Instagram",following.json,/Users/kriskleva/Documents/ModernDayCircusManager/instagram-moderndaycircus-2026-03-09-mDWWVNXF/connections/followers_and_following/following.json
following.json-0.7303822129461848,post,2026-02-15T17:44:57.000Z,"Follow activity on Instagram","","identity","Follow activity on Instagram",following.json,/Users/kriskleva/Documents/ModernDayCircusManager/instagram-moderndaycircus-2026-03-09-mDWWVNXF/connections/followers_and_following/following.json
following.json-0.4854340903865564,post,2026-02-15T15:26:59.000Z,"Follow activity on Instagram","","identity","Follow activity on Instagram",following.json,/Users/kriskleva/Documents/ModernDayCircusManager/instagram-moderndaycircus-2026-03-09-mDWWVNXF/connections/followers_and_following/following.json
following.json-0.10796283050908273,post,2026-02-15T13:11:27.000Z,"Follow activity on Instagram","","identity","Follow activity on Instagram",following.json,/Users/kriskleva/Documents/ModernDayCircusManager/instagram-moderndaycircus-2026-03-09-mDWWVNXF/connections/followers_and_following/following.json
following.json-0.6301830740222081,post,2026-02-15T13:10:18.000Z,"Follow activity on Instagram","","identity","Follow activity on Instagram",following.json,/Users/kriskleva/Documents/ModernDayCircusManager/instagram-moderndaycircus-2026-03-09-mDWWVNXF/connections/followers_and_following/following.json
following.json-0.7120250522707854,post,2026-02-15T13:10:09.000Z,"Follow activity on Instagram","","identity","Follow activity on Instagram",following.json,/Users/kriskleva/Documents/ModernDayCircusManager/instagram-moderndaycircus-2026-03-09-mDWWVNXF/connections/followers_and_following/following.json
following.json-0.02666879528104049,post,2026-02-15T10:39:07.000Z,"Follow activity on Instagram","","identity","Follow activity on Instagram",following.json,/Users/kriskleva/Documents/ModernDayCircusManager/instagram-moderndaycircus-2026-03-09-mDWWVNXF/connections/followers_and_following/following.json
following.json-0.3518085379705953,post,2026-02-15T04:41:45.000Z,"Follow activity on Instagram","","identity","Follow activity on Instagram",following.json,/Users/kriskleva/Documents/ModernDayCircusManager/instagram-moderndaycircus-2026-03-09-mDWWVNXF/connections/followers_and_following/following.json
following.json-0.517123680856018,post,2026-02-15T04:33:40.000Z,"Follow activity on Instagram","","identity","Follow activity on Instagram",following.json,/Users/kriskleva/Documents/ModernDayCircusManager/instagram-moderndaycircus-2026-03-09-mDWWVNXF/connections/followers_and_following/following.json
following.json-0.3720222121603347,post,2026-02-15T04:33:27.000Z,"Follow activity on Instagram","","identity","Follow activity on Instagram",following.json,/Users/kriskleva/Documents/ModernDayCircusManager/instagram-moderndaycircus-2026-03-09-mDWWVNXF/connections/followers_and_following/following.json
following.json-0.5154613669360921,post,2026-02-15T04:33:04.000Z,"Follow activity on Instagram","","identity","Follow activity on Instagram",following.json,/Users/kriskleva/Documents/ModernDayCircusManager/instagram-moderndaycircus-2026-03-09-mDWWVNXF/connections/followers_and_following/following.json
following.json-0.34249109560288726,post,2026-02-15T04:32:39.000Z,"Follow activity on Instagram","","identity","Follow activity on Instagram",following.json,/Users/kriskleva/Documents/ModernDayCircusManager/instagram-moderndaycircus-2026-03-09-mDWWVNXF/connections/followers_and_following/following.json
following.json-0.5472841673809168,post,2026-02-15T04:32:25.000Z,"Follow activity on Instagram","","identity","Follow activity on Instagram",following.json,/Users/kriskleva/Documents/ModernDayCircusManager/instagram-moderndaycircus-2026-03-09-mDWWVNXF/connections/followers_and_following/following.json
following.json-0.8025781022188343,post,2026-02-15T04:31:59.000Z,"Follow activity on Instagram","","identity","Follow activity on Instagram",following.json,/Users/kriskleva/Documents/ModernDayCircusManager/instagram-moderndaycircus-2026-03-09-mDWWVNXF/connections/followers_and_following/following.json
following.json-0.9726838732294525,post,2026-02-15T04:30:16.000Z,"Follow activity on Instagram","","identity","Follow activity on Instagram",following.json,/Users/kriskleva/Documents/ModernDayCircusManager/instagram-moderndaycircus-2026-03-09-mDWWVNXF/connections/followers_and_following/following.json
following.json-0.7526820846175233,post,2026-02-15T04:29:35.000Z,"Follow activity on Instagram","","identity","Follow activity on Instagram",following.json,/Users/kriskleva/Documents/ModernDayCircusManager/instagram-moderndaycircus-2026-03-09-mDWWVNXF/connections/followers_and_following/following.json
following.json-0.8240321808632922,post,2026-02-15T04:29:14.000Z,"Follow activity on Instagram","","identity","Follow activity on Instagram",following.json,/Users/kriskleva/Documents/ModernDayCircusManager/instagram-moderndaycircus-2026-03-09-mDWWVNXF/connections/followers_and_following/following.json
following.json-0.012676509330252772,post,2026-02-15T04:28:54.000Z,"Follow activity on Instagram","","identity","Follow activity on Instagram",following.json,/Users/kriskleva/Documents/ModernDayCircusManager/instagram-moderndaycircus-2026-03-09-mDWWVNXF/connections/followers_and_following/following.json
following.json-0.008307078818689861,post,2026-02-15T04:28:23.000Z,"Follow activity on Instagram","","identity","Follow activity on Instagram",following.json,/Users/kriskleva/Documents/ModernDayCircusManager/instagram-moderndaycircus-2026-03-09-mDWWVNXF/connections/followers_and_following/following.json
following.json-0.16452147578952703,post,2026-02-15T04:28:00.000Z,"Follow activity on Instagram","","identity","Follow activity on Instagram",following.json,/Users/kriskleva/Documents/ModernDayCircusManager/instagram-moderndaycircus-2026-03-09-mDWWVNXF/connections/followers_and_following/following.json
following.json-0.9860369955759032,post,2026-02-15T04:27:49.000Z,"Follow activity on Instagram","","identity","Follow activity on Instagram",following.json,/Users/kriskleva/Documents/ModernDayCircusManager/instagram-moderndaycircus-2026-03-09-mDWWVNXF/connections/followers_and_following/following.json
following.json-0.8271491554089105,post,2026-02-15T04:27:33.000Z,"Follow activity on Instagram","","identity","Follow activity on Instagram",following.json,/Users/kriskleva/Documents/ModernDayCircusManager/instagram-moderndaycircus-2026-03-09-mDWWVNXF/connections/followers_and_following/following.json
following.json-0.722945879559201,post,2026-02-15T04:26:59.000Z,"Follow activity on Instagram","","identity","Follow activity on Instagram",following.json,/Users/kriskleva/Documents/ModernDayCircusManager/instagram-moderndaycircus-2026-03-09-mDWWVNXF/connections/followers_and_following/following.json
following.json-0.003362108979819478,post,2026-02-15T04:24:39.000Z,"Follow activity on Instagram","","identity","Follow activity on Instagram",following.json,/Users/kriskleva/Documents/ModernDayCircusManager/instagram-moderndaycircus-2026-03-09-mDWWVNXF/connections/followers_and_following/following.json
following.json-0.4483358613375865,post,2026-02-15T04:21:53.000Z,"Follow activity on Instagram","","identity","Follow activity on Instagram",following.json,/Users/kriskleva/Documents/ModernDayCircusManager/instagram-moderndaycircus-2026-03-09-mDWWVNXF/connections/followers_and_following/following.json
following.json-0.05999916665012006,post,2026-02-15T02:06:49.000Z,"Follow activity on Instagram","","identity","Follow activity on Instagram",following.json,/Users/kriskleva/Documents/ModernDayCircusManager/instagram-moderndaycircus-2026-03-09-mDWWVNXF/connections/followers_and_following/following.json
following.json-0.3543954077825895,post,2026-02-15T00:40:13.000Z,"Follow activity on Instagram","","identity","Follow activity on Instagram",following.json,/Users/kriskleva/Documents/ModernDayCircusManager/instagram-moderndaycircus-2026-03-09-mDWWVNXF/connections/followers_and_following/following.json
following.json-0.3083419925716866,post,2026-02-14T23:25:00.000Z,"Follow activity on Instagram","","identity","Follow activity on Instagram",following.json,/Users/kriskleva/Documents/ModernDayCircusManager/instagram-moderndaycircus-2026-03-09-mDWWVNXF/connections/followers_and_following/following.json
following.json-0.9263910024635016,post,2026-02-14T23:24:35.000Z,"Follow activity on Instagram","","identity","Follow activity on Instagram",following.json,/Users/kriskleva/Documents/ModernDayCircusManager/instagram-moderndaycircus-2026-03-09-mDWWVNXF/connections/followers_and_following/following.json
following.json-0.4333202602105608,post,2026-02-14T19:43:45.000Z,"Follow activity on Instagram","","identity","Follow activity on Instagram",following.json,/Users/kriskleva/Documents/ModernDayCircusManager/instagram-moderndaycircus-2026-03-09-mDWWVNXF/connections/followers_and_following/following.json
following.json-0.564489373609431,post,2026-02-14T17:46:33.000Z,"Follow activity on Instagram","","identity","Follow activity on Instagram",following.json,/Users/kriskleva/Documents/ModernDayCircusManager/instagram-moderndaycircus-2026-03-09-mDWWVNXF/connections/followers_and_following/following.json
following.json-0.4239212958674978,post,2026-02-14T15:48:08.000Z,"Follow activity on Instagram","","identity","Follow activity on Instagram",following.json,/Users/kriskleva/Documents/ModernDayCircusManager/instagram-moderndaycircus-2026-03-09-mDWWVNXF/connections/followers_and_following/following.json
following.json-0.571301511614065,post,2026-02-14T12:53:44.000Z,"Follow activity on Instagram","","identity","Follow activity on Instagram",following.json,/Users/kriskleva/Documents/ModernDayCircusManager/instagram-moderndaycircus-2026-03-09-mDWWVNXF/connections/followers_and_following/following.json
following.json-0.3450929702352705,post,2026-02-14T12:51:40.000Z,"Follow activity on Instagram","","identity","Follow activity on Instagram",following.json,/Users/kriskleva/Documents/ModernDayCircusManager/instagram-moderndaycircus-2026-03-09-mDWWVNXF/connections/followers_and_following/following.json
following.json-0.8697275019926609,post,2026-02-14T12:51:40.000Z,"Follow activity on Instagram","","identity","Follow activity on Instagram",following.json,/Users/kriskleva/Documents/ModernDayCircusManager/instagram-moderndaycircus-2026-03-09-mDWWVNXF/connections/followers_and_following/following.json
following.json-0.7687228034286779,post,2026-02-14T12:50:44.000Z,"Follow activity on Instagram","","identity","Follow activity on Instagram",following.json,/Users/kriskleva/Documents/ModernDayCircusManager/instagram-moderndaycircus-2026-03-09-mDWWVNXF/connections/followers_and_following/following.json
following.json-0.817238306328308,post,2026-02-13T23:45:17.000Z,"Follow activity on Instagram","","identity","Follow activity on Instagram",following.json,/Users/kriskleva/Documents/ModernDayCircusManager/instagram-moderndaycircus-2026-03-09-mDWWVNXF/connections/followers_and_following/following.json
following.json-0.7519095938199345,post,2026-02-13T15:50:02.000Z,"Follow activity on Instagram","","identity","Follow activity on Instagram",following.json,/Users/kriskleva/Documents/ModernDayCircusManager/instagram-moderndaycircus-2026-03-09-mDWWVNXF/connections/followers_and_following/following.json
following.json-0.21849347960343035,post,2026-02-13T13:33:46.000Z,"Follow activity on Instagram","","identity","Follow activity on Instagram",following.json,/Users/kriskleva/Documents/ModernDayCircusManager/instagram-moderndaycircus-2026-03-09-mDWWVNXF/connections/followers_and_following/following.json
following.json-0.97513902848158,post,2026-02-13T13:22:05.000Z,"Follow activity on Instagram","","identity","Follow activity on Instagram",following.json,/Users/kriskleva/Documents/ModernDayCircusManager/instagram-moderndaycircus-2026-03-09-mDWWVNXF/connections/followers_and_following/following.json
following.json-0.3151001478100173,post,2026-02-12T14:07:37.000Z,"Follow activity on Instagram","","identity","Follow activity on Instagram",following.json,/Users/kriskleva/Documents/ModernDayCircusManager/instagram-moderndaycircus-2026-03-09-mDWWVNXF/connections/followers_and_following/following.json
following.json-0.12362643642244708,post,2026-02-11T15:07:53.000Z,"Follow activity on Instagram","","identity","Follow activity on Instagram",following.json,/Users/kriskleva/Documents/ModernDayCircusManager/instagram-moderndaycircus-2026-03-09-mDWWVNXF/connections/followers_and_following/following.json
following.json-0.3196950102432361,post,2026-02-11T15:06:30.000Z,"Follow activity on Instagram","","identity","Follow activity on Instagram",following.json,/Users/kriskleva/Documents/ModernDayCircusManager/instagram-moderndaycircus-2026-03-09-mDWWVNXF/connections/followers_and_following/following.json
following.json-0.863734671583894,post,2026-02-11T14:43:25.000Z,"Follow activity on Instagram","","identity","Follow activity on Instagram",following.json,/Users/kriskleva/Documents/ModernDayCircusManager/instagram-moderndaycircus-2026-03-09-mDWWVNXF/connections/followers_and_following/following.json
following.json-0.1391189914851627,post,2026-02-10T21:00:05.000Z,"Follow activity on Instagram","","identity","Follow activity on Instagram",following.json,/Users/kriskleva/Documents/ModernDayCircusManager/instagram-moderndaycircus-2026-03-09-mDWWVNXF/connections/followers_and_following/following.json
following.json-0.06208371435822935,post,2026-02-10T20:59:56.000Z,"Follow activity on Instagram","","identity","Follow activity on Instagram",following.json,/Users/kriskleva/Documents/ModernDayCircusManager/instagram-moderndaycircus-2026-03-09-mDWWVNXF/connections/followers_and_following/following.json
following.json-0.10984589923317056,post,2026-02-10T11:05:00.000Z,"Follow activity on Instagram","","identity","Follow activity on Instagram",following.json,/Users/kriskleva/Documents/ModernDayCircusManager/instagram-moderndaycircus-2026-03-09-mDWWVNXF/connections/followers_and_following/following.json
following.json-0.9653724305549622,post,2026-02-09T17:12:40.000Z,"Follow activity on Instagram","","identity","Follow activity on Instagram",following.json,/Users/kriskleva/Documents/ModernDayCircusManager/instagram-moderndaycircus-2026-03-09-mDWWVNXF/connections/followers_and_following/following.json
following.json-0.30378611710490055,post,2026-02-08T23:26:45.000Z,"Follow activity on Instagram","","identity","Follow activity on Instagram",following.json,/Users/kriskleva/Documents/ModernDayCircusManager/instagram-moderndaycircus-2026-03-09-mDWWVNXF/connections/followers_and_following/following.json
following.json-0.37580249962504064,post,2026-02-08T15:53:27.000Z,"Follow activity on Instagram","","identity","Follow activity on Instagram",following.json,/Users/kriskleva/Documents/ModernDayCircusManager/instagram-moderndaycircus-2026-03-09-mDWWVNXF/connections/followers_and_following/following.json
following.json-0.8596055442457666,post,2026-02-08T01:43:51.000Z,"Follow activity on Instagram","","identity","Follow activity on Instagram",following.json,/Users/kriskleva/Documents/ModernDayCircusManager/instagram-moderndaycircus-2026-03-09-mDWWVNXF/connections/followers_and_following/following.json
following.json-0.49794170412276606,post,2026-02-08T01:43:48.000Z,"Follow activity on Instagram","","identity","Follow activity on Instagram",following.json,/Users/kriskleva/Documents/ModernDayCircusManager/instagram-moderndaycircus-2026-03-09-mDWWVNXF/connections/followers_and_following/following.json
following.json-0.7917707458967489,post,2026-02-08T01:43:45.000Z,"Follow activity on Instagram","","identity","Follow activity on Instagram",following.json,/Users/kriskleva/Documents/ModernDayCircusManager/instagram-moderndaycircus-2026-03-09-mDWWVNXF/connections/followers_and_following/following.json
following.json-0.7270063235576714,post,2026-02-07T20:31:02.000Z,"Follow activity on Instagram","","identity","Follow activity on Instagram",following.json,/Users/kriskleva/Documents/ModernDayCircusManager/instagram-moderndaycircus-2026-03-09-mDWWVNXF/connections/followers_and_following/following.json
following.json-0.6146523868474774,post,2026-02-07T20:24:01.000Z,"Follow activity on Instagram","","identity","Follow activity on Instagram",following.json,/Users/kriskleva/Documents/ModernDayCircusManager/instagram-moderndaycircus-2026-03-09-mDWWVNXF/connections/followers_and_following/following.json
following.json-0.9257368798021859,post,2026-02-07T18:10:54.000Z,"Follow activity on Instagram","","identity","Follow activity on Instagram",following.json,/Users/kriskleva/Documents/ModernDayCircusManager/instagram-moderndaycircus-2026-03-09-mDWWVNXF/connections/followers_and_following/following.json
following.json-0.7391776799309697,post,2026-02-07T18:10:25.000Z,"Follow activity on Instagram","","identity","Follow activity on Instagram",following.json,/Users/kriskleva/Documents/ModernDayCircusManager/instagram-moderndaycircus-2026-03-09-mDWWVNXF/connections/followers_and_following/following.json
following.json-0.8924659144816307,post,2026-02-07T09:54:28.000Z,"Follow activity on Instagram","","identity","Follow activity on Instagram",following.json,/Users/kriskleva/Documents/ModernDayCircusManager/instagram-moderndaycircus-2026-03-09-mDWWVNXF/connections/followers_and_following/following.json
following.json-0.22072355531304777,post,2026-02-07T09:49:44.000Z,"Follow activity on Instagram","","identity","Follow activity on Instagram",following.json,/Users/kriskleva/Documents/ModernDayCircusManager/instagram-moderndaycircus-2026-03-09-mDWWVNXF/connections/followers_and_following/following.json
following.json-0.6218836623199404,post,2026-02-07T09:39:16.000Z,"Follow activity on Instagram","","identity","Follow activity on Instagram",following.json,/Users/kriskleva/Documents/ModernDayCircusManager/instagram-moderndaycircus-2026-03-09-mDWWVNXF/connections/followers_and_following/following.json
following.json-0.6230267550789661,post,2026-02-07T09:34:09.000Z,"Follow activity on Instagram","","identity","Follow activity on Instagram",following.json,/Users/kriskleva/Documents/ModernDayCircusManager/instagram-moderndaycircus-2026-03-09-mDWWVNXF/connections/followers_and_following/following.json
following.json-0.23196723832983324,post,2026-02-07T09:31:35.000Z,"Follow activity on Instagram","","identity","Follow activity on Instagram",following.json,/Users/kriskleva/Documents/ModernDayCircusManager/instagram-moderndaycircus-2026-03-09-mDWWVNXF/connections/followers_and_following/following.json
following.json-0.666362650013,post,2026-02-07T02:55:10.000Z,"Follow activity on Instagram","","identity","Follow activity on Instagram",following.json,/Users/kriskleva/Documents/ModernDayCircusManager/instagram-moderndaycircus-2026-03-09-mDWWVNXF/connections/followers_and_following/following.json
following.json-0.06881064195716902,post,2026-02-06T07:21:46.000Z,"Follow activity on Instagram","","identity","Follow activity on Instagram",following.json,/Users/kriskleva/Documents/ModernDayCircusManager/instagram-moderndaycircus-2026-03-09-mDWWVNXF/connections/followers_and_following/following.json
following.json-0.5888558839000293,post,2026-02-06T01:24:12.000Z,"Follow activity on Instagram","","identity","Follow activity on Instagram",following.json,/Users/kriskleva/Documents/ModernDayCircusManager/instagram-moderndaycircus-2026-03-09-mDWWVNXF/connections/followers_and_following/following.json
following.json-0.5024510656988985,post,2026-02-03T12:21:44.000Z,"Follow activity on Instagram","","identity","Follow activity on Instagram",following.json,/Users/kriskleva/Documents/ModernDayCircusManager/instagram-moderndaycircus-2026-03-09-mDWWVNXF/connections/followers_and_following/following.json
following.json-0.9319136108061381,post,2026-02-03T02:46:26.000Z,"Follow activity on Instagram","","identity","Follow activity on Instagram",following.json,/Users/kriskleva/Documents/ModernDayCircusManager/instagram-moderndaycircus-2026-03-09-mDWWVNXF/connections/followers_and_following/following.json
following.json-0.6648715455165992,post,2026-02-01T21:23:19.000Z,"Follow activity on Instagram","","identity","Follow activity on Instagram",following.json,/Users/kriskleva/Documents/ModernDayCircusManager/instagram-moderndaycircus-2026-03-09-mDWWVNXF/connections/followers_and_following/following.json
following.json-0.7988032739860604,post,2026-02-01T15:45:19.000Z,"Follow activity on Instagram","","identity","Follow activity on Instagram",following.json,/Users/kriskleva/Documents/ModernDayCircusManager/instagram-moderndaycircus-2026-03-09-mDWWVNXF/connections/followers_and_following/following.json
following.json-0.5651231961683179,post,2026-02-01T12:31:25.000Z,"Follow activity on Instagram","","identity","Follow activity on Instagram",following.json,/Users/kriskleva/Documents/ModernDayCircusManager/instagram-moderndaycircus-2026-03-09-mDWWVNXF/connections/followers_and_following/following.json
following.json-0.43894686388974624,post,2026-02-01T04:34:07.000Z,"Follow activity on Instagram","","identity","Follow activity on Instagram",following.json,/Users/kriskleva/Documents/ModernDayCircusManager/instagram-moderndaycircus-2026-03-09-mDWWVNXF/connections/followers_and_following/following.json
following.json-0.14169594864395907,post,2026-01-31T14:48:19.000Z,"Follow activity on Instagram","","identity","Follow activity on Instagram",following.json,/Users/kriskleva/Documents/ModernDayCircusManager/instagram-moderndaycircus-2026-03-09-mDWWVNXF/connections/followers_and_following/following.json
following.json-0.7463308475405341,post,2026-01-28T14:14:59.000Z,"Follow activity on Instagram","","identity","Follow activity on Instagram",following.json,/Users/kriskleva/Documents/ModernDayCircusManager/instagram-moderndaycircus-2026-03-09-mDWWVNXF/connections/followers_and_following/following.json
following.json-0.31165061355885704,post,2026-01-27T15:41:54.000Z,"Follow activity on Instagram","","identity","Follow activity on Instagram",following.json,/Users/kriskleva/Documents/ModernDayCircusManager/instagram-moderndaycircus-2026-03-09-mDWWVNXF/connections/followers_and_following/following.json
following.json-0.45031434460617725,post,2026-01-26T20:11:14.000Z,"Follow activity on Instagram","","identity","Follow activity on Instagram",following.json,/Users/kriskleva/Documents/ModernDayCircusManager/instagram-moderndaycircus-2026-03-09-mDWWVNXF/connections/followers_and_following/following.json
following.json-0.5582860346845817,post,2026-01-26T10:37:20.000Z,"Follow activity on Instagram","","identity","Follow activity on Instagram",following.json,/Users/kriskleva/Documents/ModernDayCircusManager/instagram-moderndaycircus-2026-03-09-mDWWVNXF/connections/followers_and_following/following.json
following.json-0.3909151077958031,post,2026-01-25T22:24:13.000Z,"Follow activity on Instagram","","identity","Follow activity on Instagram",following.json,/Users/kriskleva/Documents/ModernDayCircusManager/instagram-moderndaycircus-2026-03-09-mDWWVNXF/connections/followers_and_following/following.json
following.json-0.026050200837935522,post,2026-01-25T22:07:24.000Z,"Follow activity on Instagram","","identity","Follow activity on Instagram",following.json,/Users/kriskleva/Documents/ModernDayCircusManager/instagram-moderndaycircus-2026-03-09-mDWWVNXF/connections/followers_and_following/following.json
following.json-0.302398584699332,post,2026-01-25T21:36:25.000Z,"Follow activity on Instagram","","identity","Follow activity on Instagram",following.json,/Users/kriskleva/Documents/ModernDayCircusManager/instagram-moderndaycircus-2026-03-09-mDWWVNXF/connections/followers_and_following/following.json
following.json-0.6897726037242187,post,2026-01-25T15:00:45.000Z,"Follow activity on Instagram","","identity","Follow activity on Instagram",following.json,/Users/kriskleva/Documents/ModernDayCircusManager/instagram-moderndaycircus-2026-03-09-mDWWVNXF/connections/followers_and_following/following.json
following.json-0.08411510177119008,post,2026-01-24T10:59:01.000Z,"Follow activity on Instagram","","identity","Follow activity on Instagram",following.json,/Users/kriskleva/Documents/ModernDayCircusManager/instagram-moderndaycircus-2026-03-09-mDWWVNXF/connections/followers_and_following/following.json
following.json-0.28263469512909123,post,2026-01-24T10:55:41.000Z,"Follow activity on Instagram","","identity","Follow activity on Instagram",following.json,/Users/kriskleva/Documents/ModernDayCircusManager/instagram-moderndaycircus-2026-03-09-mDWWVNXF/connections/followers_and_following/following.json
following.json-0.4545003369132896,post,2026-01-22T17:42:21.000Z,"Follow activity on Instagram","","identity","Follow activity on Instagram",following.json,/Users/kriskleva/Documents/ModernDayCircusManager/instagram-moderndaycircus-2026-03-09-mDWWVNXF/connections/followers_and_following/following.json
following.json-0.634877040297952,post,2026-01-22T09:28:46.000Z,"Follow activity on Instagram","","identity","Follow activity on Instagram",following.json,/Users/kriskleva/Documents/ModernDayCircusManager/instagram-moderndaycircus-2026-03-09-mDWWVNXF/connections/followers_and_following/following.json
following.json-0.4010817634122026,post,2026-01-22T02:48:17.000Z,"Follow activity on Instagram","","identity","Follow activity on Instagram",following.json,/Users/kriskleva/Documents/ModernDayCircusManager/instagram-moderndaycircus-2026-03-09-mDWWVNXF/connections/followers_and_following/following.json
following.json-0.7646460568462057,post,2026-01-22T02:46:42.000Z,"Follow activity on Instagram","","identity","Follow activity on Instagram",following.json,/Users/kriskleva/Documents/ModernDayCircusManager/instagram-moderndaycircus-2026-03-09-mDWWVNXF/connections/followers_and_following/following.json
following.json-0.5512349792106583,post,2026-01-20T23:08:18.000Z,"Follow activity on Instagram","","identity","Follow activity on Instagram",following.json,/Users/kriskleva/Documents/ModernDayCircusManager/instagram-moderndaycircus-2026-03-09-mDWWVNXF/connections/followers_and_following/following.json
following.json-0.35704029620089983,post,2026-01-20T10:49:00.000Z,"Follow activity on Instagram","","identity","Follow activity on Instagram",following.json,/Users/kriskleva/Documents/ModernDayCircusManager/instagram-moderndaycircus-2026-03-09-mDWWVNXF/connections/followers_and_following/following.json
following.json-0.7802144371799744,post,2026-01-17T11:09:55.000Z,"Follow activity on Instagram","","identity","Follow activity on Instagram",following.json,/Users/kriskleva/Documents/ModernDayCircusManager/instagram-moderndaycircus-2026-03-09-mDWWVNXF/connections/followers_and_following/following.json
following.json-0.22797330027770424,post,2026-01-17T01:07:21.000Z,"Follow activity on Instagram","","identity","Follow activity on Instagram",following.json,/Users/kriskleva/Documents/ModernDayCircusManager/instagram-moderndaycircus-2026-03-09-mDWWVNXF/connections/followers_and_following/following.json
following.json-0.3293065622806832,post,2026-01-15T17:43:52.000Z,"Follow activity on Instagram","","identity","Follow activity on Instagram",following.json,/Users/kriskleva/Documents/ModernDayCircusManager/instagram-moderndaycircus-2026-03-09-mDWWVNXF/connections/followers_and_following/following.json
following.json-0.5542889702861427,post,2026-01-13T22:48:47.000Z,"Follow activity on Instagram","","identity","Follow activity on Instagram",following.json,/Users/kriskleva/Documents/ModernDayCircusManager/instagram-moderndaycircus-2026-03-09-mDWWVNXF/connections/followers_and_following/following.json
following.json-0.5031822144381892,post,2026-01-13T16:27:15.000Z,"Follow activity on Instagram","","identity","Follow activity on Instagram",following.json,/Users/kriskleva/Documents/ModernDayCircusManager/instagram-moderndaycircus-2026-03-09-mDWWVNXF/connections/followers_and_following/following.json
following.json-0.8456790248365023,post,2026-01-11T16:35:46.000Z,"Follow activity on Instagram","","identity","Follow activity on Instagram",following.json,/Users/kriskleva/Documents/ModernDayCircusManager/instagram-moderndaycircus-2026-03-09-mDWWVNXF/connections/followers_and_following/following.json
following.json-0.15314048510297695,post,2026-01-10T00:18:49.000Z,"Follow activity on Instagram","","identity","Follow activity on Instagram",following.json,/Users/kriskleva/Documents/ModernDayCircusManager/instagram-moderndaycircus-2026-03-09-mDWWVNXF/connections/followers_and_following/following.json
following.json-0.19684073942702707,post,2026-01-09T21:01:28.000Z,"Follow activity on Instagram","","identity","Follow activity on Instagram",following.json,/Users/kriskleva/Documents/ModernDayCircusManager/instagram-moderndaycircus-2026-03-09-mDWWVNXF/connections/followers_and_following/following.json
following.json-0.7545943057576523,post,2026-01-09T21:01:15.000Z,"Follow activity on Instagram","","identity","Follow activity on Instagram",following.json,/Users/kriskleva/Documents/ModernDayCircusManager/instagram-moderndaycircus-2026-03-09-mDWWVNXF/connections/followers_and_following/following.json
following.json-0.08887933452480756,post,2026-01-09T13:52:58.000Z,"Follow activity on Instagram","","identity","Follow activity on Instagram",following.json,/Users/kriskleva/Documents/ModernDayCircusManager/instagram-moderndaycircus-2026-03-09-mDWWVNXF/connections/followers_and_following/following.json
following.json-0.693111705831053,post,2026-01-08T07:34:09.000Z,"Follow activity on Instagram","","identity","Follow activity on Instagram",following.json,/Users/kriskleva/Documents/ModernDayCircusManager/instagram-moderndaycircus-2026-03-09-mDWWVNXF/connections/followers_and_following/following.json
following.json-0.6940599782441752,post,2026-01-07T22:34:34.000Z,"Follow activity on Instagram","","identity","Follow activity on Instagram",following.json,/Users/kriskleva/Documents/ModernDayCircusManager/instagram-moderndaycircus-2026-03-09-mDWWVNXF/connections/followers_and_following/following.json
following.json-0.7411039757913884,post,2026-01-06T01:02:19.000Z,"Follow activity on Instagram","","identity","Follow activity on Instagram",following.json,/Users/kriskleva/Documents/ModernDayCircusManager/instagram-moderndaycircus-2026-03-09-mDWWVNXF/connections/followers_and_following/following.json
following.json-0.5129312944380218,post,2026-01-05T19:34:50.000Z,"Follow activity on Instagram","","identity","Follow activity on Instagram",following.json,/Users/kriskleva/Documents/ModernDayCircusManager/instagram-moderndaycircus-2026-03-09-mDWWVNXF/connections/followers_and_following/following.json
following.json-0.8989335116185979,post,2026-01-05T19:34:31.000Z,"Follow activity on Instagram","","identity","Follow activity on Instagram",following.json,/Users/kriskleva/Documents/ModernDayCircusManager/instagram-moderndaycircus-2026-03-09-mDWWVNXF/connections/followers_and_following/following.json
following.json-0.1933240089900503,post,2026-01-05T14:20:08.000Z,"Follow activity on Instagram","","identity","Follow activity on Instagram",following.json,/Users/kriskleva/Documents/ModernDayCircusManager/instagram-moderndaycircus-2026-03-09-mDWWVNXF/connections/followers_and_following/following.json
following.json-0.05195055625862488,post,2026-01-04T21:50:46.000Z,"Follow activity on Instagram","","identity","Follow activity on Instagram",following.json,/Users/kriskleva/Documents/ModernDayCircusManager/instagram-moderndaycircus-2026-03-09-mDWWVNXF/connections/followers_and_following/following.json
following.json-0.6095549614307902,post,2026-01-03T11:00:19.000Z,"Follow activity on Instagram","","identity","Follow activity on Instagram",following.json,/Users/kriskleva/Documents/ModernDayCircusManager/instagram-moderndaycircus-2026-03-09-mDWWVNXF/connections/followers_and_following/following.json
following.json-0.6324877965627853,post,2026-01-02T09:43:47.000Z,"Follow activity on Instagram","","identity","Follow activity on Instagram",following.json,/Users/kriskleva/Documents/ModernDayCircusManager/instagram-moderndaycircus-2026-03-09-mDWWVNXF/connections/followers_and_following/following.json
following.json-0.3135378871327896,post,2026-01-01T01:51:42.000Z,"Follow activity on Instagram","","identity","Follow activity on Instagram",following.json,/Users/kriskleva/Documents/ModernDayCircusManager/instagram-moderndaycircus-2026-03-09-mDWWVNXF/connections/followers_and_following/following.json
following.json-0.2086664162451224,post,2025-12-31T17:45:38.000Z,"Follow activity on Instagram","","identity","Follow activity on Instagram",following.json,/Users/kriskleva/Documents/ModernDayCircusManager/instagram-moderndaycircus-2026-03-09-mDWWVNXF/connections/followers_and_following/following.json
following.json-0.4457061398840372,post,2025-12-29T17:39:05.000Z,"Follow activity on Instagram","","identity","Follow activity on Instagram",following.json,/Users/kriskleva/Documents/ModernDayCircusManager/instagram-moderndaycircus-2026-03-09-mDWWVNXF/connections/followers_and_following/following.json
following.json-0.8114624660498113,post,2025-12-29T16:51:59.000Z,"Follow activity on Instagram","","identity","Follow activity on Instagram",following.json,/Users/kriskleva/Documents/ModernDayCircusManager/instagram-moderndaycircus-2026-03-09-mDWWVNXF/connections/followers_and_following/following.json
following.json-0.8905706844996315,post,2025-12-28T18:28:08.000Z,"Follow activity on Instagram","","identity","Follow activity on Instagram",following.json,/Users/kriskleva/Documents/ModernDayCircusManager/instagram-moderndaycircus-2026-03-09-mDWWVNXF/connections/followers_and_following/following.json
following.json-0.4759235780625708,post,2025-12-28T17:06:17.000Z,"Follow activity on Instagram","","identity","Follow activity on Instagram",following.json,/Users/kriskleva/Documents/ModernDayCircusManager/instagram-moderndaycircus-2026-03-09-mDWWVNXF/connections/followers_and_following/following.json
following.json-0.7352100788205527,post,2025-12-28T13:22:22.000Z,"Follow activity on Instagram","","identity","Follow activity on Instagram",following.json,/Users/kriskleva/Documents/ModernDayCircusManager/instagram-moderndaycircus-2026-03-09-mDWWVNXF/connections/followers_and_following/following.json
following.json-0.33823401642161666,post,2025-12-26T15:38:42.000Z,"Follow activity on Instagram","","identity","Follow activity on Instagram",following.json,/Users/kriskleva/Documents/ModernDayCircusManager/instagram-moderndaycircus-2026-03-09-mDWWVNXF/connections/followers_and_following/following.json
following.json-0.1354758478969822,post,2025-12-26T11:56:08.000Z,"Follow activity on Instagram","","identity","Follow activity on Instagram",following.json,/Users/kriskleva/Documents/ModernDayCircusManager/instagram-moderndaycircus-2026-03-09-mDWWVNXF/connections/followers_and_following/following.json
following.json-0.5182031321178702,post,2025-12-26T00:48:23.000Z,"Follow activity on Instagram","","identity","Follow activity on Instagram",following.json,/Users/kriskleva/Documents/ModernDayCircusManager/instagram-moderndaycircus-2026-03-09-mDWWVNXF/connections/followers_and_following/following.json
following.json-0.31082390694799145,post,2025-12-25T20:57:35.000Z,"Follow activity on Instagram","","identity","Follow activity on Instagram",following.json,/Users/kriskleva/Documents/ModernDayCircusManager/instagram-moderndaycircus-2026-03-09-mDWWVNXF/connections/followers_and_following/following.json
following.json-0.12181971412272263,post,2025-12-25T20:44:15.000Z,"Follow activity on Instagram","","identity","Follow activity on Instagram",following.json,/Users/kriskleva/Documents/ModernDayCircusManager/instagram-moderndaycircus-2026-03-09-mDWWVNXF/connections/followers_and_following/following.json
following.json-0.4436612283722381,post,2025-12-25T19:15:50.000Z,"Follow activity on Instagram","","identity","Follow activity on Instagram",following.json,/Users/kriskleva/Documents/ModernDayCircusManager/instagram-moderndaycircus-2026-03-09-mDWWVNXF/connections/followers_and_following/following.json
following.json-0.5014734188387382,post,2025-12-25T19:15:29.000Z,"Follow activity on Instagram","","identity","Follow activity on Instagram",following.json,/Users/kriskleva/Documents/ModernDayCircusManager/instagram-moderndaycircus-2026-03-09-mDWWVNXF/connections/followers_and_following/following.json
following.json-0.912708770637376,post,2025-12-25T16:48:19.000Z,"Follow activity on Instagram","","identity","Follow activity on Instagram",following.json,/Users/kriskleva/Documents/ModernDayCircusManager/instagram-moderndaycircus-2026-03-09-mDWWVNXF/connections/followers_and_following/following.json
following.json-0.8790590208044486,post,2025-12-25T16:48:09.000Z,"Follow activity on Instagram","","identity","Follow activity on Instagram",following.json,/Users/kriskleva/Documents/ModernDayCircusManager/instagram-moderndaycircus-2026-03-09-mDWWVNXF/connections/followers_and_following/following.json
following.json-0.8025300232108403,post,2025-12-25T14:34:50.000Z,"Follow activity on Instagram","","identity","Follow activity on Instagram",following.json,/Users/kriskleva/Documents/ModernDayCircusManager/instagram-moderndaycircus-2026-03-09-mDWWVNXF/connections/followers_and_following/following.json
following.json-0.03542496515924287,post,2025-12-25T14:34:40.000Z,"Follow activity on Instagram","","identity","Follow activity on Instagram",following.json,/Users/kriskleva/Documents/ModernDayCircusManager/instagram-moderndaycircus-2026-03-09-mDWWVNXF/connections/followers_and_following/following.json
following.json-0.6528881058344012,post,2025-12-25T03:27:05.000Z,"Follow activity on Instagram","","identity","Follow activity on Instagram",following.json,/Users/kriskleva/Documents/ModernDayCircusManager/instagram-moderndaycircus-2026-03-09-mDWWVNXF/connections/followers_and_following/following.json
following.json-0.8628830252409994,post,2025-12-24T15:34:39.000Z,"Follow activity on Instagram","","identity","Follow activity on Instagram",following.json,/Users/kriskleva/Documents/ModernDayCircusManager/instagram-moderndaycircus-2026-03-09-mDWWVNXF/connections/followers_and_following/following.json
following.json-0.23838034586522006,post,2025-12-24T15:34:38.000Z,"Follow activity on Instagram","","identity","Follow activity on Instagram",following.json,/Users/kriskleva/Documents/ModernDayCircusManager/instagram-moderndaycircus-2026-03-09-mDWWVNXF/connections/followers_and_following/following.json
following.json-0.5038420414059765,post,2025-12-24T15:34:38.000Z,"Follow activity on Instagram","","identity","Follow activity on Instagram",following.json,/Users/kriskleva/Documents/ModernDayCircusManager/instagram-moderndaycircus-2026-03-09-mDWWVNXF/connections/followers_and_following/following.json
following.json-0.87936191115334,post,2025-12-24T15:34:27.000Z,"Follow activity on Instagram","","identity","Follow activity on Instagram",following.json,/Users/kriskleva/Documents/ModernDayCircusManager/instagram-moderndaycircus-2026-03-09-mDWWVNXF/connections/followers_and_following/following.json
following.json-0.8461974529896263,post,2025-12-24T11:13:43.000Z,"Follow activity on Instagram","","identity","Follow activity on Instagram",following.json,/Users/kriskleva/Documents/ModernDayCircusManager/instagram-moderndaycircus-2026-03-09-mDWWVNXF/connections/followers_and_following/following.json
following.json-0.48748138801273666,post,2025-12-24T11:12:48.000Z,"Follow activity on Instagram","","identity","Follow activity on Instagram",following.json,/Users/kriskleva/Documents/ModernDayCircusManager/instagram-moderndaycircus-2026-03-09-mDWWVNXF/connections/followers_and_following/following.json
following.json-0.37598940924263746,post,2025-12-24T11:12:32.000Z,"Follow activity on Instagram","","identity","Follow activity on Instagram",following.json,/Users/kriskleva/Documents/ModernDayCircusManager/instagram-moderndaycircus-2026-03-09-mDWWVNXF/connections/followers_and_following/following.json
following.json-0.827354766091565,post,2025-12-24T11:12:31.000Z,"Follow activity on Instagram","","identity","Follow activity on Instagram",following.json,/Users/kriskleva/Documents/ModernDayCircusManager/instagram-moderndaycircus-2026-03-09-mDWWVNXF/connections/followers_and_following/following.json
following.json-0.7505530657530599,post,2025-12-24T11:09:24.000Z,"Follow activity on Instagram","","identity","Follow activity on Instagram",following.json,/Users/kriskleva/Documents/ModernDayCircusManager/instagram-moderndaycircus-2026-03-09-mDWWVNXF/connections/followers_and_following/following.json
following.json-0.8899102137521975,post,2025-12-24T11:09:19.000Z,"Follow activity on Instagram","","identity","Follow activity on Instagram",following.json,/Users/kriskleva/Documents/ModernDayCircusManager/instagram-moderndaycircus-2026-03-09-mDWWVNXF/connections/followers_and_following/following.json
following.json-0.7283704995706297,post,2025-12-24T11:09:18.000Z,"Follow activity on Instagram","","identity","Follow activity on Instagram",following.json,/Users/kriskleva/Documents/ModernDayCircusManager/instagram-moderndaycircus-2026-03-09-mDWWVNXF/connections/followers_and_following/following.json
following.json-0.007859391924999626,post,2025-12-24T11:09:05.000Z,"Follow activity on Instagram","","identity","Follow activity on Instagram",following.json,/Users/kriskleva/Documents/ModernDayCircusManager/instagram-moderndaycircus-2026-03-09-mDWWVNXF/connections/followers_and_following/following.json
following.json-0.19304174609371683,post,2025-12-24T11:06:51.000Z,"Follow activity on Instagram","","identity","Follow activity on Instagram",following.json,/Users/kriskleva/Documents/ModernDayCircusManager/instagram-moderndaycircus-2026-03-09-mDWWVNXF/connections/followers_and_following/following.json
following.json-0.4449805330989036,post,2025-12-23T23:19:24.000Z,"Follow activity on Instagram","","identity","Follow activity on Instagram",following.json,/Users/kriskleva/Documents/ModernDayCircusManager/instagram-moderndaycircus-2026-03-09-mDWWVNXF/connections/followers_and_following/following.json
following.json-0.1732332021205356,post,2025-12-23T23:16:53.000Z,"Follow activity on Instagram","","identity","Follow activity on Instagram",following.json,/Users/kriskleva/Documents/ModernDayCircusManager/instagram-moderndaycircus-2026-03-09-mDWWVNXF/connections/followers_and_following/following.json
following.json-0.21676974501527257,post,2025-12-23T23:16:46.000Z,"Follow activity on Instagram","","identity","Follow activity on Instagram",following.json,/Users/kriskleva/Documents/ModernDayCircusManager/instagram-moderndaycircus-2026-03-09-mDWWVNXF/connections/followers_and_following/following.json
following.json-0.7125633569916856,post,2025-12-23T23:16:31.000Z,"Follow activity on Instagram","","identity","Follow activity on Instagram",following.json,/Users/kriskleva/Documents/ModernDayCircusManager/instagram-moderndaycircus-2026-03-09-mDWWVNXF/connections/followers_and_following/following.json
following.json-0.5832098817223468,post,2025-12-23T23:16:04.000Z,"Follow activity on Instagram","","identity","Follow activity on Instagram",following.json,/Users/kriskleva/Documents/ModernDayCircusManager/instagram-moderndaycircus-2026-03-09-mDWWVNXF/connections/followers_and_following/following.json
following.json-0.8944088261956402,post,2025-12-23T22:12:01.000Z,"Follow activity on Instagram","","identity","Follow activity on Instagram",following.json,/Users/kriskleva/Documents/ModernDayCircusManager/instagram-moderndaycircus-2026-03-09-mDWWVNXF/connections/followers_and_following/following.json
following.json-0.23976706647450086,post,2025-12-23T22:11:56.000Z,"Follow activity on Instagram","","identity","Follow activity on Instagram",following.json,/Users/kriskleva/Documents/ModernDayCircusManager/instagram-moderndaycircus-2026-03-09-mDWWVNXF/connections/followers_and_following/following.json
following.json-0.4016047415086095,post,2025-12-23T18:41:59.000Z,"Follow activity on Instagram","","identity","Follow activity on Instagram",following.json,/Users/kriskleva/Documents/ModernDayCircusManager/instagram-moderndaycircus-2026-03-09-mDWWVNXF/connections/followers_and_following/following.json
following.json-0.4548745378202397,post,2025-12-23T18:01:27.000Z,"Follow activity on Instagram","","identity","Follow activity on Instagram",following.json,/Users/kriskleva/Documents/ModernDayCircusManager/instagram-moderndaycircus-2026-03-09-mDWWVNXF/connections/followers_and_following/following.json
following.json-0.3342999551271,post,2025-12-23T14:07:42.000Z,"Follow activity on Instagram","","identity","Follow activity on Instagram",following.json,/Users/kriskleva/Documents/ModernDayCircusManager/instagram-moderndaycircus-2026-03-09-mDWWVNXF/connections/followers_and_following/following.json
following.json-0.8024499325752992,post,2025-12-22T16:08:33.000Z,"Follow activity on Instagram","","identity","Follow activity on Instagram",following.json,/Users/kriskleva/Documents/ModernDayCircusManager/instagram-moderndaycircus-2026-03-09-mDWWVNXF/connections/followers_and_following/following.json
following.json-0.18898053867586584,post,2025-12-22T15:20:51.000Z,"Follow activity on Instagram","","identity","Follow activity on Instagram",following.json,/Users/kriskleva/Documents/ModernDayCircusManager/instagram-moderndaycircus-2026-03-09-mDWWVNXF/connections/followers_and_following/following.json
following.json-0.12275229505135421,post,2025-12-22T15:20:32.000Z,"Follow activity on Instagram","","identity","Follow activity on Instagram",following.json,/Users/kriskleva/Documents/ModernDayCircusManager/instagram-moderndaycircus-2026-03-09-mDWWVNXF/connections/followers_and_following/following.json
following.json-0.8820438155676025,post,2025-12-22T15:20:07.000Z,"Follow activity on Instagram","","identity","Follow activity on Instagram",following.json,/Users/kriskleva/Documents/ModernDayCircusManager/instagram-moderndaycircus-2026-03-09-mDWWVNXF/connections/followers_and_following/following.json
following.json-0.04361748208579885,post,2025-12-22T05:01:03.000Z,"Follow activity on Instagram","","identity","Follow activity on Instagram",following.json,/Users/kriskleva/Documents/ModernDayCircusManager/instagram-moderndaycircus-2026-03-09-mDWWVNXF/connections/followers_and_following/following.json
following.json-0.5132878317995009,post,2025-12-19T21:20:09.000Z,"Follow activity on Instagram","","identity","Follow activity on Instagram",following.json,/Users/kriskleva/Documents/ModernDayCircusManager/instagram-moderndaycircus-2026-03-09-mDWWVNXF/connections/followers_and_following/following.json
following.json-0.022265023550475327,post,2025-12-18T16:01:00.000Z,"Follow activity on Instagram","","identity","Follow activity on Instagram",following.json,/Users/kriskleva/Documents/ModernDayCircusManager/instagram-moderndaycircus-2026-03-09-mDWWVNXF/connections/followers_and_following/following.json
following.json-0.843623437514978,post,2025-12-18T14:36:27.000Z,"Follow activity on Instagram","","identity","Follow activity on Instagram",following.json,/Users/kriskleva/Documents/ModernDayCircusManager/instagram-moderndaycircus-2026-03-09-mDWWVNXF/connections/followers_and_following/following.json
following.json-0.10493621630653549,post,2025-12-18T14:35:40.000Z,"Follow activity on Instagram","","identity","Follow activity on Instagram",following.json,/Users/kriskleva/Documents/ModernDayCircusManager/instagram-moderndaycircus-2026-03-09-mDWWVNXF/connections/followers_and_following/following.json
following.json-0.06155631081659951,post,2025-12-18T14:35:37.000Z,"Follow activity on Instagram","","identity","Follow activity on Instagram",following.json,/Users/kriskleva/Documents/ModernDayCircusManager/instagram-moderndaycircus-2026-03-09-mDWWVNXF/connections/followers_and_following/following.json
following.json-0.7388281413530235,post,2025-12-18T14:35:20.000Z,"Follow activity on Instagram","","identity","Follow activity on Instagram",following.json,/Users/kriskleva/Documents/ModernDayCircusManager/instagram-moderndaycircus-2026-03-09-mDWWVNXF/connections/followers_and_following/following.json
following.json-0.6981695892074493,post,2025-12-18T14:35:14.000Z,"Follow activity on Instagram","","identity","Follow activity on Instagram",following.json,/Users/kriskleva/Documents/ModernDayCircusManager/instagram-moderndaycircus-2026-03-09-mDWWVNXF/connections/followers_and_following/following.json
following.json-0.5783510932637874,post,2025-12-18T14:35:07.000Z,"Follow activity on Instagram","","identity","Follow activity on Instagram",following.json,/Users/kriskleva/Documents/ModernDayCircusManager/instagram-moderndaycircus-2026-03-09-mDWWVNXF/connections/followers_and_following/following.json
following.json-0.10817506770513452,post,2025-12-18T14:35:03.000Z,"Follow activity on Instagram","","identity","Follow activity on Instagram",following.json,/Users/kriskleva/Documents/ModernDayCircusManager/instagram-moderndaycircus-2026-03-09-mDWWVNXF/connections/followers_and_following/following.json
following.json-0.36388180525785563,post,2025-12-18T14:35:02.000Z,"Follow activity on Instagram","","identity","Follow activity on Instagram",following.json,/Users/kriskleva/Documents/ModernDayCircusManager/instagram-moderndaycircus-2026-03-09-mDWWVNXF/connections/followers_and_following/following.json
following.json-0.315217862902917,post,2025-12-18T14:34:59.000Z,"Follow activity on Instagram","","identity","Follow activity on Instagram",following.json,/Users/kriskleva/Documents/ModernDayCircusManager/instagram-moderndaycircus-2026-03-09-mDWWVNXF/connections/followers_and_following/following.json
following.json-0.4580077494806405,post,2025-12-18T14:28:28.000Z,"Follow activity on Instagram","","identity","Follow activity on Instagram",following.json,/Users/kriskleva/Documents/ModernDayCircusManager/instagram-moderndaycircus-2026-03-09-mDWWVNXF/connections/followers_and_following/following.json
following.json-0.5955550363209559,post,2025-12-18T10:01:29.000Z,"Follow activity on Instagram","","identity","Follow activity on Instagram",following.json,/Users/kriskleva/Documents/ModernDayCircusManager/instagram-moderndaycircus-2026-03-09-mDWWVNXF/connections/followers_and_following/following.json
following.json-0.7222373884529789,post,2025-12-18T08:03:19.000Z,"Follow activity on Instagram","","identity","Follow activity on Instagram",following.json,/Users/kriskleva/Documents/ModernDayCircusManager/instagram-moderndaycircus-2026-03-09-mDWWVNXF/connections/followers_and_following/following.json
following.json-0.6292474872980924,post,2025-12-18T08:03:16.000Z,"Follow activity on Instagram","","identity","Follow activity on Instagram",following.json,/Users/kriskleva/Documents/ModernDayCircusManager/instagram-moderndaycircus-2026-03-09-mDWWVNXF/connections/followers_and_following/following.json
following.json-0.8186539152549195,post,2025-12-17T22:49:22.000Z,"Follow activity on Instagram","","identity","Follow activity on Instagram",following.json,/Users/kriskleva/Documents/ModernDayCircusManager/instagram-moderndaycircus-2026-03-09-mDWWVNXF/connections/followers_and_following/following.json
following.json-0.32373251132419956,post,2025-12-17T12:14:36.000Z,"Follow activity on Instagram","","identity","Follow activity on Instagram",following.json,/Users/kriskleva/Documents/ModernDayCircusManager/instagram-moderndaycircus-2026-03-09-mDWWVNXF/connections/followers_and_following/following.json
following.json-0.6065853946965964,post,2025-12-17T04:43:17.000Z,"Follow activity on Instagram","","identity","Follow activity on Instagram",following.json,/Users/kriskleva/Documents/ModernDayCircusManager/instagram-moderndaycircus-2026-03-09-mDWWVNXF/connections/followers_and_following/following.json
following.json-0.7756484817829132,post,2025-12-15T11:37:35.000Z,"Follow activity on Instagram","","identity","Follow activity on Instagram",following.json,/Users/kriskleva/Documents/ModernDayCircusManager/instagram-moderndaycircus-2026-03-09-mDWWVNXF/connections/followers_and_following/following.json
following.json-0.2788357859102373,post,2025-12-14T10:41:06.000Z,"Follow activity on Instagram","","identity","Follow activity on Instagram",following.json,/Users/kriskleva/Documents/ModernDayCircusManager/instagram-moderndaycircus-2026-03-09-mDWWVNXF/connections/followers_and_following/following.json
following.json-0.005363881906147228,post,2025-12-14T10:39:27.000Z,"Follow activity on Instagram","","identity","Follow activity on Instagram",following.json,/Users/kriskleva/Documents/ModernDayCircusManager/instagram-moderndaycircus-2026-03-09-mDWWVNXF/connections/followers_and_following/following.json
following.json-0.7833567330171518,post,2025-12-12T17:37:24.000Z,"Follow activity on Instagram","","identity","Follow activity on Instagram",following.json,/Users/kriskleva/Documents/ModernDayCircusManager/instagram-moderndaycircus-2026-03-09-mDWWVNXF/connections/followers_and_following/following.json
following.json-0.36388141892285764,post,2025-12-12T04:24:20.000Z,"Follow activity on Instagram","","identity","Follow activity on Instagram",following.json,/Users/kriskleva/Documents/ModernDayCircusManager/instagram-moderndaycircus-2026-03-09-mDWWVNXF/connections/followers_and_following/following.json
following.json-0.470306626424738,post,2025-12-11T03:19:06.000Z,"Follow activity on Instagram","","identity","Follow activity on Instagram",following.json,/Users/kriskleva/Documents/ModernDayCircusManager/instagram-moderndaycircus-2026-03-09-mDWWVNXF/connections/followers_and_following/following.json
following.json-0.7751082047693212,post,2025-12-10T18:47:16.000Z,"Follow activity on Instagram","","identity","Follow activity on Instagram",following.json,/Users/kriskleva/Documents/ModernDayCircusManager/instagram-moderndaycircus-2026-03-09-mDWWVNXF/connections/followers_and_following/following.json
following.json-0.6097860494952656,post,2025-12-10T16:42:12.000Z,"Follow activity on Instagram","","identity","Follow activity on Instagram",following.json,/Users/kriskleva/Documents/ModernDayCircusManager/instagram-moderndaycircus-2026-03-09-mDWWVNXF/connections/followers_and_following/following.json
following.json-0.7167388112494653,post,2025-12-10T11:15:41.000Z,"Follow activity on Instagram","","identity","Follow activity on Instagram",following.json,/Users/kriskleva/Documents/ModernDayCircusManager/instagram-moderndaycircus-2026-03-09-mDWWVNXF/connections/followers_and_following/following.json
following.json-0.19569123978367164,post,2025-12-10T10:47:26.000Z,"Follow activity on Instagram","","identity","Follow activity on Instagram",following.json,/Users/kriskleva/Documents/ModernDayCircusManager/instagram-moderndaycircus-2026-03-09-mDWWVNXF/connections/followers_and_following/following.json
following.json-0.4433666415949966,post,2025-12-09T19:09:08.000Z,"Follow activity on Instagram","","identity","Follow activity on Instagram",following.json,/Users/kriskleva/Documents/ModernDayCircusManager/instagram-moderndaycircus-2026-03-09-mDWWVNXF/connections/followers_and_following/following.json
following.json-0.9857841431018204,post,2025-12-09T15:52:15.000Z,"Follow activity on Instagram","","identity","Follow activity on Instagram",following.json,/Users/kriskleva/Documents/ModernDayCircusManager/instagram-moderndaycircus-2026-03-09-mDWWVNXF/connections/followers_and_following/following.json
following.json-0.190005748285907,post,2025-12-09T15:50:29.000Z,"Follow activity on Instagram","","identity","Follow activity on Instagram",following.json,/Users/kriskleva/Documents/ModernDayCircusManager/instagram-moderndaycircus-2026-03-09-mDWWVNXF/connections/followers_and_following/following.json
following.json-0.06246289751579992,post,2025-12-09T15:50:28.000Z,"Follow activity on Instagram","","identity","Follow activity on Instagram",following.json,/Users/kriskleva/Documents/ModernDayCircusManager/instagram-moderndaycircus-2026-03-09-mDWWVNXF/connections/followers_and_following/following.json
following.json-0.5731711005263238,post,2025-12-09T15:50:24.000Z,"Follow activity on Instagram","","identity","Follow activity on Instagram",following.json,/Users/kriskleva/Documents/ModernDayCircusManager/instagram-moderndaycircus-2026-03-09-mDWWVNXF/connections/followers_and_following/following.json
following.json-0.48747657311795645,post,2025-12-09T05:00:03.000Z,"Follow activity on Instagram","","identity","Follow activity on Instagram",following.json,/Users/kriskleva/Documents/ModernDayCircusManager/instagram-moderndaycircus-2026-03-09-mDWWVNXF/connections/followers_and_following/following.json
following.json-0.24448785972823894,post,2025-12-09T04:58:41.000Z,"Follow activity on Instagram","","identity","Follow activity on Instagram",following.json,/Users/kriskleva/Documents/ModernDayCircusManager/instagram-moderndaycircus-2026-03-09-mDWWVNXF/connections/followers_and_following/following.json
following.json-0.30614483915656865,post,2025-12-09T01:39:38.000Z,"Follow activity on Instagram","","identity","Follow activity on Instagram",following.json,/Users/kriskleva/Documents/ModernDayCircusManager/instagram-moderndaycircus-2026-03-09-mDWWVNXF/connections/followers_and_following/following.json
following.json-0.783263888345578,post,2025-12-09T01:34:48.000Z,"Follow activity on Instagram","","identity","Follow activity on Instagram",following.json,/Users/kriskleva/Documents/ModernDayCircusManager/instagram-moderndaycircus-2026-03-09-mDWWVNXF/connections/followers_and_following/following.json
following.json-0.30077609891955337,post,2025-12-08T20:50:07.000Z,"Follow activity on Instagram","","identity","Follow activity on Instagram",following.json,/Users/kriskleva/Documents/ModernDayCircusManager/instagram-moderndaycircus-2026-03-09-mDWWVNXF/connections/followers_and_following/following.json
following.json-0.7898142702421489,post,2025-12-07T20:09:56.000Z,"Follow activity on Instagram","","identity","Follow activity on Instagram",following.json,/Users/kriskleva/Documents/ModernDayCircusManager/instagram-moderndaycircus-2026-03-09-mDWWVNXF/connections/followers_and_following/following.json
following.json-0.7326673555048169,post,2025-12-07T20:09:30.000Z,"Follow activity on Instagram","","identity","Follow activity on Instagram",following.json,/Users/kriskleva/Documents/ModernDayCircusManager/instagram-moderndaycircus-2026-03-09-mDWWVNXF/connections/followers_and_following/following.json
following.json-0.1778794956206342,post,2025-12-07T20:08:01.000Z,"Follow activity on Instagram","","identity","Follow activity on Instagram",following.json,/Users/kriskleva/Documents/ModernDayCircusManager/instagram-moderndaycircus-2026-03-09-mDWWVNXF/connections/followers_and_following/following.json
following.json-0.6905259074984651,post,2025-12-03T00:43:40.000Z,"Follow activity on Instagram","","identity","Follow activity on Instagram",following.json,/Users/kriskleva/Documents/ModernDayCircusManager/instagram-moderndaycircus-2026-03-09-mDWWVNXF/connections/followers_and_following/following.json
following.json-0.0670803246970264,post,2025-12-02T04:39:26.000Z,"Follow activity on Instagram","","identity","Follow activity on Instagram",following.json,/Users/kriskleva/Documents/ModernDayCircusManager/instagram-moderndaycircus-2026-03-09-mDWWVNXF/connections/followers_and_following/following.json
following.json-0.31305133635409454,post,2025-11-30T23:12:37.000Z,"Follow activity on Instagram","","identity","Follow activity on Instagram",following.json,/Users/kriskleva/Documents/ModernDayCircusManager/instagram-moderndaycircus-2026-03-09-mDWWVNXF/connections/followers_and_following/following.json
following.json-0.5729493888300381,post,2025-11-28T10:50:31.000Z,"Follow activity on Instagram","","identity","Follow activity on Instagram",following.json,/Users/kriskleva/Documents/ModernDayCircusManager/instagram-moderndaycircus-2026-03-09-mDWWVNXF/connections/followers_and_following/following.json
following.json-0.906577010926195,post,2025-11-27T15:23:21.000Z,"Follow activity on Instagram","","identity","Follow activity on Instagram",following.json,/Users/kriskleva/Documents/ModernDayCircusManager/instagram-moderndaycircus-2026-03-09-mDWWVNXF/connections/followers_and_following/following.json
following.json-0.10967390549565681,post,2025-11-26T18:16:40.000Z,"Follow activity on Instagram","","identity","Follow activity on Instagram",following.json,/Users/kriskleva/Documents/ModernDayCircusManager/instagram-moderndaycircus-2026-03-09-mDWWVNXF/connections/followers_and_following/following.json
following.json-0.7812307122953752,post,2025-11-26T18:14:56.000Z,"Follow activity on Instagram","","identity","Follow activity on Instagram",following.json,/Users/kriskleva/Documents/ModernDayCircusManager/instagram-moderndaycircus-2026-03-09-mDWWVNXF/connections/followers_and_following/following.json
following.json-0.2714232944831019,post,2025-11-26T12:14:32.000Z,"Follow activity on Instagram","","identity","Follow activity on Instagram",following.json,/Users/kriskleva/Documents/ModernDayCircusManager/instagram-moderndaycircus-2026-03-09-mDWWVNXF/connections/followers_and_following/following.json
following.json-0.00024372457661336888,post,2025-11-26T12:12:01.000Z,"Follow activity on Instagram","","identity","Follow activity on Instagram",following.json,/Users/kriskleva/Documents/ModernDayCircusManager/instagram-moderndaycircus-2026-03-09-mDWWVNXF/connections/followers_and_following/following.json
following.json-0.4979243548657233,post,2025-11-26T12:11:56.000Z,"Follow activity on Instagram","","identity","Follow activity on Instagram",following.json,/Users/kriskleva/Documents/ModernDayCircusManager/instagram-moderndaycircus-2026-03-09-mDWWVNXF/connections/followers_and_following/following.json
following.json-0.21227756570428546,post,2025-11-26T12:11:22.000Z,"Follow activity on Instagram","","identity","Follow activity on Instagram",following.json,/Users/kriskleva/Documents/ModernDayCircusManager/instagram-moderndaycircus-2026-03-09-mDWWVNXF/connections/followers_and_following/following.json
following.json-0.49959340261799,post,2025-11-26T12:11:22.000Z,"Follow activity on Instagram","","identity","Follow activity on Instagram",following.json,/Users/kriskleva/Documents/ModernDayCircusManager/instagram-moderndaycircus-2026-03-09-mDWWVNXF/connections/followers_and_following/following.json
following.json-0.968627064615001,post,2025-11-26T12:09:34.000Z,"Follow activity on Instagram","","identity","Follow activity on Instagram",following.json,/Users/kriskleva/Documents/ModernDayCircusManager/instagram-moderndaycircus-2026-03-09-mDWWVNXF/connections/followers_and_following/following.json
following.json-0.18960237129399382,post,2025-11-26T10:11:13.000Z,"Follow activity on Instagram","","identity","Follow activity on Instagram",following.json,/Users/kriskleva/Documents/ModernDayCircusManager/instagram-moderndaycircus-2026-03-09-mDWWVNXF/connections/followers_and_following/following.json
following.json-0.4480909604692922,post,2025-11-24T22:22:06.000Z,"Follow activity on Instagram","","identity","Follow activity on Instagram",following.json,/Users/kriskleva/Documents/ModernDayCircusManager/instagram-moderndaycircus-2026-03-09-mDWWVNXF/connections/followers_and_following/following.json
following.json-0.8532300704732239,post,2025-11-24T03:26:36.000Z,"Follow activity on Instagram","","identity","Follow activity on Instagram",following.json,/Users/kriskleva/Documents/ModernDayCircusManager/instagram-moderndaycircus-2026-03-09-mDWWVNXF/connections/followers_and_following/following.json
following.json-0.9232913574812271,post,2025-11-22T18:10:14.000Z,"Follow activity on Instagram","","identity","Follow activity on Instagram",following.json,/Users/kriskleva/Documents/ModernDayCircusManager/instagram-moderndaycircus-2026-03-09-mDWWVNXF/connections/followers_and_following/following.json
following.json-0.013475204473457847,post,2025-11-22T14:23:37.000Z,"Follow activity on Instagram","","identity","Follow activity on Instagram",following.json,/Users/kriskleva/Documents/ModernDayCircusManager/instagram-moderndaycircus-2026-03-09-mDWWVNXF/connections/followers_and_following/following.json
following.json-0.8821793864358043,post,2025-11-22T12:31:58.000Z,"Follow activity on Instagram","","identity","Follow activity on Instagram",following.json,/Users/kriskleva/Documents/ModernDayCircusManager/instagram-moderndaycircus-2026-03-09-mDWWVNXF/connections/followers_and_following/following.json
following.json-0.2497005301005446,post,2025-11-22T11:13:27.000Z,"Follow activity on Instagram","","identity","Follow activity on Instagram",following.json,/Users/kriskleva/Documents/ModernDayCircusManager/instagram-moderndaycircus-2026-03-09-mDWWVNXF/connections/followers_and_following/following.json
following.json-0.125337599857952,post,2025-11-21T10:55:52.000Z,"Follow activity on Instagram","","identity","Follow activity on Instagram",following.json,/Users/kriskleva/Documents/ModernDayCircusManager/instagram-moderndaycircus-2026-03-09-mDWWVNXF/connections/followers_and_following/following.json
following.json-0.7020490971684901,post,2025-11-21T10:55:34.000Z,"Follow activity on Instagram","","identity","Follow activity on Instagram",following.json,/Users/kriskleva/Documents/ModernDayCircusManager/instagram-moderndaycircus-2026-03-09-mDWWVNXF/connections/followers_and_following/following.json
following.json-0.7972228972828921,post,2025-11-21T10:55:33.000Z,"Follow activity on Instagram","","identity","Follow activity on Instagram",following.json,/Users/kriskleva/Documents/ModernDayCircusManager/instagram-moderndaycircus-2026-03-09-mDWWVNXF/connections/followers_and_following/following.json
following.json-0.3397904826907472,post,2025-11-21T10:54:48.000Z,"Follow activity on Instagram","","identity","Follow activity on Instagram",following.json,/Users/kriskleva/Documents/ModernDayCircusManager/instagram-moderndaycircus-2026-03-09-mDWWVNXF/connections/followers_and_following/following.json
following.json-0.04957361070200239,post,2025-11-21T10:54:18.000Z,"Follow activity on Instagram","","identity","Follow activity on Instagram",following.json,/Users/kriskleva/Documents/ModernDayCircusManager/instagram-moderndaycircus-2026-03-09-mDWWVNXF/connections/followers_and_following/following.json
following.json-0.8655460513402411,post,2025-11-21T10:53:37.000Z,"Follow activity on Instagram","","identity","Follow activity on Instagram",following.json,/Users/kriskleva/Documents/ModernDayCircusManager/instagram-moderndaycircus-2026-03-09-mDWWVNXF/connections/followers_and_following/following.json
following.json-0.47495957123861254,post,2025-11-17T11:03:45.000Z,"Follow activity on Instagram","","identity","Follow activity on Instagram",following.json,/Users/kriskleva/Documents/ModernDayCircusManager/instagram-moderndaycircus-2026-03-09-mDWWVNXF/connections/followers_and_following/following.json
following.json-0.7927088061919292,post,2025-11-17T09:24:05.000Z,"Follow activity on Instagram","","identity","Follow activity on Instagram",following.json,/Users/kriskleva/Documents/ModernDayCircusManager/instagram-moderndaycircus-2026-03-09-mDWWVNXF/connections/followers_and_following/following.json
following.json-0.2468465027796547,post,2025-11-15T18:52:52.000Z,"Follow activity on Instagram","","identity","Follow activity on Instagram",following.json,/Users/kriskleva/Documents/ModernDayCircusManager/instagram-moderndaycircus-2026-03-09-mDWWVNXF/connections/followers_and_following/following.json
following.json-0.3473745198904259,post,2025-11-11T15:54:38.000Z,"Follow activity on Instagram","","identity","Follow activity on Instagram",following.json,/Users/kriskleva/Documents/ModernDayCircusManager/instagram-moderndaycircus-2026-03-09-mDWWVNXF/connections/followers_and_following/following.json
following.json-0.7919450613554124,post,2025-11-11T13:14:52.000Z,"Follow activity on Instagram","","identity","Follow activity on Instagram",following.json,/Users/kriskleva/Documents/ModernDayCircusManager/instagram-moderndaycircus-2026-03-09-mDWWVNXF/connections/followers_and_following/following.json
following.json-0.5895369074911305,post,2025-11-11T10:44:54.000Z,"Follow activity on Instagram","","identity","Follow activity on Instagram",following.json,/Users/kriskleva/Documents/ModernDayCircusManager/instagram-moderndaycircus-2026-03-09-mDWWVNXF/connections/followers_and_following/following.json
following.json-0.9692270328675936,post,2025-11-11T10:42:53.000Z,"Follow activity on Instagram","","identity","Follow activity on Instagram",following.json,/Users/kriskleva/Documents/ModernDayCircusManager/instagram-moderndaycircus-2026-03-09-mDWWVNXF/connections/followers_and_following/following.json
following.json-0.43181729339815433,post,2025-11-10T18:38:27.000Z,"Follow activity on Instagram","","identity","Follow activity on Instagram",following.json,/Users/kriskleva/Documents/ModernDayCircusManager/instagram-moderndaycircus-2026-03-09-mDWWVNXF/connections/followers_and_following/following.json
following.json-0.8835914678194352,post,2025-11-10T18:38:20.000Z,"Follow activity on Instagram","","identity","Follow activity on Instagram",following.json,/Users/kriskleva/Documents/ModernDayCircusManager/instagram-moderndaycircus-2026-03-09-mDWWVNXF/connections/followers_and_following/following.json
following.json-0.8285527642089379,post,2025-11-05T20:21:11.000Z,"Follow activity on Instagram","","identity","Follow activity on Instagram",following.json,/Users/kriskleva/Documents/ModernDayCircusManager/instagram-moderndaycircus-2026-03-09-mDWWVNXF/connections/followers_and_following/following.json
following.json-0.21804463956295783,post,2025-11-05T13:07:01.000Z,"Follow activity on Instagram","","identity","Follow activity on Instagram",following.json,/Users/kriskleva/Documents/ModernDayCircusManager/instagram-moderndaycircus-2026-03-09-mDWWVNXF/connections/followers_and_following/following.json
following.json-0.7439212043466474,post,2025-11-04T14:23:09.000Z,"Follow activity on Instagram","","identity","Follow activity on Instagram",following.json,/Users/kriskleva/Documents/ModernDayCircusManager/instagram-moderndaycircus-2026-03-09-mDWWVNXF/connections/followers_and_following/following.json
following.json-0.9321407559343309,post,2025-11-02T18:40:05.000Z,"Follow activity on Instagram","","identity","Follow activity on Instagram",following.json,/Users/kriskleva/Documents/ModernDayCircusManager/instagram-moderndaycircus-2026-03-09-mDWWVNXF/connections/followers_and_following/following.json
following.json-0.34289324613685435,post,2025-10-28T21:00:07.000Z,"Follow activity on Instagram","","identity","Follow activity on Instagram",following.json,/Users/kriskleva/Documents/ModernDayCircusManager/instagram-moderndaycircus-2026-03-09-mDWWVNXF/connections/followers_and_following/following.json
following.json-0.7098208725539228,post,2025-10-26T11:43:56.000Z,"Follow activity on Instagram","","identity","Follow activity on Instagram",following.json,/Users/kriskleva/Documents/ModernDayCircusManager/instagram-moderndaycircus-2026-03-09-mDWWVNXF/connections/followers_and_following/following.json
following.json-0.13624736692942818,post,2025-10-26T11:31:45.000Z,"Follow activity on Instagram","","identity","Follow activity on Instagram",following.json,/Users/kriskleva/Documents/ModernDayCircusManager/instagram-moderndaycircus-2026-03-09-mDWWVNXF/connections/followers_and_following/following.json
following.json-0.20213885833957645,post,2025-10-26T10:28:31.000Z,"Follow activity on Instagram","","identity","Follow activity on Instagram",following.json,/Users/kriskleva/Documents/ModernDayCircusManager/instagram-moderndaycircus-2026-03-09-mDWWVNXF/connections/followers_and_following/following.json
following.json-0.3121148788933312,post,2025-10-26T09:58:51.000Z,"Follow activity on Instagram","","identity","Follow activity on Instagram",following.json,/Users/kriskleva/Documents/ModernDayCircusManager/instagram-moderndaycircus-2026-03-09-mDWWVNXF/connections/followers_and_following/following.json
following.json-0.06796043237495342,post,2025-10-26T09:58:18.000Z,"Follow activity on Instagram","","identity","Follow activity on Instagram",following.json,/Users/kriskleva/Documents/ModernDayCircusManager/instagram-moderndaycircus-2026-03-09-mDWWVNXF/connections/followers_and_following/following.json
following.json-0.8476097017988036,post,2025-10-25T12:30:55.000Z,"Follow activity on Instagram","","identity","Follow activity on Instagram",following.json,/Users/kriskleva/Documents/ModernDayCircusManager/instagram-moderndaycircus-2026-03-09-mDWWVNXF/connections/followers_and_following/following.json
following.json-0.4507087147665654,post,2025-10-23T18:33:30.000Z,"Follow activity on Instagram","","identity","Follow activity on Instagram",following.json,/Users/kriskleva/Documents/ModernDayCircusManager/instagram-moderndaycircus-2026-03-09-mDWWVNXF/connections/followers_and_following/following.json
following.json-0.47059164377732565,post,2025-10-23T18:33:06.000Z,"Follow activity on Instagram","","identity","Follow activity on Instagram",following.json,/Users/kriskleva/Documents/ModernDayCircusManager/instagram-moderndaycircus-2026-03-09-mDWWVNXF/connections/followers_and_following/following.json
following.json-0.5548904561808021,post,2025-10-23T18:33:04.000Z,"Follow activity on Instagram","","identity","Follow activity on Instagram",following.json,/Users/kriskleva/Documents/ModernDayCircusManager/instagram-moderndaycircus-2026-03-09-mDWWVNXF/connections/followers_and_following/following.json
following.json-0.2963894296365963,post,2025-10-22T17:12:19.000Z,"Follow activity on Instagram","","identity","Follow activity on Instagram",following.json,/Users/kriskleva/Documents/ModernDayCircusManager/instagram-moderndaycircus-2026-03-09-mDWWVNXF/connections/followers_and_following/following.json
following.json-0.7077801753113593,post,2025-10-17T18:56:17.000Z,"Follow activity on Instagram","","identity","Follow activity on Instagram",following.json,/Users/kriskleva/Documents/ModernDayCircusManager/instagram-moderndaycircus-2026-03-09-mDWWVNXF/connections/followers_and_following/following.json
following.json-0.4271840544145815,post,2025-10-15T18:11:34.000Z,"Follow activity on Instagram","","identity","Follow activity on Instagram",following.json,/Users/kriskleva/Documents/ModernDayCircusManager/instagram-moderndaycircus-2026-03-09-mDWWVNXF/connections/followers_and_following/following.json
following.json-0.05505655261134912,post,2025-10-14T13:00:02.000Z,"Follow activity on Instagram","","identity","Follow activity on Instagram",following.json,/Users/kriskleva/Documents/ModernDayCircusManager/instagram-moderndaycircus-2026-03-09-mDWWVNXF/connections/followers_and_following/following.json
following.json-0.8848180182987886,post,2025-10-07T00:43:10.000Z,"Follow activity on Instagram","","identity","Follow activity on Instagram",following.json,/Users/kriskleva/Documents/ModernDayCircusManager/instagram-moderndaycircus-2026-03-09-mDWWVNXF/connections/followers_and_following/following.json
following.json-0.052227721444048525,post,2025-10-06T20:02:40.000Z,"Follow activity on Instagram","","identity","Follow activity on Instagram",following.json,/Users/kriskleva/Documents/ModernDayCircusManager/instagram-moderndaycircus-2026-03-09-mDWWVNXF/connections/followers_and_following/following.json
following.json-0.9152623440958303,post,2025-10-06T20:02:27.000Z,"Follow activity on Instagram","","identity","Follow activity on Instagram",following.json,/Users/kriskleva/Documents/ModernDayCircusManager/instagram-moderndaycircus-2026-03-09-mDWWVNXF/connections/followers_and_following/following.json
following.json-0.6383226236667308,post,2025-10-06T17:37:46.000Z,"Follow activity on Instagram","","identity","Follow activity on Instagram",following.json,/Users/kriskleva/Documents/ModernDayCircusManager/instagram-moderndaycircus-2026-03-09-mDWWVNXF/connections/followers_and_following/following.json
following.json-0.4358825863775624,post,2025-10-06T17:36:30.000Z,"Follow activity on Instagram","","identity","Follow activity on Instagram",following.json,/Users/kriskleva/Documents/ModernDayCircusManager/instagram-moderndaycircus-2026-03-09-mDWWVNXF/connections/followers_and_following/following.json
following.json-0.8837899187337042,post,2025-10-06T17:35:22.000Z,"Follow activity on Instagram","","identity","Follow activity on Instagram",following.json,/Users/kriskleva/Documents/ModernDayCircusManager/instagram-moderndaycircus-2026-03-09-mDWWVNXF/connections/followers_and_following/following.json
following.json-0.2203573834833581,post,2025-10-06T11:20:31.000Z,"Follow activity on Instagram","","identity","Follow activity on Instagram",following.json,/Users/kriskleva/Documents/ModernDayCircusManager/instagram-moderndaycircus-2026-03-09-mDWWVNXF/connections/followers_and_following/following.json
following.json-0.5038527673264823,post,2025-10-06T11:20:26.000Z,"Follow activity on Instagram","","identity","Follow activity on Instagram",following.json,/Users/kriskleva/Documents/ModernDayCircusManager/instagram-moderndaycircus-2026-03-09-mDWWVNXF/connections/followers_and_following/following.json
following.json-0.606266157529205,post,2025-10-06T11:05:44.000Z,"Follow activity on Instagram","","identity","Follow activity on Instagram",following.json,/Users/kriskleva/Documents/ModernDayCircusManager/instagram-moderndaycircus-2026-03-09-mDWWVNXF/connections/followers_and_following/following.json
following.json-0.08227968907244443,post,2025-09-14T22:43:14.000Z,"Follow activity on Instagram","","identity","Follow activity on Instagram",following.json,/Users/kriskleva/Documents/ModernDayCircusManager/instagram-moderndaycircus-2026-03-09-mDWWVNXF/connections/followers_and_following/following.json
following.json-0.45503389572210096,post,2025-09-13T14:19:48.000Z,"Follow activity on Instagram","","identity","Follow activity on Instagram",following.json,/Users/kriskleva/Documents/ModernDayCircusManager/instagram-moderndaycircus-2026-03-09-mDWWVNXF/connections/followers_and_following/following.json
following.json-0.7522086659407563,post,2025-09-08T17:09:55.000Z,"Follow activity on Instagram","","identity","Follow activity on Instagram",following.json,/Users/kriskleva/Documents/ModernDayCircusManager/instagram-moderndaycircus-2026-03-09-mDWWVNXF/connections/followers_and_following/following.json
following.json-0.3370646101614141,post,2025-08-25T10:18:36.000Z,"Follow activity on Instagram","","identity","Follow activity on Instagram",following.json,/Users/kriskleva/Documents/ModernDayCircusManager/instagram-moderndaycircus-2026-03-09-mDWWVNXF/connections/followers_and_following/following.json
following.json-0.848622478498295,post,2025-08-12T22:26:57.000Z,"Follow activity on Instagram","","identity","Follow activity on Instagram",following.json,/Users/kriskleva/Documents/ModernDayCircusManager/instagram-moderndaycircus-2026-03-09-mDWWVNXF/connections/followers_and_following/following.json
following.json-0.07393725104934323,post,2025-08-10T21:24:24.000Z,"Follow activity on Instagram","","identity","Follow activity on Instagram",following.json,/Users/kriskleva/Documents/ModernDayCircusManager/instagram-moderndaycircus-2026-03-09-mDWWVNXF/connections/followers_and_following/following.json
following.json-0.34803242366272547,post,2025-08-10T21:16:46.000Z,"Follow activity on Instagram","","identity","Follow activity on Instagram",following.json,/Users/kriskleva/Documents/ModernDayCircusManager/instagram-moderndaycircus-2026-03-09-mDWWVNXF/connections/followers_and_following/following.json
following.json-0.8006781968509882,post,2025-08-07T13:12:40.000Z,"Follow activity on Instagram","","identity","Follow activity on Instagram",following.json,/Users/kriskleva/Documents/ModernDayCircusManager/instagram-moderndaycircus-2026-03-09-mDWWVNXF/connections/followers_and_following/following.json
following.json-0.8211728669006133,post,2025-08-06T23:16:06.000Z,"Follow activity on Instagram","","identity","Follow activity on Instagram",following.json,/Users/kriskleva/Documents/ModernDayCircusManager/instagram-moderndaycircus-2026-03-09-mDWWVNXF/connections/followers_and_following/following.json
following.json-0.6278636150436345,post,2025-08-06T13:30:14.000Z,"Follow activity on Instagram","","identity","Follow activity on Instagram",following.json,/Users/kriskleva/Documents/ModernDayCircusManager/instagram-moderndaycircus-2026-03-09-mDWWVNXF/connections/followers_and_following/following.json
following.json-0.23942438503054575,post,2025-08-05T13:47:12.000Z,"Follow activity on Instagram","","identity","Follow activity on Instagram",following.json,/Users/kriskleva/Documents/ModernDayCircusManager/instagram-moderndaycircus-2026-03-09-mDWWVNXF/connections/followers_and_following/following.json
following.json-0.9929574000479691,post,2025-08-05T13:13:47.000Z,"Follow activity on Instagram","","identity","Follow activity on Instagram",following.json,/Users/kriskleva/Documents/ModernDayCircusManager/instagram-moderndaycircus-2026-03-09-mDWWVNXF/connections/followers_and_following/following.json
following.json-0.9574913039811697,post,2025-08-03T11:36:23.000Z,"Follow activity on Instagram","","identity","Follow activity on Instagram",following.json,/Users/kriskleva/Documents/ModernDayCircusManager/instagram-moderndaycircus-2026-03-09-mDWWVNXF/connections/followers_and_following/following.json
following.json-0.8557997719506618,post,2025-08-03T01:55:15.000Z,"Follow activity on Instagram","","identity","Follow activity on Instagram",following.json,/Users/kriskleva/Documents/ModernDayCircusManager/instagram-moderndaycircus-2026-03-09-mDWWVNXF/connections/followers_and_following/following.json
following.json-0.21490420076673034,post,2025-06-05T16:20:32.000Z,"Follow activity on Instagram","","identity","Follow activity on Instagram",following.json,/Users/kriskleva/Documents/ModernDayCircusManager/instagram-moderndaycircus-2026-03-09-mDWWVNXF/connections/followers_and_following/following.json
following.json-0.15828631937760074,post,2025-05-15T23:58:08.000Z,"Follow activity on Instagram","","identity","Follow activity on Instagram",following.json,/Users/kriskleva/Documents/ModernDayCircusManager/instagram-moderndaycircus-2026-03-09-mDWWVNXF/connections/followers_and_following/following.json
following.json-0.6381132424855949,post,2025-05-14T13:52:59.000Z,"Follow activity on Instagram","","identity","Follow activity on Instagram",following.json,/Users/kriskleva/Documents/ModernDayCircusManager/instagram-moderndaycircus-2026-03-09-mDWWVNXF/connections/followers_and_following/following.json
following.json-0.6691122206769218,post,2025-05-14T13:52:34.000Z,"Follow activity on Instagram","","identity","Follow activity on Instagram",following.json,/Users/kriskleva/Documents/ModernDayCircusManager/instagram-moderndaycircus-2026-03-09-mDWWVNXF/connections/followers_and_following/following.json
following.json-0.5379253037480027,post,2025-05-13T21:59:05.000Z,"Follow activity on Instagram","","identity","Follow activity on Instagram",following.json,/Users/kriskleva/Documents/ModernDayCircusManager/instagram-moderndaycircus-2026-03-09-mDWWVNXF/connections/followers_and_following/following.json
following.json-0.8313863231635703,post,2025-05-13T21:41:37.000Z,"Follow activity on Instagram","","identity","Follow activity on Instagram",following.json,/Users/kriskleva/Documents/ModernDayCircusManager/instagram-moderndaycircus-2026-03-09-mDWWVNXF/connections/followers_and_following/following.json
following.json-0.052422322353555595,post,2025-05-09T17:58:29.000Z,"Follow activity on Instagram","","identity","Follow activity on Instagram",following.json,/Users/kriskleva/Documents/ModernDayCircusManager/instagram-moderndaycircus-2026-03-09-mDWWVNXF/connections/followers_and_following/following.json
following.json-0.25779039797059955,post,2025-05-09T10:05:15.000Z,"Follow activity on Instagram","","identity","Follow activity on Instagram",following.json,/Users/kriskleva/Documents/ModernDayCircusManager/instagram-moderndaycircus-2026-03-09-mDWWVNXF/connections/followers_and_following/following.json
following.json-0.002867853354170169,post,2025-05-08T12:47:46.000Z,"Follow activity on Instagram","","identity","Follow activity on Instagram",following.json,/Users/kriskleva/Documents/ModernDayCircusManager/instagram-moderndaycircus-2026-03-09-mDWWVNXF/connections/followers_and_following/following.json
following.json-0.3712253711673781,post,2025-05-06T22:48:54.000Z,"Follow activity on Instagram","","identity","Follow activity on Instagram",following.json,/Users/kriskleva/Documents/ModernDayCircusManager/instagram-moderndaycircus-2026-03-09-mDWWVNXF/connections/followers_and_following/following.json
following.json-0.5470977815528271,post,2025-05-01T21:06:06.000Z,"Follow activity on Instagram","","identity","Follow activity on Instagram",following.json,/Users/kriskleva/Documents/ModernDayCircusManager/instagram-moderndaycircus-2026-03-09-mDWWVNXF/connections/followers_and_following/following.json
following.json-0.8140615240554767,post,2025-04-29T16:21:49.000Z,"Follow activity on Instagram","","identity","Follow activity on Instagram",following.json,/Users/kriskleva/Documents/ModernDayCircusManager/instagram-moderndaycircus-2026-03-09-mDWWVNXF/connections/followers_and_following/following.json
following.json-0.6829968628881051,post,2025-04-28T12:04:26.000Z,"Follow activity on Instagram","","identity","Follow activity on Instagram",following.json,/Users/kriskleva/Documents/ModernDayCircusManager/instagram-moderndaycircus-2026-03-09-mDWWVNXF/connections/followers_and_following/following.json
following.json-0.9915003196447256,post,2025-04-27T15:10:26.000Z,"Follow activity on Instagram","","identity","Follow activity on Instagram",following.json,/Users/kriskleva/Documents/ModernDayCircusManager/instagram-moderndaycircus-2026-03-09-mDWWVNXF/connections/followers_and_following/following.json
following.json-0.3727955875905824,post,2025-04-27T15:10:25.000Z,"Follow activity on Instagram","","identity","Follow activity on Instagram",following.json,/Users/kriskleva/Documents/ModernDayCircusManager/instagram-moderndaycircus-2026-03-09-mDWWVNXF/connections/followers_and_following/following.json
following.json-0.5438844158801146,post,2025-04-14T17:02:48.000Z,"Follow activity on Instagram","","identity","Follow activity on Instagram",following.json,/Users/kriskleva/Documents/ModernDayCircusManager/instagram-moderndaycircus-2026-03-09-mDWWVNXF/connections/followers_and_following/following.json
following.json-0.42762633840001163,post,2025-04-14T17:02:46.000Z,"Follow activity on Instagram","","identity","Follow activity on Instagram",following.json,/Users/kriskleva/Documents/ModernDayCircusManager/instagram-moderndaycircus-2026-03-09-mDWWVNXF/connections/followers_and_following/following.json
following.json-0.8079208324624878,post,2025-04-05T16:31:57.000Z,"Follow activity on Instagram","","identity","Follow activity on Instagram",following.json,/Users/kriskleva/Documents/ModernDayCircusManager/instagram-moderndaycircus-2026-03-09-mDWWVNXF/connections/followers_and_following/following.json
following.json-0.7095168931586706,post,2025-04-02T13:06:50.000Z,"Follow activity on Instagram","","identity","Follow activity on Instagram",following.json,/Users/kriskleva/Documents/ModernDayCircusManager/instagram-moderndaycircus-2026-03-09-mDWWVNXF/connections/followers_and_following/following.json
following.json-0.6430910675856034,post,2025-03-26T12:52:24.000Z,"Follow activity on Instagram","","identity","Follow activity on Instagram",following.json,/Users/kriskleva/Documents/ModernDayCircusManager/instagram-moderndaycircus-2026-03-09-mDWWVNXF/connections/followers_and_following/following.json
following.json-0.422311125846873,post,2025-03-21T19:44:45.000Z,"Follow activity on Instagram","","identity","Follow activity on Instagram",following.json,/Users/kriskleva/Documents/ModernDayCircusManager/instagram-moderndaycircus-2026-03-09-mDWWVNXF/connections/followers_and_following/following.json
following.json-0.788440228167623,post,2025-02-24T11:55:42.000Z,"Follow activity on Instagram","","identity","Follow activity on Instagram",following.json,/Users/kriskleva/Documents/ModernDayCircusManager/instagram-moderndaycircus-2026-03-09-mDWWVNXF/connections/followers_and_following/following.json
following.json-0.7483234528224194,post,2025-02-21T12:57:15.000Z,"Follow activity on Instagram","","identity","Follow activity on Instagram",following.json,/Users/kriskleva/Documents/ModernDayCircusManager/instagram-moderndaycircus-2026-03-09-mDWWVNXF/connections/followers_and_following/following.json
following.json-0.024713687639645654,post,2025-02-16T14:14:50.000Z,"Follow activity on Instagram","","identity","Follow activity on Instagram",following.json,/Users/kriskleva/Documents/ModernDayCircusManager/instagram-moderndaycircus-2026-03-09-mDWWVNXF/connections/followers_and_following/following.json
following.json-0.820048857566511,post,2025-01-18T15:03:02.000Z,"Follow activity on Instagram","","identity","Follow activity on Instagram",following.json,/Users/kriskleva/Documents/ModernDayCircusManager/instagram-moderndaycircus-2026-03-09-mDWWVNXF/connections/followers_and_following/following.json
following.json-0.49492212061572993,post,2024-12-24T19:35:23.000Z,"Follow activity on Instagram","","identity","Follow activity on Instagram",following.json,/Users/kriskleva/Documents/ModernDayCircusManager/instagram-moderndaycircus-2026-03-09-mDWWVNXF/connections/followers_and_following/following.json
following.json-0.5825816665197454,post,2024-12-08T15:25:18.000Z,"Follow activity on Instagram","","identity","Follow activity on Instagram",following.json,/Users/kriskleva/Documents/ModernDayCircusManager/instagram-moderndaycircus-2026-03-09-mDWWVNXF/connections/followers_and_following/following.json
following.json-0.8076007539234276,post,2024-12-07T01:16:22.000Z,"Follow activity on Instagram","","identity","Follow activity on Instagram",following.json,/Users/kriskleva/Documents/ModernDayCircusManager/instagram-moderndaycircus-2026-03-09-mDWWVNXF/connections/followers_and_following/following.json
following.json-0.06659368173606106,post,2024-12-06T19:51:04.000Z,"Follow activity on Instagram","","identity","Follow activity on Instagram",following.json,/Users/kriskleva/Documents/ModernDayCircusManager/instagram-moderndaycircus-2026-03-09-mDWWVNXF/connections/followers_and_following/following.json
following.json-0.4662574124202927,post,2024-12-05T03:48:35.000Z,"Follow activity on Instagram","","identity","Follow activity on Instagram",following.json,/Users/kriskleva/Documents/ModernDayCircusManager/instagram-moderndaycircus-2026-03-09-mDWWVNXF/connections/followers_and_following/following.json
following.json-0.8817331231723384,post,2024-11-25T19:49:32.000Z,"Follow activity on Instagram","","identity","Follow activity on Instagram",following.json,/Users/kriskleva/Documents/ModernDayCircusManager/instagram-moderndaycircus-2026-03-09-mDWWVNXF/connections/followers_and_following/following.json
following.json-0.4225456690444309,post,2024-11-25T12:08:44.000Z,"Follow activity on Instagram","","identity","Follow activity on Instagram",following.json,/Users/kriskleva/Documents/ModernDayCircusManager/instagram-moderndaycircus-2026-03-09-mDWWVNXF/connections/followers_and_following/following.json
following.json-0.18263633704139726,post,2024-11-23T16:23:31.000Z,"Follow activity on Instagram","","identity","Follow activity on Instagram",following.json,/Users/kriskleva/Documents/ModernDayCircusManager/instagram-moderndaycircus-2026-03-09-mDWWVNXF/connections/followers_and_following/following.json
following.json-0.8123188675939645,post,2024-11-14T12:29:48.000Z,"Follow activity on Instagram","","identity","Follow activity on Instagram",following.json,/Users/kriskleva/Documents/ModernDayCircusManager/instagram-moderndaycircus-2026-03-09-mDWWVNXF/connections/followers_and_following/following.json
following.json-0.9189059781065003,post,2024-11-14T12:04:58.000Z,"Follow activity on Instagram","","identity","Follow activity on Instagram",following.json,/Users/kriskleva/Documents/ModernDayCircusManager/instagram-moderndaycircus-2026-03-09-mDWWVNXF/connections/followers_and_following/following.json
following.json-0.3711457828944136,post,2024-11-12T12:06:42.000Z,"Follow activity on Instagram","","identity","Follow activity on Instagram",following.json,/Users/kriskleva/Documents/ModernDayCircusManager/instagram-moderndaycircus-2026-03-09-mDWWVNXF/connections/followers_and_following/following.json
following.json-0.5020562655856544,post,2024-11-11T16:54:08.000Z,"Follow activity on Instagram","","identity","Follow activity on Instagram",following.json,/Users/kriskleva/Documents/ModernDayCircusManager/instagram-moderndaycircus-2026-03-09-mDWWVNXF/connections/followers_and_following/following.json
following.json-0.3170686432543759,post,2024-11-10T15:32:22.000Z,"Follow activity on Instagram","","identity","Follow activity on Instagram",following.json,/Users/kriskleva/Documents/ModernDayCircusManager/instagram-moderndaycircus-2026-03-09-mDWWVNXF/connections/followers_and_following/following.json
following.json-0.2281372453052226,post,2024-11-09T15:40:46.000Z,"Follow activity on Instagram","","identity","Follow activity on Instagram",following.json,/Users/kriskleva/Documents/ModernDayCircusManager/instagram-moderndaycircus-2026-03-09-mDWWVNXF/connections/followers_and_following/following.json
following.json-0.6715401116059843,post,2024-11-06T00:01:02.000Z,"Follow activity on Instagram","","identity","Follow activity on Instagram",following.json,/Users/kriskleva/Documents/ModernDayCircusManager/instagram-moderndaycircus-2026-03-09-mDWWVNXF/connections/followers_and_following/following.json
following.json-0.02671499147934897,post,2024-11-03T19:45:08.000Z,"Follow activity on Instagram","","identity","Follow activity on Instagram",following.json,/Users/kriskleva/Documents/ModernDayCircusManager/instagram-moderndaycircus-2026-03-09-mDWWVNXF/connections/followers_and_following/following.json
following.json-0.736642488118449,post,2024-11-03T17:22:02.000Z,"Follow activity on Instagram","","identity","Follow activity on Instagram",following.json,/Users/kriskleva/Documents/ModernDayCircusManager/instagram-moderndaycircus-2026-03-09-mDWWVNXF/connections/followers_and_following/following.json
following.json-0.6352677461161718,post,2024-10-23T21:27:17.000Z,"Follow activity on Instagram","","identity","Follow activity on Instagram",following.json,/Users/kriskleva/Documents/ModernDayCircusManager/instagram-moderndaycircus-2026-03-09-mDWWVNXF/connections/followers_and_following/following.json
following.json-0.11689031303281983,post,2024-09-28T00:50:17.000Z,"Follow activity on Instagram","","identity","Follow activity on Instagram",following.json,/Users/kriskleva/Documents/ModernDayCircusManager/instagram-moderndaycircus-2026-03-09-mDWWVNXF/connections/followers_and_following/following.json
following.json-0.48681423246291944,post,2024-09-12T22:15:35.000Z,"Follow activity on Instagram","","identity","Follow activity on Instagram",following.json,/Users/kriskleva/Documents/ModernDayCircusManager/instagram-moderndaycircus-2026-03-09-mDWWVNXF/connections/followers_and_following/following.json
following.json-0.004441186931926744,post,2024-08-13T12:32:36.000Z,"Follow activity on Instagram","","identity","Follow activity on Instagram",following.json,/Users/kriskleva/Documents/ModernDayCircusManager/instagram-moderndaycircus-2026-03-09-mDWWVNXF/connections/followers_and_following/following.json
following.json-0.5044502004153513,post,2024-07-18T19:08:06.000Z,"Follow activity on Instagram","","identity","Follow activity on Instagram",following.json,/Users/kriskleva/Documents/ModernDayCircusManager/instagram-moderndaycircus-2026-03-09-mDWWVNXF/connections/followers_and_following/following.json
following.json-0.6414330174231915,post,2024-05-26T13:54:25.000Z,"Follow activity on Instagram","","identity","Follow activity on Instagram",following.json,/Users/kriskleva/Documents/ModernDayCircusManager/instagram-moderndaycircus-2026-03-09-mDWWVNXF/connections/followers_and_following/following.json
following.json-0.06167270749309672,post,2024-05-14T17:03:49.000Z,"Follow activity on Instagram","","identity","Follow activity on Instagram",following.json,/Users/kriskleva/Documents/ModernDayCircusManager/instagram-moderndaycircus-2026-03-09-mDWWVNXF/connections/followers_and_following/following.json
following.json-0.7787511854573184,post,2024-03-19T00:51:20.000Z,"Follow activity on Instagram","","identity","Follow activity on Instagram",following.json,/Users/kriskleva/Documents/ModernDayCircusManager/instagram-moderndaycircus-2026-03-09-mDWWVNXF/connections/followers_and_following/following.json
following.json-0.7388299059646506,post,2024-03-17T18:36:16.000Z,"Follow activity on Instagram","","identity","Follow activity on Instagram",following.json,/Users/kriskleva/Documents/ModernDayCircusManager/instagram-moderndaycircus-2026-03-09-mDWWVNXF/connections/followers_and_following/following.json
following.json-0.39319528585388563,post,2024-03-17T14:26:38.000Z,"Follow activity on Instagram","","identity","Follow activity on Instagram",following.json,/Users/kriskleva/Documents/ModernDayCircusManager/instagram-moderndaycircus-2026-03-09-mDWWVNXF/connections/followers_and_following/following.json
following.json-0.2386935821576781,post,2024-03-17T13:38:45.000Z,"Follow activity on Instagram","","identity","Follow activity on Instagram",following.json,/Users/kriskleva/Documents/ModernDayCircusManager/instagram-moderndaycircus-2026-03-09-mDWWVNXF/connections/followers_and_following/following.json
following.json-0.713449231857801,post,2024-03-07T15:04:52.000Z,"Follow activity on Instagram","","identity","Follow activity on Instagram",following.json,/Users/kriskleva/Documents/ModernDayCircusManager/instagram-moderndaycircus-2026-03-09-mDWWVNXF/connections/followers_and_following/following.json
following.json-0.9455966323971912,post,2024-03-07T00:37:41.000Z,"Follow activity on Instagram","","identity","Follow activity on Instagram",following.json,/Users/kriskleva/Documents/ModernDayCircusManager/instagram-moderndaycircus-2026-03-09-mDWWVNXF/connections/followers_and_following/following.json
following.json-0.6547644004031421,post,2024-02-03T16:55:40.000Z,"Follow activity on Instagram","","identity","Follow activity on Instagram",following.json,/Users/kriskleva/Documents/ModernDayCircusManager/instagram-moderndaycircus-2026-03-09-mDWWVNXF/connections/followers_and_following/following.json
following.json-0.08282020722915706,post,2024-02-03T11:24:57.000Z,"Follow activity on Instagram","","identity","Follow activity on Instagram",following.json,/Users/kriskleva/Documents/ModernDayCircusManager/instagram-moderndaycircus-2026-03-09-mDWWVNXF/connections/followers_and_following/following.json
following.json-0.515512131776322,post,2024-01-09T12:30:55.000Z,"Follow activity on Instagram","","identity","Follow activity on Instagram",following.json,/Users/kriskleva/Documents/ModernDayCircusManager/instagram-moderndaycircus-2026-03-09-mDWWVNXF/connections/followers_and_following/following.json
following.json-0.6497483479880497,post,2024-01-05T23:20:28.000Z,"Follow activity on Instagram","","identity","Follow activity on Instagram",following.json,/Users/kriskleva/Documents/ModernDayCircusManager/instagram-moderndaycircus-2026-03-09-mDWWVNXF/connections/followers_and_following/following.json
following.json-0.5759923117463726,post,2023-12-24T23:19:22.000Z,"Follow activity on Instagram","","identity","Follow activity on Instagram",following.json,/Users/kriskleva/Documents/ModernDayCircusManager/instagram-moderndaycircus-2026-03-09-mDWWVNXF/connections/followers_and_following/following.json
following.json-0.3837312865616629,post,2023-10-20T16:12:19.000Z,"Follow activity on Instagram","","identity","Follow activity on Instagram",following.json,/Users/kriskleva/Documents/ModernDayCircusManager/instagram-moderndaycircus-2026-03-09-mDWWVNXF/connections/followers_and_following/following.json
following.json-0.5016561081374504,post,2023-10-19T12:45:48.000Z,"Follow activity on Instagram","","identity","Follow activity on Instagram",following.json,/Users/kriskleva/Documents/ModernDayCircusManager/instagram-moderndaycircus-2026-03-09-mDWWVNXF/connections/followers_and_following/following.json
following.json-0.040524352369193384,post,2023-10-10T18:10:52.000Z,"Follow activity on Instagram","","identity","Follow activity on Instagram",following.json,/Users/kriskleva/Documents/ModernDayCircusManager/instagram-moderndaycircus-2026-03-09-mDWWVNXF/connections/followers_and_following/following.json
following.json-0.9341285699339101,post,2023-09-26T09:21:26.000Z,"Follow activity on Instagram","","identity","Follow activity on Instagram",following.json,/Users/kriskleva/Documents/ModernDayCircusManager/instagram-moderndaycircus-2026-03-09-mDWWVNXF/connections/followers_and_following/following.json
following.json-0.15752384680632758,post,2023-09-07T10:15:04.000Z,"Follow activity on Instagram","","identity","Follow activity on Instagram",following.json,/Users/kriskleva/Documents/ModernDayCircusManager/instagram-moderndaycircus-2026-03-09-mDWWVNXF/connections/followers_and_following/following.json
following.json-0.5989502952002745,post,2023-09-05T16:53:45.000Z,"Follow activity on Instagram","","identity","Follow activity on Instagram",following.json,/Users/kriskleva/Documents/ModernDayCircusManager/instagram-moderndaycircus-2026-03-09-mDWWVNXF/connections/followers_and_following/following.json
following.json-0.7989266712065759,post,2023-09-03T18:14:02.000Z,"Follow activity on Instagram","","identity","Follow activity on Instagram",following.json,/Users/kriskleva/Documents/ModernDayCircusManager/instagram-moderndaycircus-2026-03-09-mDWWVNXF/connections/followers_and_following/following.json
following.json-0.334662080042079,post,2023-08-10T18:59:00.000Z,"Follow activity on Instagram","","identity","Follow activity on Instagram",following.json,/Users/kriskleva/Documents/ModernDayCircusManager/instagram-moderndaycircus-2026-03-09-mDWWVNXF/connections/followers_and_following/following.json
following.json-0.5701112788383664,post,2023-08-09T11:00:34.000Z,"Follow activity on Instagram","","identity","Follow activity on Instagram",following.json,/Users/kriskleva/Documents/ModernDayCircusManager/instagram-moderndaycircus-2026-03-09-mDWWVNXF/connections/followers_and_following/following.json
following.json-0.6046140634446475,post,2023-07-27T18:48:31.000Z,"Follow activity on Instagram","","identity","Follow activity on Instagram",following.json,/Users/kriskleva/Documents/ModernDayCircusManager/instagram-moderndaycircus-2026-03-09-mDWWVNXF/connections/followers_and_following/following.json
following.json-0.9262117027121579,post,2023-07-27T18:48:28.000Z,"Follow activity on Instagram","","identity","Follow activity on Instagram",following.json,/Users/kriskleva/Documents/ModernDayCircusManager/instagram-moderndaycircus-2026-03-09-mDWWVNXF/connections/followers_and_following/following.json
following.json-0.7459891779050678,post,2023-07-27T18:16:02.000Z,"Follow activity on Instagram","","identity","Follow activity on Instagram",following.json,/Users/kriskleva/Documents/ModernDayCircusManager/instagram-moderndaycircus-2026-03-09-mDWWVNXF/connections/followers_and_following/following.json
following.json-0.34887636204586814,post,2023-07-26T05:11:44.000Z,"Follow activity on Instagram","","identity","Follow activity on Instagram",following.json,/Users/kriskleva/Documents/ModernDayCircusManager/instagram-moderndaycircus-2026-03-09-mDWWVNXF/connections/followers_and_following/following.json
following.json-0.6891262940411371,post,2023-07-25T18:56:25.000Z,"Follow activity on Instagram","","identity","Follow activity on Instagram",following.json,/Users/kriskleva/Documents/ModernDayCircusManager/instagram-moderndaycircus-2026-03-09-mDWWVNXF/connections/followers_and_following/following.json
following.json-0.5920295113067551,post,2023-07-25T17:31:37.000Z,"Follow activity on Instagram","","identity","Follow activity on Instagram",following.json,/Users/kriskleva/Documents/ModernDayCircusManager/instagram-moderndaycircus-2026-03-09-mDWWVNXF/connections/followers_and_following/following.json
following.json-0.7460653302761862,post,2023-07-25T06:56:22.000Z,"Follow activity on Instagram","","identity","Follow activity on Instagram",following.json,/Users/kriskleva/Documents/ModernDayCircusManager/instagram-moderndaycircus-2026-03-09-mDWWVNXF/connections/followers_and_following/following.json
following.json-0.6018129230385527,post,2023-07-25T00:56:09.000Z,"Follow activity on Instagram","","identity","Follow activity on Instagram",following.json,/Users/kriskleva/Documents/ModernDayCircusManager/instagram-moderndaycircus-2026-03-09-mDWWVNXF/connections/followers_and_following/following.json
following.json-0.37180226843377495,post,2023-07-25T00:17:50.000Z,"Follow activity on Instagram","","identity","Follow activity on Instagram",following.json,/Users/kriskleva/Documents/ModernDayCircusManager/instagram-moderndaycircus-2026-03-09-mDWWVNXF/connections/followers_and_following/following.json
following.json-0.9680094956149607,post,2023-07-24T17:53:47.000Z,"Follow activity on Instagram","","identity","Follow activity on Instagram",following.json,/Users/kriskleva/Documents/ModernDayCircusManager/instagram-moderndaycircus-2026-03-09-mDWWVNXF/connections/followers_and_following/following.json
following.json-0.3768607120013263,post,2023-07-16T21:36:52.000Z,"Follow activity on Instagram","","identity","Follow activity on Instagram",following.json,/Users/kriskleva/Documents/ModernDayCircusManager/instagram-moderndaycircus-2026-03-09-mDWWVNXF/connections/followers_and_following/following.json
following.json-0.47596167699951697,post,2023-07-03T16:44:27.000Z,"Follow activity on Instagram","","identity","Follow activity on Instagram",following.json,/Users/kriskleva/Documents/ModernDayCircusManager/instagram-moderndaycircus-2026-03-09-mDWWVNXF/connections/followers_and_following/following.json
following.json-0.5706519539078099,post,2023-06-01T11:49:34.000Z,"Follow activity on Instagram","","identity","Follow activity on Instagram",following.json,/Users/kriskleva/Documents/ModernDayCircusManager/instagram-moderndaycircus-2026-03-09-mDWWVNXF/connections/followers_and_following/following.json
following.json-0.6667108840252178,post,2023-05-20T18:11:14.000Z,"Follow activity on Instagram","","identity","Follow activity on Instagram",following.json,/Users/kriskleva/Documents/ModernDayCircusManager/instagram-moderndaycircus-2026-03-09-mDWWVNXF/connections/followers_and_following/following.json
following.json-0.5849896285113994,post,2023-05-19T11:52:55.000Z,"Follow activity on Instagram","","identity","Follow activity on Instagram",following.json,/Users/kriskleva/Documents/ModernDayCircusManager/instagram-moderndaycircus-2026-03-09-mDWWVNXF/connections/followers_and_following/following.json
following.json-0.9709028936367314,post,2023-05-10T17:32:54.000Z,"Follow activity on Instagram","","identity","Follow activity on Instagram",following.json,/Users/kriskleva/Documents/ModernDayCircusManager/instagram-moderndaycircus-2026-03-09-mDWWVNXF/connections/followers_and_following/following.json
following.json-0.1401383051067655,post,2023-05-07T22:15:37.000Z,"Follow activity on Instagram","","identity","Follow activity on Instagram",following.json,/Users/kriskleva/Documents/ModernDayCircusManager/instagram-moderndaycircus-2026-03-09-mDWWVNXF/connections/followers_and_following/following.json
following.json-0.2070033473779307,post,2023-04-24T21:00:23.000Z,"Follow activity on Instagram","","identity","Follow activity on Instagram",following.json,/Users/kriskleva/Documents/ModernDayCircusManager/instagram-moderndaycircus-2026-03-09-mDWWVNXF/connections/followers_and_following/following.json
following.json-0.06480586879687267,post,2023-04-24T20:38:35.000Z,"Follow activity on Instagram","","identity","Follow activity on Instagram",following.json,/Users/kriskleva/Documents/ModernDayCircusManager/instagram-moderndaycircus-2026-03-09-mDWWVNXF/connections/followers_and_following/following.json
following.json-0.9798786485052087,post,2023-03-27T10:30:52.000Z,"Follow activity on Instagram","","identity","Follow activity on Instagram",following.json,/Users/kriskleva/Documents/ModernDayCircusManager/instagram-moderndaycircus-2026-03-09-mDWWVNXF/connections/followers_and_following/following.json
following.json-0.711771531249838,post,2023-02-07T16:36:05.000Z,"Follow activity on Instagram","","identity","Follow activity on Instagram",following.json,/Users/kriskleva/Documents/ModernDayCircusManager/instagram-moderndaycircus-2026-03-09-mDWWVNXF/connections/followers_and_following/following.json
following.json-0.6939389693036917,post,2022-10-30T16:47:27.000Z,"Follow activity on Instagram","","identity","Follow activity on Instagram",following.json,/Users/kriskleva/Documents/ModernDayCircusManager/instagram-moderndaycircus-2026-03-09-mDWWVNXF/connections/followers_and_following/following.json
following.json-0.2667188960274425,post,2022-10-24T15:36:52.000Z,"Follow activity on Instagram","","identity","Follow activity on Instagram",following.json,/Users/kriskleva/Documents/ModernDayCircusManager/instagram-moderndaycircus-2026-03-09-mDWWVNXF/connections/followers_and_following/following.json
following.json-0.8403724593819664,post,2022-10-16T02:07:01.000Z,"Follow activity on Instagram","","identity","Follow activity on Instagram",following.json,/Users/kriskleva/Documents/ModernDayCircusManager/instagram-moderndaycircus-2026-03-09-mDWWVNXF/connections/followers_and_following/following.json
following.json-0.000887700995821028,post,2022-10-02T19:09:40.000Z,"Follow activity on Instagram","","identity","Follow activity on Instagram",following.json,/Users/kriskleva/Documents/ModernDayCircusManager/instagram-moderndaycircus-2026-03-09-mDWWVNXF/connections/followers_and_following/following.json
following.json-0.27867478891832165,post,2022-08-09T13:59:45.000Z,"Follow activity on Instagram","","identity","Follow activity on Instagram",following.json,/Users/kriskleva/Documents/ModernDayCircusManager/instagram-moderndaycircus-2026-03-09-mDWWVNXF/connections/followers_and_following/following.json
following.json-0.8673946379579331,post,2022-07-19T22:00:33.000Z,"Follow activity on Instagram","","identity","Follow activity on Instagram",following.json,/Users/kriskleva/Documents/ModernDayCircusManager/instagram-moderndaycircus-2026-03-09-mDWWVNXF/connections/followers_and_following/following.json
following.json-0.33548793789018605,post,2022-06-15T06:30:07.000Z,"Follow activity on Instagram","","identity","Follow activity on Instagram",following.json,/Users/kriskleva/Documents/ModernDayCircusManager/instagram-moderndaycircus-2026-03-09-mDWWVNXF/connections/followers_and_following/following.json
following.json-0.35597369857402517,post,2022-05-31T00:07:02.000Z,"Follow activity on Instagram","","identity","Follow activity on Instagram",following.json,/Users/kriskleva/Documents/ModernDayCircusManager/instagram-moderndaycircus-2026-03-09-mDWWVNXF/connections/followers_and_following/following.json
following.json-0.8228996826402759,post,2022-05-28T13:08:14.000Z,"Follow activity on Instagram","","identity","Follow activity on Instagram",following.json,/Users/kriskleva/Documents/ModernDayCircusManager/instagram-moderndaycircus-2026-03-09-mDWWVNXF/connections/followers_and_following/following.json
following.json-0.0960355480730739,post,2022-05-05T11:22:05.000Z,"Follow activity on Instagram","","identity","Follow activity on Instagram",following.json,/Users/kriskleva/Documents/ModernDayCircusManager/instagram-moderndaycircus-2026-03-09-mDWWVNXF/connections/followers_and_following/following.json
following.json-0.360374163132936,post,2022-03-28T22:59:55.000Z,"Follow activity on Instagram","","identity","Follow activity on Instagram",following.json,/Users/kriskleva/Documents/ModernDayCircusManager/instagram-moderndaycircus-2026-03-09-mDWWVNXF/connections/followers_and_following/following.json
following.json-0.054743682425843154,post,2022-03-27T02:15:06.000Z,"Follow activity on Instagram","","identity","Follow activity on Instagram",following.json,/Users/kriskleva/Documents/ModernDayCircusManager/instagram-moderndaycircus-2026-03-09-mDWWVNXF/connections/followers_and_following/following.json
following.json-0.6544654321805257,post,2022-03-19T18:28:17.000Z,"Follow activity on Instagram","","identity","Follow activity on Instagram",following.json,/Users/kriskleva/Documents/ModernDayCircusManager/instagram-moderndaycircus-2026-03-09-mDWWVNXF/connections/followers_and_following/following.json
following.json-0.3792532424527906,post,2022-03-16T23:01:30.000Z,"Follow activity on Instagram","","identity","Follow activity on Instagram",following.json,/Users/kriskleva/Documents/ModernDayCircusManager/instagram-moderndaycircus-2026-03-09-mDWWVNXF/connections/followers_and_following/following.json
following.json-0.6907760455713383,post,2022-03-12T19:12:51.000Z,"Follow activity on Instagram","","identity","Follow activity on Instagram",following.json,/Users/kriskleva/Documents/ModernDayCircusManager/instagram-moderndaycircus-2026-03-09-mDWWVNXF/connections/followers_and_following/following.json
following.json-0.9506486815477184,post,2022-02-21T23:15:33.000Z,"Follow activity on Instagram","","identity","Follow activity on Instagram",following.json,/Users/kriskleva/Documents/ModernDayCircusManager/instagram-moderndaycircus-2026-03-09-mDWWVNXF/connections/followers_and_following/following.json
following.json-0.5340796463175703,post,2022-02-20T18:17:49.000Z,"Follow activity on Instagram","","identity","Follow activity on Instagram",following.json,/Users/kriskleva/Documents/ModernDayCircusManager/instagram-moderndaycircus-2026-03-09-mDWWVNXF/connections/followers_and_following/following.json
following.json-0.607476338932285,post,2022-02-19T12:38:49.000Z,"Follow activity on Instagram","","identity","Follow activity on Instagram",following.json,/Users/kriskleva/Documents/ModernDayCircusManager/instagram-moderndaycircus-2026-03-09-mDWWVNXF/connections/followers_and_following/following.json
following.json-0.8623637929435293,post,2022-02-13T14:55:51.000Z,"Follow activity on Instagram","","identity","Follow activity on Instagram",following.json,/Users/kriskleva/Documents/ModernDayCircusManager/instagram-moderndaycircus-2026-03-09-mDWWVNXF/connections/followers_and_following/following.json
following.json-0.5212474773581184,post,2022-02-13T02:15:36.000Z,"Follow activity on Instagram","","identity","Follow activity on Instagram",following.json,/Users/kriskleva/Documents/ModernDayCircusManager/instagram-moderndaycircus-2026-03-09-mDWWVNXF/connections/followers_and_following/following.json
following.json-0.8061236850582374,post,2022-02-12T21:33:41.000Z,"Follow activity on Instagram","","identity","Follow activity on Instagram",following.json,/Users/kriskleva/Documents/ModernDayCircusManager/instagram-moderndaycircus-2026-03-09-mDWWVNXF/connections/followers_and_following/following.json
following.json-0.12378327018451518,post,2022-02-12T15:25:39.000Z,"Follow activity on Instagram","","identity","Follow activity on Instagram",following.json,/Users/kriskleva/Documents/ModernDayCircusManager/instagram-moderndaycircus-2026-03-09-mDWWVNXF/connections/followers_and_following/following.json
following.json-0.7156670572508241,post,2022-02-12T15:25:37.000Z,"Follow activity on Instagram","","identity","Follow activity on Instagram",following.json,/Users/kriskleva/Documents/ModernDayCircusManager/instagram-moderndaycircus-2026-03-09-mDWWVNXF/connections/followers_and_following/following.json
following.json-0.6003703108076224,post,2022-01-23T06:27:56.000Z,"Follow activity on Instagram","","identity","Follow activity on Instagram",following.json,/Users/kriskleva/Documents/ModernDayCircusManager/instagram-moderndaycircus-2026-03-09-mDWWVNXF/connections/followers_and_following/following.json
following.json-0.6949125078425946,post,2022-01-17T02:50:48.000Z,"Follow activity on Instagram","","identity","Follow activity on Instagram",following.json,/Users/kriskleva/Documents/ModernDayCircusManager/instagram-moderndaycircus-2026-03-09-mDWWVNXF/connections/followers_and_following/following.json
following.json-0.011244078495842524,post,2022-01-16T17:25:36.000Z,"Follow activity on Instagram","","identity","Follow activity on Instagram",following.json,/Users/kriskleva/Documents/ModernDayCircusManager/instagram-moderndaycircus-2026-03-09-mDWWVNXF/connections/followers_and_following/following.json
following.json-0.29248821451248186,post,2021-12-21T01:45:51.000Z,"Follow activity on Instagram","","identity","Follow activity on Instagram",following.json,/Users/kriskleva/Documents/ModernDayCircusManager/instagram-moderndaycircus-2026-03-09-mDWWVNXF/connections/followers_and_following/following.json
following.json-0.0023030380665369776,post,2021-12-18T22:26:37.000Z,"Follow activity on Instagram","","identity","Follow activity on Instagram",following.json,/Users/kriskleva/Documents/ModernDayCircusManager/instagram-moderndaycircus-2026-03-09-mDWWVNXF/connections/followers_and_following/following.json
following.json-0.6754433990564732,post,2021-12-17T13:48:08.000Z,"Follow activity on Instagram","","identity","Follow activity on Instagram",following.json,/Users/kriskleva/Documents/ModernDayCircusManager/instagram-moderndaycircus-2026-03-09-mDWWVNXF/connections/followers_and_following/following.json
following.json-0.9968712717774786,post,2021-12-17T13:48:00.000Z,"Follow activity on Instagram","","identity","Follow activity on Instagram",following.json,/Users/kriskleva/Documents/ModernDayCircusManager/instagram-moderndaycircus-2026-03-09-mDWWVNXF/connections/followers_and_following/following.json
following.json-0.27086163617098125,post,2021-12-11T05:57:05.000Z,"Follow activity on Instagram","","identity","Follow activity on Instagram",following.json,/Users/kriskleva/Documents/ModernDayCircusManager/instagram-moderndaycircus-2026-03-09-mDWWVNXF/connections/followers_and_following/following.json
following.json-0.8224328052882404,post,2021-12-06T19:49:06.000Z,"Follow activity on Instagram","","identity","Follow activity on Instagram",following.json,/Users/kriskleva/Documents/ModernDayCircusManager/instagram-moderndaycircus-2026-03-09-mDWWVNXF/connections/followers_and_following/following.json
following.json-0.41981530033181147,post,2021-12-02T01:21:57.000Z,"Follow activity on Instagram","","identity","Follow activity on Instagram",following.json,/Users/kriskleva/Documents/ModernDayCircusManager/instagram-moderndaycircus-2026-03-09-mDWWVNXF/connections/followers_and_following/following.json
following.json-0.7624946212189572,post,2021-11-25T23:25:07.000Z,"Follow activity on Instagram","","identity","Follow activity on Instagram",following.json,/Users/kriskleva/Documents/ModernDayCircusManager/instagram-moderndaycircus-2026-03-09-mDWWVNXF/connections/followers_and_following/following.json
following.json-0.3869846814102582,post,2021-11-25T23:21:40.000Z,"Follow activity on Instagram","","identity","Follow activity on Instagram",following.json,/Users/kriskleva/Documents/ModernDayCircusManager/instagram-moderndaycircus-2026-03-09-mDWWVNXF/connections/followers_and_following/following.json
following.json-0.331115955908718,post,2021-10-26T17:38:35.000Z,"Follow activity on Instagram","","identity","Follow activity on Instagram",following.json,/Users/kriskleva/Documents/ModernDayCircusManager/instagram-moderndaycircus-2026-03-09-mDWWVNXF/connections/followers_and_following/following.json
following.json-0.8177157521725198,post,2021-10-24T22:15:00.000Z,"Follow activity on Instagram","","identity","Follow activity on Instagram",following.json,/Users/kriskleva/Documents/ModernDayCircusManager/instagram-moderndaycircus-2026-03-09-mDWWVNXF/connections/followers_and_following/following.json
following.json-0.593820466465437,post,2021-10-24T05:12:24.000Z,"Follow activity on Instagram","","identity","Follow activity on Instagram",following.json,/Users/kriskleva/Documents/ModernDayCircusManager/instagram-moderndaycircus-2026-03-09-mDWWVNXF/connections/followers_and_following/following.json
following.json-0.3205764420566146,post,2021-10-05T20:23:01.000Z,"Follow activity on Instagram","","identity","Follow activity on Instagram",following.json,/Users/kriskleva/Documents/ModernDayCircusManager/instagram-moderndaycircus-2026-03-09-mDWWVNXF/connections/followers_and_following/following.json
following.json-0.1994079101656725,post,2021-09-23T20:54:27.000Z,"Follow activity on Instagram","","identity","Follow activity on Instagram",following.json,/Users/kriskleva/Documents/ModernDayCircusManager/instagram-moderndaycircus-2026-03-09-mDWWVNXF/connections/followers_and_following/following.json
following.json-0.7652070910443032,post,2021-08-26T19:34:26.000Z,"Follow activity on Instagram","","identity","Follow activity on Instagram",following.json,/Users/kriskleva/Documents/ModernDayCircusManager/instagram-moderndaycircus-2026-03-09-mDWWVNXF/connections/followers_and_following/following.json
following.json-0.5079148350891214,post,2021-08-08T19:59:23.000Z,"Follow activity on Instagram","","identity","Follow activity on Instagram",following.json,/Users/kriskleva/Documents/ModernDayCircusManager/instagram-moderndaycircus-2026-03-09-mDWWVNXF/connections/followers_and_following/following.json
following.json-0.8281460506321545,post,2021-08-08T19:58:58.000Z,"Follow activity on Instagram","","identity","Follow activity on Instagram",following.json,/Users/kriskleva/Documents/ModernDayCircusManager/instagram-moderndaycircus-2026-03-09-mDWWVNXF/connections/followers_and_following/following.json
following.json-0.19280152365637226,post,2021-08-08T19:42:38.000Z,"Follow activity on Instagram","","identity","Follow activity on Instagram",following.json,/Users/kriskleva/Documents/ModernDayCircusManager/instagram-moderndaycircus-2026-03-09-mDWWVNXF/connections/followers_and_following/following.json
following.json-0.05889486255518195,post,2021-08-08T13:51:27.000Z,"Follow activity on Instagram","","identity","Follow activity on Instagram",following.json,/Users/kriskleva/Documents/ModernDayCircusManager/instagram-moderndaycircus-2026-03-09-mDWWVNXF/connections/followers_and_following/following.json
following.json-0.4927326740788567,post,2021-08-08T13:12:31.000Z,"Follow activity on Instagram","","identity","Follow activity on Instagram",following.json,/Users/kriskleva/Documents/ModernDayCircusManager/instagram-moderndaycircus-2026-03-09-mDWWVNXF/connections/followers_and_following/following.json
following.json-0.3596847267553296,post,2021-08-08T11:53:37.000Z,"Follow activity on Instagram","","identity","Follow activity on Instagram",following.json,/Users/kriskleva/Documents/ModernDayCircusManager/instagram-moderndaycircus-2026-03-09-mDWWVNXF/connections/followers_and_following/following.json
following.json-0.3588142962774379,post,2021-08-07T22:42:36.000Z,"Follow activity on Instagram","","identity","Follow activity on Instagram",following.json,/Users/kriskleva/Documents/ModernDayCircusManager/instagram-moderndaycircus-2026-03-09-mDWWVNXF/connections/followers_and_following/following.json
following.json-0.9318525685283456,post,2021-08-07T22:42:35.000Z,"Follow activity on Instagram","","identity","Follow activity on Instagram",following.json,/Users/kriskleva/Documents/ModernDayCircusManager/instagram-moderndaycircus-2026-03-09-mDWWVNXF/connections/followers_and_following/following.json
following.json-0.7156316053103331,post,2021-07-30T21:43:33.000Z,"Follow activity on Instagram","","identity","Follow activity on Instagram",following.json,/Users/kriskleva/Documents/ModernDayCircusManager/instagram-moderndaycircus-2026-03-09-mDWWVNXF/connections/followers_and_following/following.json
following.json-0.8852028526067266,post,2021-07-30T21:41:46.000Z,"Follow activity on Instagram","","identity","Follow activity on Instagram",following.json,/Users/kriskleva/Documents/ModernDayCircusManager/instagram-moderndaycircus-2026-03-09-mDWWVNXF/connections/followers_and_following/following.json
following.json-0.6569908846279473,post,2021-07-19T18:05:15.000Z,"Follow activity on Instagram","","identity","Follow activity on Instagram",following.json,/Users/kriskleva/Documents/ModernDayCircusManager/instagram-moderndaycircus-2026-03-09-mDWWVNXF/connections/followers_and_following/following.json
following.json-0.3505560248486703,post,2021-07-19T18:05:05.000Z,"Follow activity on Instagram","","identity","Follow activity on Instagram",following.json,/Users/kriskleva/Documents/ModernDayCircusManager/instagram-moderndaycircus-2026-03-09-mDWWVNXF/connections/followers_and_following/following.json
following.json-0.5485016693790352,post,2021-07-10T11:44:02.000Z,"Follow activity on Instagram","","identity","Follow activity on Instagram",following.json,/Users/kriskleva/Documents/ModernDayCircusManager/instagram-moderndaycircus-2026-03-09-mDWWVNXF/connections/followers_and_following/following.json
following.json-0.9415748291066162,post,2021-06-27T19:11:31.000Z,"Follow activity on Instagram","","identity","Follow activity on Instagram",following.json,/Users/kriskleva/Documents/ModernDayCircusManager/instagram-moderndaycircus-2026-03-09-mDWWVNXF/connections/followers_and_following/following.json
following.json-0.6867421654460315,post,2021-06-27T19:07:05.000Z,"Follow activity on Instagram","","identity","Follow activity on Instagram",following.json,/Users/kriskleva/Documents/ModernDayCircusManager/instagram-moderndaycircus-2026-03-09-mDWWVNXF/connections/followers_and_following/following.json
hide_story_from.json-0.0004214490161877915,unknown,2026-03-02T14:09:37.000Z,"maineblackcappedchickadee","","identity","maineblackcappedchickadee",hide_story_from.json,/Users/kriskleva/Documents/ModernDayCircusManager/instagram-moderndaycircus-2026-03-09-mDWWVNXF/connections/followers_and_following/hide_story_from.json
hide_story_from.json-0.7249759539510794,unknown,2026-03-02T14:09:37.000Z,"mksullivan90","","identity","mksullivan90",hide_story_from.json,/Users/kriskleva/Documents/ModernDayCircusManager/instagram-moderndaycircus-2026-03-09-mDWWVNXF/connections/followers_and_following/hide_story_from.json
hide_story_from.json-0.32449590161909936,unknown,2026-03-02T14:09:37.000Z,"crossculturalcommunityservices","","identity","crossculturalcommunityservices",hide_story_from.json,/Users/kriskleva/Documents/ModernDayCircusManager/instagram-moderndaycircus-2026-03-09-mDWWVNXF/connections/followers_and_following/hide_story_from.json
hide_story_from.json-0.5754167408537707,unknown,2026-03-02T14:09:37.000Z,"pmcwatch","","identity","pmcwatch",hide_story_from.json,/Users/kriskleva/Documents/ModernDayCircusManager/instagram-moderndaycircus-2026-03-09-mDWWVNXF/connections/followers_and_following/hide_story_from.json
hide_story_from.json-0.01094278812876337,unknown,2026-03-02T14:09:37.000Z,"creativesgathering.maine","","identity","creativesgathering.maine",hide_story_from.json,/Users/kriskleva/Documents/ModernDayCircusManager/instagram-moderndaycircus-2026-03-09-mDWWVNXF/connections/followers_and_following/hide_story_from.json
hide_story_from.json-0.588055613933191,unknown,2026-03-02T14:09:37.000Z,"vibeauramasterhealer","","identity","vibeauramasterhealer",hide_story_from.json,/Users/kriskleva/Documents/ModernDayCircusManager/instagram-moderndaycircus-2026-03-09-mDWWVNXF/connections/followers_and_following/hide_story_from.json
hide_story_from.json-0.4530539399655158,unknown,2026-03-02T14:09:37.000Z,"theoffical_jdubs","","identity","theoffical_jdubs",hide_story_from.json,/Users/kriskleva/Documents/ModernDayCircusManager/instagram-moderndaycircus-2026-03-09-mDWWVNXF/connections/followers_and_following/hide_story_from.json
hide_story_from.json-0.4811449788351492,unknown,2026-03-02T14:09:37.000Z,"taylordesignsolutions","","identity","taylordesignsolutions",hide_story_from.json,/Users/kriskleva/Documents/ModernDayCircusManager/instagram-moderndaycircus-2026-03-09-mDWWVNXF/connections/followers_and_following/hide_story_from.json
hide_story_from.json-0.518339460902834,unknown,2026-03-02T14:09:37.000Z,"maryklevaaudette","","identity","maryklevaaudette",hide_story_from.json,/Users/kriskleva/Documents/ModernDayCircusManager/instagram-moderndaycircus-2026-03-09-mDWWVNXF/connections/followers_and_following/hide_story_from.json
hide_story_from.json-0.8745883854440815,unknown,2026-03-02T14:09:37.000Z,"monaco.studios","","identity","monaco.studios",hide_story_from.json,/Users/kriskleva/Documents/ModernDayCircusManager/instagram-moderndaycircus-2026-03-09-mDWWVNXF/connections/followers_and_following/hide_story_from.json
hide_story_from.json-0.8877252005426874,unknown,2026-03-02T14:09:37.000Z,"wedgar1","","identity","wedgar1",hide_story_from.json,/Users/kriskleva/Documents/ModernDayCircusManager/instagram-moderndaycircus-2026-03-09-mDWWVNXF/connections/followers_and_following/hide_story_from.json
hide_story_from.json-0.5873443684410946,unknown,2026-03-02T14:09:37.000Z,"portlandextrovert","","identity","portlandextrovert",hide_story_from.json,/Users/kriskleva/Documents/ModernDayCircusManager/instagram-moderndaycircus-2026-03-09-mDWWVNXF/connections/followers_and_following/hide_story_from.json
hide_story_from.json-0.0480039684698601,unknown,2026-03-02T14:09:37.000Z,"archsolar","","identity","archsolar",hide_story_from.json,/Users/kriskleva/Documents/ModernDayCircusManager/instagram-moderndaycircus-2026-03-09-mDWWVNXF/connections/followers_and_following/hide_story_from.json
hide_story_from.json-0.917538218648206,unknown,2026-03-02T14:09:37.000Z,"j.m.syron","","identity","j.m.syron",hide_story_from.json,/Users/kriskleva/Documents/ModernDayCircusManager/instagram-moderndaycircus-2026-03-09-mDWWVNXF/connections/followers_and_following/hide_story_from.json
hide_story_from.json-0.3305384750500202,unknown,2026-03-02T14:09:37.000Z,"portcitymodels","","identity","portcitymodels",hide_story_from.json,/Users/kriskleva/Documents/ModernDayCircusManager/instagram-moderndaycircus-2026-03-09-mDWWVNXF/connections/followers_and_following/hide_story_from.json
hide_story_from.json-0.731925251491309,unknown,2026-03-02T14:09:37.000Z,"luigiscarcelli_maine","","identity","luigiscarcelli_maine",hide_story_from.json,/Users/kriskleva/Documents/ModernDayCircusManager/instagram-moderndaycircus-2026-03-09-mDWWVNXF/connections/followers_and_following/hide_story_from.json
hide_story_from.json-0.6750036790256368,unknown,2026-03-02T14:09:37.000Z,"graphicmelee","","identity","graphicmelee",hide_story_from.json,/Users/kriskleva/Documents/ModernDayCircusManager/instagram-moderndaycircus-2026-03-09-mDWWVNXF/connections/followers_and_following/hide_story_from.json
hide_story_from.json-0.5135901667687239,unknown,2026-03-02T14:09:37.000Z,"fillingtimewithgames","","identity","fillingtimewithgames",hide_story_from.json,/Users/kriskleva/Documents/ModernDayCircusManager/instagram-moderndaycircus-2026-03-09-mDWWVNXF/connections/followers_and_following/hide_story_from.json
hide_story_from.json-0.9955184242825506,unknown,2026-03-02T14:09:37.000Z,"amyleeame","","identity","amyleeame",hide_story_from.json,/Users/kriskleva/Documents/ModernDayCircusManager/instagram-moderndaycircus-2026-03-09-mDWWVNXF/connections/followers_and_following/hide_story_from.json
hide_story_from.json-0.7175504910150319,unknown,2026-03-02T14:09:37.000Z,"halfwokewook","","identity","halfwokewook",hide_story_from.json,/Users/kriskleva/Documents/ModernDayCircusManager/instagram-moderndaycircus-2026-03-09-mDWWVNXF/connections/followers_and_following/hide_story_from.json
hide_story_from.json-0.9619452651405127,unknown,2026-03-02T14:09:37.000Z,"sjmonaco","","identity","sjmonaco",hide_story_from.json,/Users/kriskleva/Documents/ModernDayCircusManager/instagram-moderndaycircus-2026-03-09-mDWWVNXF/connections/followers_and_following/hide_story_from.json
hide_story_from.json-0.22486441973159432,unknown,2025-12-08T21:00:57.000Z,"katiezoe","","identity","katiezoe",hide_story_from.json,/Users/kriskleva/Documents/ModernDayCircusManager/instagram-moderndaycircus-2026-03-09-mDWWVNXF/connections/followers_and_following/hide_story_from.json
pending_follow_requests.json-0.12763880914682835,post,2026-03-02T11:14:46.000Z,"magglerock","","identity","magglerock",pending_follow_requests.json,/Users/kriskleva/Documents/ModernDayCircusManager/instagram-moderndaycircus-2026-03-09-mDWWVNXF/connections/followers_and_following/pending_follow_requests.json
pending_follow_requests.json-0.5447071279881512,post,2026-02-27T17:08:05.000Z,"______its_me_hi","","identity","______its_me_hi",pending_follow_requests.json,/Users/kriskleva/Documents/ModernDayCircusManager/instagram-moderndaycircus-2026-03-09-mDWWVNXF/connections/followers_and_following/pending_follow_requests.json
pending_follow_requests.json-0.7085443878286031,post,2026-02-27T17:07:46.000Z,"sbellas19","","identity","sbellas19",pending_follow_requests.json,/Users/kriskleva/Documents/ModernDayCircusManager/instagram-moderndaycircus-2026-03-09-mDWWVNXF/connections/followers_and_following/pending_follow_requests.json
pending_follow_requests.json-0.9477839231025174,post,2026-02-27T17:07:42.000Z,"luna.faese","","identity","luna.faese",pending_follow_requests.json,/Users/kriskleva/Documents/ModernDayCircusManager/instagram-moderndaycircus-2026-03-09-mDWWVNXF/connections/followers_and_following/pending_follow_requests.json
pending_follow_requests.json-0.4253280363640368,post,2026-02-27T17:06:55.000Z,"freyaalou_","","identity","freyaalou_",pending_follow_requests.json,/Users/kriskleva/Documents/ModernDayCircusManager/instagram-moderndaycircus-2026-03-09-mDWWVNXF/connections/followers_and_following/pending_follow_requests.json
pending_follow_requests.json-0.3474672765885989,post,2026-02-18T16:24:32.000Z,"universalgoddess4444","","identity","universalgoddess4444",pending_follow_requests.json,/Users/kriskleva/Documents/ModernDayCircusManager/instagram-moderndaycircus-2026-03-09-mDWWVNXF/connections/followers_and_following/pending_follow_requests.json
pending_follow_requests.json-0.10414232999182782,post,2026-01-24T10:55:26.000Z,"milacku","","identity","milacku",pending_follow_requests.json,/Users/kriskleva/Documents/ModernDayCircusManager/instagram-moderndaycircus-2026-03-09-mDWWVNXF/connections/followers_and_following/pending_follow_requests.json
pending_follow_requests.json-0.09360520060758626,post,2026-01-17T09:50:59.000Z,"phoebs213","","identity","phoebs213",pending_follow_requests.json,/Users/kriskleva/Documents/ModernDayCircusManager/instagram-moderndaycircus-2026-03-09-mDWWVNXF/connections/followers_and_following/pending_follow_requests.json
pending_follow_requests.json-0.43004827354197483,post,2025-12-29T10:51:24.000Z,"freebird8484","","identity","freebird8484",pending_follow_requests.json,/Users/kriskleva/Documents/ModernDayCircusManager/instagram-moderndaycircus-2026-03-09-mDWWVNXF/connections/followers_and_following/pending_follow_requests.json
pending_follow_requests.json-0.7964945668464614,post,2025-11-29T10:46:07.000Z,"bdotes_22","","identity","bdotes_22",pending_follow_requests.json,/Users/kriskleva/Documents/ModernDayCircusManager/instagram-moderndaycircus-2026-03-09-mDWWVNXF/connections/followers_and_following/pending_follow_requests.json
pending_follow_requests.json-0.724039448734866,post,2025-10-26T10:28:18.000Z,"tastingthestars42","","identity","tastingthestars42",pending_follow_requests.json,/Users/kriskleva/Documents/ModernDayCircusManager/instagram-moderndaycircus-2026-03-09-mDWWVNXF/connections/followers_and_following/pending_follow_requests.json
pending_follow_requests.json-0.9030472736696211,post,2025-10-06T11:21:09.000Z,"a1ananaxo","","identity","a1ananaxo",pending_follow_requests.json,/Users/kriskleva/Documents/ModernDayCircusManager/instagram-moderndaycircus-2026-03-09-mDWWVNXF/connections/followers_and_following/pending_follow_requests.json
pending_follow_requests.json-0.944530568886558,post,2025-09-22T09:38:58.000Z,"amararose12","","identity","amararose12",pending_follow_requests.json,/Users/kriskleva/Documents/ModernDayCircusManager/instagram-moderndaycircus-2026-03-09-mDWWVNXF/connections/followers_and_following/pending_follow_requests.json
pending_follow_requests.json-0.5703125618798608,post,2025-05-26T12:44:47.000Z,"heatherrushme","","identity","heatherrushme",pending_follow_requests.json,/Users/kriskleva/Documents/ModernDayCircusManager/instagram-moderndaycircus-2026-03-09-mDWWVNXF/connections/followers_and_following/pending_follow_requests.json
recent_follow_requests.json-0.5617041494827382,post,2026-03-02T11:14:46.000Z,"magglerock","","identity","magglerock",recent_follow_requests.json,/Users/kriskleva/Documents/ModernDayCircusManager/instagram-moderndaycircus-2026-03-09-mDWWVNXF/connections/followers_and_following/recent_follow_requests.json
recent_follow_requests.json-0.6851626274529496,post,2026-03-02T11:14:27.000Z,"da666y","","identity","da666y",recent_follow_requests.json,/Users/kriskleva/Documents/ModernDayCircusManager/instagram-moderndaycircus-2026-03-09-mDWWVNXF/connections/followers_and_following/recent_follow_requests.json
recent_follow_requests.json-0.7863285438539056,post,2026-03-02T03:20:45.000Z,"sammgrenier","","identity","sammgrenier",recent_follow_requests.json,/Users/kriskleva/Documents/ModernDayCircusManager/instagram-moderndaycircus-2026-03-09-mDWWVNXF/connections/followers_and_following/recent_follow_requests.json
recent_follow_requests.json-0.5979998108172311,post,2026-03-01T16:49:33.000Z,"thazra_rosie","","identity","thazra_rosie",recent_follow_requests.json,/Users/kriskleva/Documents/ModernDayCircusManager/instagram-moderndaycircus-2026-03-09-mDWWVNXF/connections/followers_and_following/recent_follow_requests.json
recent_follow_requests.json-0.10352841525069811,post,2026-02-27T17:08:06.000Z,"______its_me_hi","","identity","______its_me_hi",recent_follow_requests.json,/Users/kriskleva/Documents/ModernDayCircusManager/instagram-moderndaycircus-2026-03-09-mDWWVNXF/connections/followers_and_following/recent_follow_requests.json
recent_follow_requests.json-0.10686082802783092,post,2026-02-27T17:07:46.000Z,"sbellas19","","identity","sbellas19",recent_follow_requests.json,/Users/kriskleva/Documents/ModernDayCircusManager/instagram-moderndaycircus-2026-03-09-mDWWVNXF/connections/followers_and_following/recent_follow_requests.json
recent_follow_requests.json-0.40206294097599127,post,2026-02-27T17:07:42.000Z,"luna.faese","","identity","luna.faese",recent_follow_requests.json,/Users/kriskleva/Documents/ModernDayCircusManager/instagram-moderndaycircus-2026-03-09-mDWWVNXF/connections/followers_and_following/recent_follow_requests.json
recent_follow_requests.json-0.7694050936282102,post,2026-02-27T17:06:56.000Z,"freyaalou_","","identity","freyaalou_",recent_follow_requests.json,/Users/kriskleva/Documents/ModernDayCircusManager/instagram-moderndaycircus-2026-03-09-mDWWVNXF/connections/followers_and_following/recent_follow_requests.json
recent_follow_requests.json-0.6854127708016093,post,2026-02-24T02:26:09.000Z,"_hippiexchic_","","identity","_hippiexchic_",recent_follow_requests.json,/Users/kriskleva/Documents/ModernDayCircusManager/instagram-moderndaycircus-2026-03-09-mDWWVNXF/connections/followers_and_following/recent_follow_requests.json
recent_follow_requests.json-0.3523004286414908,post,2026-02-24T02:25:55.000Z,"katrinaferg333","","identity","katrinaferg333",recent_follow_requests.json,/Users/kriskleva/Documents/ModernDayCircusManager/instagram-moderndaycircus-2026-03-09-mDWWVNXF/connections/followers_and_following/recent_follow_requests.json
recent_follow_requests.json-0.9982380917273932,post,2026-02-21T11:21:07.000Z,"meaganmae_","","identity","meaganmae_",recent_follow_requests.json,/Users/kriskleva/Documents/ModernDayCircusManager/instagram-moderndaycircus-2026-03-09-mDWWVNXF/connections/followers_and_following/recent_follow_requests.json
recent_follow_requests.json-0.47498379022311177,post,2026-02-18T16:24:32.000Z,"universalgoddess4444","","identity","universalgoddess4444",recent_follow_requests.json,/Users/kriskleva/Documents/ModernDayCircusManager/instagram-moderndaycircus-2026-03-09-mDWWVNXF/connections/followers_and_following/recent_follow_requests.json
recent_follow_requests.json-0.7441550955172223,post,2026-02-15T23:46:19.000Z,"ohmonikaoh","","identity","ohmonikaoh",recent_follow_requests.json,/Users/kriskleva/Documents/ModernDayCircusManager/instagram-moderndaycircus-2026-03-09-mDWWVNXF/connections/followers_and_following/recent_follow_requests.json
recent_follow_requests.json-0.49177893762886304,post,2026-02-15T06:05:38.000Z,"itsdcamp","","identity","itsdcamp",recent_follow_requests.json,/Users/kriskleva/Documents/ModernDayCircusManager/instagram-moderndaycircus-2026-03-09-mDWWVNXF/connections/followers_and_following/recent_follow_requests.json
recent_follow_requests.json-0.8042880364236566,post,2026-02-14T15:44:37.000Z,"mrskateschmidt","","identity","mrskateschmidt",recent_follow_requests.json,/Users/kriskleva/Documents/ModernDayCircusManager/instagram-moderndaycircus-2026-03-09-mDWWVNXF/connections/followers_and_following/recent_follow_requests.json
recent_follow_requests.json-0.6108554808337558,post,2026-02-13T02:24:57.000Z,"amyleeame","","identity","amyleeame",recent_follow_requests.json,/Users/kriskleva/Documents/ModernDayCircusManager/instagram-moderndaycircus-2026-03-09-mDWWVNXF/connections/followers_and_following/recent_follow_requests.json
recent_follow_requests.json-0.9413829601735832,post,2026-02-08T23:19:07.000Z,"senecaraymond","","identity","senecaraymond",recent_follow_requests.json,/Users/kriskleva/Documents/ModernDayCircusManager/instagram-moderndaycircus-2026-03-09-mDWWVNXF/connections/followers_and_following/recent_follow_requests.json
recent_follow_requests.json-0.03679161051040314,post,2026-02-06T04:47:33.000Z,"tanyalee_v","","identity","tanyalee_v",recent_follow_requests.json,/Users/kriskleva/Documents/ModernDayCircusManager/instagram-moderndaycircus-2026-03-09-mDWWVNXF/connections/followers_and_following/recent_follow_requests.json
recent_follow_requests.json-0.5614889218278851,post,2026-02-06T01:16:48.000Z,"lilmissdaisy207","","identity","lilmissdaisy207",recent_follow_requests.json,/Users/kriskleva/Documents/ModernDayCircusManager/instagram-moderndaycircus-2026-03-09-mDWWVNXF/connections/followers_and_following/recent_follow_requests.json
recent_follow_requests.json-0.12318129528668709,post,2026-02-02T19:10:25.000Z,"a_shuggs","","identity","a_shuggs",recent_follow_requests.json,/Users/kriskleva/Documents/ModernDayCircusManager/instagram-moderndaycircus-2026-03-09-mDWWVNXF/connections/followers_and_following/recent_follow_requests.json
recent_follow_requests.json-0.03343744237350377,post,2026-01-26T20:11:29.000Z,"crista207","","identity","crista207",recent_follow_requests.json,/Users/kriskleva/Documents/ModernDayCircusManager/instagram-moderndaycircus-2026-03-09-mDWWVNXF/connections/followers_and_following/recent_follow_requests.json
recent_follow_requests.json-0.46163801903179014,post,2026-01-24T10:55:26.000Z,"milacku","","identity","milacku",recent_follow_requests.json,/Users/kriskleva/Documents/ModernDayCircusManager/instagram-moderndaycircus-2026-03-09-mDWWVNXF/connections/followers_and_following/recent_follow_requests.json
recent_follow_requests.json-0.5375219542648133,post,2026-01-18T12:43:11.000Z,"ruthrodriguezdd","","identity","ruthrodriguezdd",recent_follow_requests.json,/Users/kriskleva/Documents/ModernDayCircusManager/instagram-moderndaycircus-2026-03-09-mDWWVNXF/connections/followers_and_following/recent_follow_requests.json
recent_follow_requests.json-0.6363559204012745,post,2026-01-17T09:50:59.000Z,"phoebs213","","identity","phoebs213",recent_follow_requests.json,/Users/kriskleva/Documents/ModernDayCircusManager/instagram-moderndaycircus-2026-03-09-mDWWVNXF/connections/followers_and_following/recent_follow_requests.json
recent_follow_requests.json-0.8826933850270202,post,2026-01-05T19:34:40.000Z,"feliksf10","","identity","feliksf10",recent_follow_requests.json,/Users/kriskleva/Documents/ModernDayCircusManager/instagram-moderndaycircus-2026-03-09-mDWWVNXF/connections/followers_and_following/recent_follow_requests.json
recent_follow_requests.json-0.4458767404809334,post,2026-01-01T01:51:34.000Z,"portlandextrovert","","identity","portlandextrovert",recent_follow_requests.json,/Users/kriskleva/Documents/ModernDayCircusManager/instagram-moderndaycircus-2026-03-09-mDWWVNXF/connections/followers_and_following/recent_follow_requests.json
recent_follow_requests.json-0.34173366644126824,post,2025-12-29T10:51:24.000Z,"freebird8484","","identity","freebird8484",recent_follow_requests.json,/Users/kriskleva/Documents/ModernDayCircusManager/instagram-moderndaycircus-2026-03-09-mDWWVNXF/connections/followers_and_following/recent_follow_requests.json
recent_follow_requests.json-0.6322340390272838,post,2025-12-25T19:15:29.000Z,"level.md","","identity","level.md",recent_follow_requests.json,/Users/kriskleva/Documents/ModernDayCircusManager/instagram-moderndaycircus-2026-03-09-mDWWVNXF/connections/followers_and_following/recent_follow_requests.json
recent_follow_requests.json-0.5517000535574044,post,2025-12-25T16:48:08.000Z,"timboslice6689","","identity","timboslice6689",recent_follow_requests.json,/Users/kriskleva/Documents/ModernDayCircusManager/instagram-moderndaycircus-2026-03-09-mDWWVNXF/connections/followers_and_following/recent_follow_requests.json
recent_follow_requests.json-0.9522895660175554,post,2025-12-24T11:12:30.000Z,"aggie2345","","identity","aggie2345",recent_follow_requests.json,/Users/kriskleva/Documents/ModernDayCircusManager/instagram-moderndaycircus-2026-03-09-mDWWVNXF/connections/followers_and_following/recent_follow_requests.json
recent_follow_requests.json-0.9254319156101272,post,2025-12-24T11:09:10.000Z,"idksarahmaybe","","identity","idksarahmaybe",recent_follow_requests.json,/Users/kriskleva/Documents/ModernDayCircusManager/instagram-moderndaycircus-2026-03-09-mDWWVNXF/connections/followers_and_following/recent_follow_requests.json
recent_follow_requests.json-0.5056477330254696,post,2025-12-24T11:07:46.000Z,"lada.lush","","identity","lada.lush",recent_follow_requests.json,/Users/kriskleva/Documents/ModernDayCircusManager/instagram-moderndaycircus-2026-03-09-mDWWVNXF/connections/followers_and_following/recent_follow_requests.json
recent_follow_requests.json-0.24721256774931755,post,2025-12-24T08:29:17.000Z,"persephonic__","","identity","persephonic__",recent_follow_requests.json,/Users/kriskleva/Documents/ModernDayCircusManager/instagram-moderndaycircus-2026-03-09-mDWWVNXF/connections/followers_and_following/recent_follow_requests.json
recent_follow_requests.json-0.5930776791226211,post,2025-12-23T18:01:27.000Z,"mssusiemckenna","","identity","mssusiemckenna",recent_follow_requests.json,/Users/kriskleva/Documents/ModernDayCircusManager/instagram-moderndaycircus-2026-03-09-mDWWVNXF/connections/followers_and_following/recent_follow_requests.json
recent_follow_requests.json-0.47546277249986146,post,2025-12-23T17:58:54.000Z,"andrei_tututnaru","","identity","andrei_tututnaru",recent_follow_requests.json,/Users/kriskleva/Documents/ModernDayCircusManager/instagram-moderndaycircus-2026-03-09-mDWWVNXF/connections/followers_and_following/recent_follow_requests.json
recent_follow_requests.json-0.07351541365924508,post,2025-12-18T14:35:32.000Z,"nbell397","","identity","nbell397",recent_follow_requests.json,/Users/kriskleva/Documents/ModernDayCircusManager/instagram-moderndaycircus-2026-03-09-mDWWVNXF/connections/followers_and_following/recent_follow_requests.json
recent_follow_requests.json-0.49178970908509534,post,2025-12-18T14:35:14.000Z,"lauraa_nn","","identity","lauraa_nn",recent_follow_requests.json,/Users/kriskleva/Documents/ModernDayCircusManager/instagram-moderndaycircus-2026-03-09-mDWWVNXF/connections/followers_and_following/recent_follow_requests.json
recent_follow_requests.json-0.9636046409631644,post,2025-12-18T08:03:26.000Z,"meesh_elle__","","identity","meesh_elle__",recent_follow_requests.json,/Users/kriskleva/Documents/ModernDayCircusManager/instagram-moderndaycircus-2026-03-09-mDWWVNXF/connections/followers_and_following/recent_follow_requests.json
recent_follow_requests.json-0.9357145301794125,post,2025-12-17T07:30:06.000Z,"thaushalter","","identity","thaushalter",recent_follow_requests.json,/Users/kriskleva/Documents/ModernDayCircusManager/instagram-moderndaycircus-2026-03-09-mDWWVNXF/connections/followers_and_following/recent_follow_requests.json
recent_follow_requests.json-0.5152984386343347,post,2025-12-17T04:18:38.000Z,"priderockpromotion","","identity","priderockpromotion",recent_follow_requests.json,/Users/kriskleva/Documents/ModernDayCircusManager/instagram-moderndaycircus-2026-03-09-mDWWVNXF/connections/followers_and_following/recent_follow_requests.json
recently_unfollowed_profiles.json-0.5166858323606662,post,2026-03-06T19:04:25.000Z,"level3yoga","","identity","level3yoga",recently_unfollowed_profiles.json,/Users/kriskleva/Documents/ModernDayCircusManager/instagram-moderndaycircus-2026-03-09-mDWWVNXF/connections/followers_and_following/recently_unfollowed_profiles.json
recently_unfollowed_profiles.json-0.5904330688235873,post,2026-03-06T19:04:18.000Z,"mickeylandry","","identity","mickeylandry",recently_unfollowed_profiles.json,/Users/kriskleva/Documents/ModernDayCircusManager/instagram-moderndaycircus-2026-03-09-mDWWVNXF/connections/followers_and_following/recently_unfollowed_profiles.json
recently_unfollowed_profiles.json-0.9669122569696118,post,2026-03-06T19:03:58.000Z,"psychic_messager","","identity","psychic_messager",recently_unfollowed_profiles.json,/Users/kriskleva/Documents/ModernDayCircusManager/instagram-moderndaycircus-2026-03-09-mDWWVNXF/connections/followers_and_following/recently_unfollowed_profiles.json
recently_unfollowed_profiles.json-0.1440151056723098,post,2026-03-06T19:03:29.000Z,"cellyjulie","","identity","cellyjulie",recently_unfollowed_profiles.json,/Users/kriskleva/Documents/ModernDayCircusManager/instagram-moderndaycircus-2026-03-09-mDWWVNXF/connections/followers_and_following/recently_unfollowed_profiles.json
recently_unfollowed_profiles.json-0.6479172066395622,post,2026-03-06T19:03:20.000Z,"junesdreamseller","","identity","junesdreamseller",recently_unfollowed_profiles.json,/Users/kriskleva/Documents/ModernDayCircusManager/instagram-moderndaycircus-2026-03-09-mDWWVNXF/connections/followers_and_following/recently_unfollowed_profiles.json
recently_unfollowed_profiles.json-0.13926537458143806,post,2026-03-06T19:03:06.000Z,"persephonic__","","identity","persephonic__",recently_unfollowed_profiles.json,/Users/kriskleva/Documents/ModernDayCircusManager/instagram-moderndaycircus-2026-03-09-mDWWVNXF/connections/followers_and_following/recently_unfollowed_profiles.json
recently_unfollowed_profiles.json-0.9891048051917466,post,2026-03-06T19:02:59.000Z,"magic_flower_emporium","","identity","magic_flower_emporium",recently_unfollowed_profiles.json,/Users/kriskleva/Documents/ModernDayCircusManager/instagram-moderndaycircus-2026-03-09-mDWWVNXF/connections/followers_and_following/recently_unfollowed_profiles.json
recently_unfollowed_profiles.json-0.4016329908083214,post,2026-03-06T19:02:37.000Z,"angelikahfahray","","identity","angelikahfahray",recently_unfollowed_profiles.json,/Users/kriskleva/Documents/ModernDayCircusManager/instagram-moderndaycircus-2026-03-09-mDWWVNXF/connections/followers_and_following/recently_unfollowed_profiles.json
recently_unfollowed_profiles.json-0.30201015933624653,post,2026-02-26T11:04:30.000Z,"tylervarvel","","identity","tylervarvel",recently_unfollowed_profiles.json,/Users/kriskleva/Documents/ModernDayCircusManager/instagram-moderndaycircus-2026-03-09-mDWWVNXF/connections/followers_and_following/recently_unfollowed_profiles.json
recently_unfollowed_profiles.json-0.7679355065749633,post,2026-02-22T18:32:13.000Z,"sillyshilli","","identity","sillyshilli",recently_unfollowed_profiles.json,/Users/kriskleva/Documents/ModernDayCircusManager/instagram-moderndaycircus-2026-03-09-mDWWVNXF/connections/followers_and_following/recently_unfollowed_profiles.json
recently_unfollowed_profiles.json-0.8554253965750007,post,2026-02-11T10:43:41.000Z,"theexperimentscomicbook","","identity","theexperimentscomicbook",recently_unfollowed_profiles.json,/Users/kriskleva/Documents/ModernDayCircusManager/instagram-moderndaycircus-2026-03-09-mDWWVNXF/connections/followers_and_following/recently_unfollowed_profiles.json
recently_unfollowed_profiles.json-0.7268660834409473,post,2026-02-11T10:42:52.000Z,"nobdy401","","identity","nobdy401",recently_unfollowed_profiles.json,/Users/kriskleva/Documents/ModernDayCircusManager/instagram-moderndaycircus-2026-03-09-mDWWVNXF/connections/followers_and_following/recently_unfollowed_profiles.json
recently_unfollowed_profiles.json-0.6021773790829901,post,2026-02-11T10:42:48.000Z,"mattyr_ecom","","identity","mattyr_ecom",recently_unfollowed_profiles.json,/Users/kriskleva/Documents/ModernDayCircusManager/instagram-moderndaycircus-2026-03-09-mDWWVNXF/connections/followers_and_following/recently_unfollowed_profiles.json
recently_unfollowed_profiles.json-0.6327291139190798,post,2026-02-11T10:42:44.000Z,"roye_gold","","identity","roye_gold",recently_unfollowed_profiles.json,/Users/kriskleva/Documents/ModernDayCircusManager/instagram-moderndaycircus-2026-03-09-mDWWVNXF/connections/followers_and_following/recently_unfollowed_profiles.json
recently_unfollowed_profiles.json-0.18772137717380932,post,2026-02-11T10:42:40.000Z,"chelseamacdaddy","","identity","chelseamacdaddy",recently_unfollowed_profiles.json,/Users/kriskleva/Documents/ModernDayCircusManager/instagram-moderndaycircus-2026-03-09-mDWWVNXF/connections/followers_and_following/recently_unfollowed_profiles.json
recently_unfollowed_profiles.json-0.3128167101540553,post,2026-02-11T10:42:35.000Z,"steveofallstreets","","identity","steveofallstreets",recently_unfollowed_profiles.json,/Users/kriskleva/Documents/ModernDayCircusManager/instagram-moderndaycircus-2026-03-09-mDWWVNXF/connections/followers_and_following/recently_unfollowed_profiles.json
recently_unfollowed_profiles.json-0.7131705091017304,post,2026-02-11T10:42:31.000Z,"domo_vang","","identity","domo_vang",recently_unfollowed_profiles.json,/Users/kriskleva/Documents/ModernDayCircusManager/instagram-moderndaycircus-2026-03-09-mDWWVNXF/connections/followers_and_following/recently_unfollowed_profiles.json
recently_unfollowed_profiles.json-0.11128389601797073,post,2026-02-11T10:42:23.000Z,"gerraai","","identity","gerraai",recently_unfollowed_profiles.json,/Users/kriskleva/Documents/ModernDayCircusManager/instagram-moderndaycircus-2026-03-09-mDWWVNXF/connections/followers_and_following/recently_unfollowed_profiles.json
recently_unfollowed_profiles.json-0.8982607494607584,post,2026-02-11T10:42:21.000Z,"hothighpriestess","","identity","hothighpriestess",recently_unfollowed_profiles.json,/Users/kriskleva/Documents/ModernDayCircusManager/instagram-moderndaycircus-2026-03-09-mDWWVNXF/connections/followers_and_following/recently_unfollowed_profiles.json
recently_unfollowed_profiles.json-0.8665682246762987,post,2026-02-11T10:41:55.000Z,"thejasonlamar","","identity","thejasonlamar",recently_unfollowed_profiles.json,/Users/kriskleva/Documents/ModernDayCircusManager/instagram-moderndaycircus-2026-03-09-mDWWVNXF/connections/followers_and_following/recently_unfollowed_profiles.json
recently_unfollowed_profiles.json-0.8701645018882489,post,2026-02-11T10:41:55.000Z,"williams_twinss","","identity","williams_twinss",recently_unfollowed_profiles.json,/Users/kriskleva/Documents/ModernDayCircusManager/instagram-moderndaycircus-2026-03-09-mDWWVNXF/connections/followers_and_following/recently_unfollowed_profiles.json
recently_unfollowed_profiles.json-0.923995964051854,post,2026-02-11T10:41:50.000Z,"arrionknight","","identity","arrionknight",recently_unfollowed_profiles.json,/Users/kriskleva/Documents/ModernDayCircusManager/instagram-moderndaycircus-2026-03-09-mDWWVNXF/connections/followers_and_following/recently_unfollowed_profiles.json
recently_unfollowed_profiles.json-0.5003039475306281,post,2026-02-11T10:41:50.000Z,"ryanwritesonthings","","identity","ryanwritesonthings",recently_unfollowed_profiles.json,/Users/kriskleva/Documents/ModernDayCircusManager/instagram-moderndaycircus-2026-03-09-mDWWVNXF/connections/followers_and_following/recently_unfollowed_profiles.json
recently_unfollowed_profiles.json-0.585547682595128,post,2026-02-11T10:41:47.000Z,"prcori22","","identity","prcori22",recently_unfollowed_profiles.json,/Users/kriskleva/Documents/ModernDayCircusManager/instagram-moderndaycircus-2026-03-09-mDWWVNXF/connections/followers_and_following/recently_unfollowed_profiles.json
recently_unfollowed_profiles.json-0.5912176979174524,post,2026-02-11T10:41:46.000Z,"prettyboytheartist","","identity","prettyboytheartist",recently_unfollowed_profiles.json,/Users/kriskleva/Documents/ModernDayCircusManager/instagram-moderndaycircus-2026-03-09-mDWWVNXF/connections/followers_and_following/recently_unfollowed_profiles.json
recently_unfollowed_profiles.json-0.7854816669881337,post,2026-02-11T10:41:45.000Z,"fredro_starr","","identity","fredro_starr",recently_unfollowed_profiles.json,/Users/kriskleva/Documents/ModernDayCircusManager/instagram-moderndaycircus-2026-03-09-mDWWVNXF/connections/followers_and_following/recently_unfollowed_profiles.json
recently_unfollowed_profiles.json-0.9429292302460854,post,2026-02-11T10:41:40.000Z,"umacodes","","identity","umacodes",recently_unfollowed_profiles.json,/Users/kriskleva/Documents/ModernDayCircusManager/instagram-moderndaycircus-2026-03-09-mDWWVNXF/connections/followers_and_following/recently_unfollowed_profiles.json
recently_unfollowed_profiles.json-0.03792335920269818,post,2026-02-11T10:41:39.000Z,"mandamurhead","","identity","mandamurhead",recently_unfollowed_profiles.json,/Users/kriskleva/Documents/ModernDayCircusManager/instagram-moderndaycircus-2026-03-09-mDWWVNXF/connections/followers_and_following/recently_unfollowed_profiles.json
recently_unfollowed_profiles.json-0.4622414775724215,post,2026-02-11T10:41:38.000Z,"modelmanagement","","identity","modelmanagement",recently_unfollowed_profiles.json,/Users/kriskleva/Documents/ModernDayCircusManager/instagram-moderndaycircus-2026-03-09-mDWWVNXF/connections/followers_and_following/recently_unfollowed_profiles.json
recently_unfollowed_profiles.json-0.46105373366944846,post,2026-02-11T10:41:35.000Z,"pre_placement_preparations","","identity","pre_placement_preparations",recently_unfollowed_profiles.json,/Users/kriskleva/Documents/ModernDayCircusManager/instagram-moderndaycircus-2026-03-09-mDWWVNXF/connections/followers_and_following/recently_unfollowed_profiles.json
recently_unfollowed_profiles.json-0.37284116406305756,post,2026-02-11T10:41:34.000Z,"starfactoryad","","identity","starfactoryad",recently_unfollowed_profiles.json,/Users/kriskleva/Documents/ModernDayCircusManager/instagram-moderndaycircus-2026-03-09-mDWWVNXF/connections/followers_and_following/recently_unfollowed_profiles.json
recently_unfollowed_profiles.json-0.9770582706359194,post,2026-02-11T10:41:31.000Z,"adeyemiadeyosoye","","identity","adeyemiadeyosoye",recently_unfollowed_profiles.json,/Users/kriskleva/Documents/ModernDayCircusManager/instagram-moderndaycircus-2026-03-09-mDWWVNXF/connections/followers_and_following/recently_unfollowed_profiles.json
recently_unfollowed_profiles.json-0.3100411789718034,post,2026-02-11T10:41:28.000Z,"bobmouldmusic","","identity","bobmouldmusic",recently_unfollowed_profiles.json,/Users/kriskleva/Documents/ModernDayCircusManager/instagram-moderndaycircus-2026-03-09-mDWWVNXF/connections/followers_and_following/recently_unfollowed_profiles.json
recently_unfollowed_profiles.json-0.3550045414002554,post,2026-02-11T10:41:27.000Z,"productmanagermike","","identity","productmanagermike",recently_unfollowed_profiles.json,/Users/kriskleva/Documents/ModernDayCircusManager/instagram-moderndaycircus-2026-03-09-mDWWVNXF/connections/followers_and_following/recently_unfollowed_profiles.json
recently_unfollowed_profiles.json-0.6394252432767022,post,2026-02-11T10:41:25.000Z,"deval.auto","","identity","deval.auto",recently_unfollowed_profiles.json,/Users/kriskleva/Documents/ModernDayCircusManager/instagram-moderndaycircus-2026-03-09-mDWWVNXF/connections/followers_and_following/recently_unfollowed_profiles.json
recently_unfollowed_profiles.json-0.7236209928264725,post,2026-02-11T10:41:23.000Z,"technerdpeter","","identity","technerdpeter",recently_unfollowed_profiles.json,/Users/kriskleva/Documents/ModernDayCircusManager/instagram-moderndaycircus-2026-03-09-mDWWVNXF/connections/followers_and_following/recently_unfollowed_profiles.json
recently_unfollowed_profiles.json-0.9959131404415831,post,2026-02-11T10:41:23.000Z,"sina.growthtech","","identity","sina.growthtech",recently_unfollowed_profiles.json,/Users/kriskleva/Documents/ModernDayCircusManager/instagram-moderndaycircus-2026-03-09-mDWWVNXF/connections/followers_and_following/recently_unfollowed_profiles.json
recently_unfollowed_profiles.json-0.06471530690416993,post,2026-02-11T10:41:16.000Z,"hopecore_app","","identity","hopecore_app",recently_unfollowed_profiles.json,/Users/kriskleva/Documents/ModernDayCircusManager/instagram-moderndaycircus-2026-03-09-mDWWVNXF/connections/followers_and_following/recently_unfollowed_profiles.json
recently_unfollowed_profiles.json-0.9305409194541756,post,2026-02-11T10:41:13.000Z,"bigdataspecialist","","identity","bigdataspecialist",recently_unfollowed_profiles.json,/Users/kriskleva/Documents/ModernDayCircusManager/instagram-moderndaycircus-2026-03-09-mDWWVNXF/connections/followers_and_following/recently_unfollowed_profiles.json
recently_unfollowed_profiles.json-0.5422621315648197,post,2026-02-11T10:41:11.000Z,"lewismenelaws","","identity","lewismenelaws",recently_unfollowed_profiles.json,/Users/kriskleva/Documents/ModernDayCircusManager/instagram-moderndaycircus-2026-03-09-mDWWVNXF/connections/followers_and_following/recently_unfollowed_profiles.json
recently_unfollowed_profiles.json-0.7307647317448485,post,2026-02-11T10:41:10.000Z,"termanologyst","","identity","termanologyst",recently_unfollowed_profiles.json,/Users/kriskleva/Documents/ModernDayCircusManager/instagram-moderndaycircus-2026-03-09-mDWWVNXF/connections/followers_and_following/recently_unfollowed_profiles.json
recently_unfollowed_profiles.json-0.651050638133801,post,2026-02-11T10:41:09.000Z,"theecomwolf","","identity","theecomwolf",recently_unfollowed_profiles.json,/Users/kriskleva/Documents/ModernDayCircusManager/instagram-moderndaycircus-2026-03-09-mDWWVNXF/connections/followers_and_following/recently_unfollowed_profiles.json
recently_unfollowed_profiles.json-0.46045487017628295,post,2026-02-11T10:41:07.000Z,"leevalentin","","identity","leevalentin",recently_unfollowed_profiles.json,/Users/kriskleva/Documents/ModernDayCircusManager/instagram-moderndaycircus-2026-03-09-mDWWVNXF/connections/followers_and_following/recently_unfollowed_profiles.json
recently_unfollowed_profiles.json-0.7818768151962732,post,2026-02-11T10:41:07.000Z,"scottstorchofficial","","identity","scottstorchofficial",recently_unfollowed_profiles.json,/Users/kriskleva/Documents/ModernDayCircusManager/instagram-moderndaycircus-2026-03-09-mDWWVNXF/connections/followers_and_following/recently_unfollowed_profiles.json
recently_unfollowed_profiles.json-0.603400010472743,post,2026-02-11T10:41:05.000Z,"brodyautomates","","identity","brodyautomates",recently_unfollowed_profiles.json,/Users/kriskleva/Documents/ModernDayCircusManager/instagram-moderndaycircus-2026-03-09-mDWWVNXF/connections/followers_and_following/recently_unfollowed_profiles.json
recently_unfollowed_profiles.json-0.8457772186184966,post,2026-02-11T10:41:04.000Z,"epro.grams","","identity","epro.grams",recently_unfollowed_profiles.json,/Users/kriskleva/Documents/ModernDayCircusManager/instagram-moderndaycircus-2026-03-09-mDWWVNXF/connections/followers_and_following/recently_unfollowed_profiles.json
recently_unfollowed_profiles.json-0.6263768536276602,post,2026-02-11T10:41:03.000Z,"skycaveretreats","","identity","skycaveretreats",recently_unfollowed_profiles.json,/Users/kriskleva/Documents/ModernDayCircusManager/instagram-moderndaycircus-2026-03-09-mDWWVNXF/connections/followers_and_following/recently_unfollowed_profiles.json
recently_unfollowed_profiles.json-0.6503692709962163,post,2026-02-11T10:41:01.000Z,"platesofportlandmaine","","identity","platesofportlandmaine",recently_unfollowed_profiles.json,/Users/kriskleva/Documents/ModernDayCircusManager/instagram-moderndaycircus-2026-03-09-mDWWVNXF/connections/followers_and_following/recently_unfollowed_profiles.json
recently_unfollowed_profiles.json-0.22978654362653983,post,2026-02-11T10:40:59.000Z,"owentheaiguy","","identity","owentheaiguy",recently_unfollowed_profiles.json,/Users/kriskleva/Documents/ModernDayCircusManager/instagram-moderndaycircus-2026-03-09-mDWWVNXF/connections/followers_and_following/recently_unfollowed_profiles.json
recently_unfollowed_profiles.json-0.4044264532383324,post,2026-02-11T10:40:56.000Z,"this.girl.tech","","identity","this.girl.tech",recently_unfollowed_profiles.json,/Users/kriskleva/Documents/ModernDayCircusManager/instagram-moderndaycircus-2026-03-09-mDWWVNXF/connections/followers_and_following/recently_unfollowed_profiles.json
recently_unfollowed_profiles.json-0.8078853578964107,post,2026-02-11T10:40:54.000Z,"drjamesrouse","","identity","drjamesrouse",recently_unfollowed_profiles.json,/Users/kriskleva/Documents/ModernDayCircusManager/instagram-moderndaycircus-2026-03-09-mDWWVNXF/connections/followers_and_following/recently_unfollowed_profiles.json
recently_unfollowed_profiles.json-0.25734626162883667,post,2026-02-11T10:40:53.000Z,"teddybankz_","","identity","teddybankz_",recently_unfollowed_profiles.json,/Users/kriskleva/Documents/ModernDayCircusManager/instagram-moderndaycircus-2026-03-09-mDWWVNXF/connections/followers_and_following/recently_unfollowed_profiles.json
recently_unfollowed_profiles.json-0.14453633604159788,post,2026-02-11T10:40:52.000Z,"iamjadenly","","identity","iamjadenly",recently_unfollowed_profiles.json,/Users/kriskleva/Documents/ModernDayCircusManager/instagram-moderndaycircus-2026-03-09-mDWWVNXF/connections/followers_and_following/recently_unfollowed_profiles.json
recently_unfollowed_profiles.json-0.0551429293060306,post,2026-02-11T10:40:50.000Z,"imtiazrafibutt_official","","identity","imtiazrafibutt_official",recently_unfollowed_profiles.json,/Users/kriskleva/Documents/ModernDayCircusManager/instagram-moderndaycircus-2026-03-09-mDWWVNXF/connections/followers_and_following/recently_unfollowed_profiles.json
recently_unfollowed_profiles.json-0.23359096833341764,post,2026-02-11T10:40:49.000Z,"not.agoodbye","","identity","not.agoodbye",recently_unfollowed_profiles.json,/Users/kriskleva/Documents/ModernDayCircusManager/instagram-moderndaycircus-2026-03-09-mDWWVNXF/connections/followers_and_following/recently_unfollowed_profiles.json
recently_unfollowed_profiles.json-0.6101991729362854,post,2026-02-11T10:40:49.000Z,"ohmhasmeaning","","identity","ohmhasmeaning",recently_unfollowed_profiles.json,/Users/kriskleva/Documents/ModernDayCircusManager/instagram-moderndaycircus-2026-03-09-mDWWVNXF/connections/followers_and_following/recently_unfollowed_profiles.json
recently_unfollowed_profiles.json-0.43880448848303644,post,2026-02-11T10:40:48.000Z,"thechrisgoor","","identity","thechrisgoor",recently_unfollowed_profiles.json,/Users/kriskleva/Documents/ModernDayCircusManager/instagram-moderndaycircus-2026-03-09-mDWWVNXF/connections/followers_and_following/recently_unfollowed_profiles.json
recently_unfollowed_profiles.json-0.3643188109289759,post,2026-02-11T10:40:47.000Z,"michellescomputer","","identity","michellescomputer",recently_unfollowed_profiles.json,/Users/kriskleva/Documents/ModernDayCircusManager/instagram-moderndaycircus-2026-03-09-mDWWVNXF/connections/followers_and_following/recently_unfollowed_profiles.json
recently_unfollowed_profiles.json-0.5360028315952767,post,2026-02-11T10:40:46.000Z,"kickksnation","","identity","kickksnation",recently_unfollowed_profiles.json,/Users/kriskleva/Documents/ModernDayCircusManager/instagram-moderndaycircus-2026-03-09-mDWWVNXF/connections/followers_and_following/recently_unfollowed_profiles.json
recently_unfollowed_profiles.json-0.42164739944197493,post,2026-02-11T10:40:44.000Z,"swerikcodes","","identity","swerikcodes",recently_unfollowed_profiles.json,/Users/kriskleva/Documents/ModernDayCircusManager/instagram-moderndaycircus-2026-03-09-mDWWVNXF/connections/followers_and_following/recently_unfollowed_profiles.json
recently_unfollowed_profiles.json-0.9342113798163987,post,2026-02-11T10:40:42.000Z,"techroastshow","","identity","techroastshow",recently_unfollowed_profiles.json,/Users/kriskleva/Documents/ModernDayCircusManager/instagram-moderndaycircus-2026-03-09-mDWWVNXF/connections/followers_and_following/recently_unfollowed_profiles.json
recently_unfollowed_profiles.json-0.7577581727625622,post,2026-02-11T10:40:41.000Z,"janellemonae","","identity","janellemonae",recently_unfollowed_profiles.json,/Users/kriskleva/Documents/ModernDayCircusManager/instagram-moderndaycircus-2026-03-09-mDWWVNXF/connections/followers_and_following/recently_unfollowed_profiles.json
recently_unfollowed_profiles.json-0.7856651432616957,post,2026-02-11T10:40:40.000Z,"sarahaugenphotography","","identity","sarahaugenphotography",recently_unfollowed_profiles.json,/Users/kriskleva/Documents/ModernDayCircusManager/instagram-moderndaycircus-2026-03-09-mDWWVNXF/connections/followers_and_following/recently_unfollowed_profiles.json
recently_unfollowed_profiles.json-0.912717447374155,post,2026-02-11T10:40:37.000Z,"sarkieampim","","identity","sarkieampim",recently_unfollowed_profiles.json,/Users/kriskleva/Documents/ModernDayCircusManager/instagram-moderndaycircus-2026-03-09-mDWWVNXF/connections/followers_and_following/recently_unfollowed_profiles.json
recently_unfollowed_profiles.json-0.4321293002696429,post,2026-02-11T10:40:32.000Z,"personalbrandlaunch","","identity","personalbrandlaunch",recently_unfollowed_profiles.json,/Users/kriskleva/Documents/ModernDayCircusManager/instagram-moderndaycircus-2026-03-09-mDWWVNXF/connections/followers_and_following/recently_unfollowed_profiles.json
recently_unfollowed_profiles.json-0.3106164673864904,post,2026-02-11T10:40:31.000Z,"devin.the.one","","identity","devin.the.one",recently_unfollowed_profiles.json,/Users/kriskleva/Documents/ModernDayCircusManager/instagram-moderndaycircus-2026-03-09-mDWWVNXF/connections/followers_and_following/recently_unfollowed_profiles.json
recently_unfollowed_profiles.json-0.3645009381788742,post,2026-02-11T10:40:30.000Z,"summerwalker","","identity","summerwalker",recently_unfollowed_profiles.json,/Users/kriskleva/Documents/ModernDayCircusManager/instagram-moderndaycircus-2026-03-09-mDWWVNXF/connections/followers_and_following/recently_unfollowed_profiles.json
recently_unfollowed_profiles.json-0.530490348590996,post,2026-02-11T10:40:30.000Z,"joshuaneall","","identity","joshuaneall",recently_unfollowed_profiles.json,/Users/kriskleva/Documents/ModernDayCircusManager/instagram-moderndaycircus-2026-03-09-mDWWVNXF/connections/followers_and_following/recently_unfollowed_profiles.json
recently_unfollowed_profiles.json-0.6794084866633223,post,2026-02-11T10:40:23.000Z,"50cent","","identity","50cent",recently_unfollowed_profiles.json,/Users/kriskleva/Documents/ModernDayCircusManager/instagram-moderndaycircus-2026-03-09-mDWWVNXF/connections/followers_and_following/recently_unfollowed_profiles.json
recently_unfollowed_profiles.json-0.2559013867891349,post,2026-02-07T09:05:01.000Z,"amoritizlove","","identity","amoritizlove",recently_unfollowed_profiles.json,/Users/kriskleva/Documents/ModernDayCircusManager/instagram-moderndaycircus-2026-03-09-mDWWVNXF/connections/followers_and_following/recently_unfollowed_profiles.json
recently_unfollowed_profiles.json-0.10696470320733864,post,2026-02-06T00:07:43.000Z,"alina_comorschi","","identity","alina_comorschi",recently_unfollowed_profiles.json,/Users/kriskleva/Documents/ModernDayCircusManager/instagram-moderndaycircus-2026-03-09-mDWWVNXF/connections/followers_and_following/recently_unfollowed_profiles.json
recently_unfollowed_profiles.json-0.941820820785886,post,2026-01-29T16:15:11.000Z,"blexchinparix","","identity","blexchinparix",recently_unfollowed_profiles.json,/Users/kriskleva/Documents/ModernDayCircusManager/instagram-moderndaycircus-2026-03-09-mDWWVNXF/connections/followers_and_following/recently_unfollowed_profiles.json
recently_unfollowed_profiles.json-0.8424049903961599,post,2026-01-29T16:14:47.000Z,"roxisuger","","identity","roxisuger",recently_unfollowed_profiles.json,/Users/kriskleva/Documents/ModernDayCircusManager/instagram-moderndaycircus-2026-03-09-mDWWVNXF/connections/followers_and_following/recently_unfollowed_profiles.json
recently_unfollowed_profiles.json-0.21081603470685462,post,2026-01-29T16:14:40.000Z,"hilarysilverbodywork","","identity","hilarysilverbodywork",recently_unfollowed_profiles.json,/Users/kriskleva/Documents/ModernDayCircusManager/instagram-moderndaycircus-2026-03-09-mDWWVNXF/connections/followers_and_following/recently_unfollowed_profiles.json
recently_unfollowed_profiles.json-0.8643776472171893,post,2026-01-29T16:14:35.000Z,"senecaraymond","","identity","senecaraymond",recently_unfollowed_profiles.json,/Users/kriskleva/Documents/ModernDayCircusManager/instagram-moderndaycircus-2026-03-09-mDWWVNXF/connections/followers_and_following/recently_unfollowed_profiles.json
recently_unfollowed_profiles.json-0.8764686625798115,post,2026-01-29T16:14:25.000Z,"msdarcycarter","","identity","msdarcycarter",recently_unfollowed_profiles.json,/Users/kriskleva/Documents/ModernDayCircusManager/instagram-moderndaycircus-2026-03-09-mDWWVNXF/connections/followers_and_following/recently_unfollowed_profiles.json
recently_unfollowed_profiles.json-0.2681981891203562,post,2026-01-29T16:14:15.000Z,"svanna_wildchild","","identity","svanna_wildchild",recently_unfollowed_profiles.json,/Users/kriskleva/Documents/ModernDayCircusManager/instagram-moderndaycircus-2026-03-09-mDWWVNXF/connections/followers_and_following/recently_unfollowed_profiles.json
recently_unfollowed_profiles.json-0.19157810032620914,post,2026-01-29T16:14:09.000Z,"beeaansprout","","identity","beeaansprout",recently_unfollowed_profiles.json,/Users/kriskleva/Documents/ModernDayCircusManager/instagram-moderndaycircus-2026-03-09-mDWWVNXF/connections/followers_and_following/recently_unfollowed_profiles.json
recently_unfollowed_profiles.json-0.6516175062638228,post,2026-01-29T16:14:03.000Z,"m.i.l.f._weed207","","identity","m.i.l.f._weed207",recently_unfollowed_profiles.json,/Users/kriskleva/Documents/ModernDayCircusManager/instagram-moderndaycircus-2026-03-09-mDWWVNXF/connections/followers_and_following/recently_unfollowed_profiles.json
recently_unfollowed_profiles.json-0.9165381777444401,post,2026-01-29T16:13:40.000Z,"edhonour","","identity","edhonour",recently_unfollowed_profiles.json,/Users/kriskleva/Documents/ModernDayCircusManager/instagram-moderndaycircus-2026-03-09-mDWWVNXF/connections/followers_and_following/recently_unfollowed_profiles.json
recently_unfollowed_profiles.json-0.4546395801321321,post,2026-01-29T16:13:31.000Z,"caronbryanmodels","","identity","caronbryanmodels",recently_unfollowed_profiles.json,/Users/kriskleva/Documents/ModernDayCircusManager/instagram-moderndaycircus-2026-03-09-mDWWVNXF/connections/followers_and_following/recently_unfollowed_profiles.json
recently_unfollowed_profiles.json-0.8996130789386783,post,2026-01-29T16:13:24.000Z,"luvsbeauty_","","identity","luvsbeauty_",recently_unfollowed_profiles.json,/Users/kriskleva/Documents/ModernDayCircusManager/instagram-moderndaycircus-2026-03-09-mDWWVNXF/connections/followers_and_following/recently_unfollowed_profiles.json
recently_unfollowed_profiles.json-0.04364485713141586,post,2026-01-29T16:13:16.000Z,"mermaidfromthemediterranean","","identity","mermaidfromthemediterranean",recently_unfollowed_profiles.json,/Users/kriskleva/Documents/ModernDayCircusManager/instagram-moderndaycircus-2026-03-09-mDWWVNXF/connections/followers_and_following/recently_unfollowed_profiles.json
recently_unfollowed_profiles.json-0.2611780984982641,post,2026-01-29T16:13:01.000Z,"djessy_jesber_jdjessy","","identity","djessy_jesber_jdjessy",recently_unfollowed_profiles.json,/Users/kriskleva/Documents/ModernDayCircusManager/instagram-moderndaycircus-2026-03-09-mDWWVNXF/connections/followers_and_following/recently_unfollowed_profiles.json
recently_unfollowed_profiles.json-0.9439452552880989,post,2026-01-29T16:12:53.000Z,"sabras_eyes","","identity","sabras_eyes",recently_unfollowed_profiles.json,/Users/kriskleva/Documents/ModernDayCircusManager/instagram-moderndaycircus-2026-03-09-mDWWVNXF/connections/followers_and_following/recently_unfollowed_profiles.json
recently_unfollowed_profiles.json-0.014476262407887797,post,2026-01-29T16:12:47.000Z,"mrskateschmidt","","identity","mrskateschmidt",recently_unfollowed_profiles.json,/Users/kriskleva/Documents/ModernDayCircusManager/instagram-moderndaycircus-2026-03-09-mDWWVNXF/connections/followers_and_following/recently_unfollowed_profiles.json
recently_unfollowed_profiles.json-0.5167884185768084,post,2026-01-29T16:12:40.000Z,"ilafa_sotsi","","identity","ilafa_sotsi",recently_unfollowed_profiles.json,/Users/kriskleva/Documents/ModernDayCircusManager/instagram-moderndaycircus-2026-03-09-mDWWVNXF/connections/followers_and_following/recently_unfollowed_profiles.json
recently_unfollowed_profiles.json-0.8373922489838388,post,2026-01-29T16:12:32.000Z,"aili_smith_","","identity","aili_smith_",recently_unfollowed_profiles.json,/Users/kriskleva/Documents/ModernDayCircusManager/instagram-moderndaycircus-2026-03-09-mDWWVNXF/connections/followers_and_following/recently_unfollowed_profiles.json
recently_unfollowed_profiles.json-0.48041905878926006,post,2026-01-29T16:12:30.000Z,"akwatford","","identity","akwatford",recently_unfollowed_profiles.json,/Users/kriskleva/Documents/ModernDayCircusManager/instagram-moderndaycircus-2026-03-09-mDWWVNXF/connections/followers_and_following/recently_unfollowed_profiles.json
recently_unfollowed_profiles.json-0.25710522264509006,post,2026-01-29T16:12:09.000Z,"ryanwalkabout","","identity","ryanwalkabout",recently_unfollowed_profiles.json,/Users/kriskleva/Documents/ModernDayCircusManager/instagram-moderndaycircus-2026-03-09-mDWWVNXF/connections/followers_and_following/recently_unfollowed_profiles.json
recently_unfollowed_profiles.json-0.9822820128680656,post,2026-01-29T16:11:57.000Z,"briana_may93","","identity","briana_may93",recently_unfollowed_profiles.json,/Users/kriskleva/Documents/ModernDayCircusManager/instagram-moderndaycircus-2026-03-09-mDWWVNXF/connections/followers_and_following/recently_unfollowed_profiles.json
recently_unfollowed_profiles.json-0.9335967701174439,post,2026-01-29T16:11:47.000Z,"bobbiel27","","identity","bobbiel27",recently_unfollowed_profiles.json,/Users/kriskleva/Documents/ModernDayCircusManager/instagram-moderndaycircus-2026-03-09-mDWWVNXF/connections/followers_and_following/recently_unfollowed_profiles.json
recently_unfollowed_profiles.json-0.7893589578552604,post,2026-01-29T16:11:35.000Z,"goatsforgood","","identity","goatsforgood",recently_unfollowed_profiles.json,/Users/kriskleva/Documents/ModernDayCircusManager/instagram-moderndaycircus-2026-03-09-mDWWVNXF/connections/followers_and_following/recently_unfollowed_profiles.json
recently_unfollowed_profiles.json-0.22466017145798078,post,2026-01-29T16:11:26.000Z,"a_shuggs","","identity","a_shuggs",recently_unfollowed_profiles.json,/Users/kriskleva/Documents/ModernDayCircusManager/instagram-moderndaycircus-2026-03-09-mDWWVNXF/connections/followers_and_following/recently_unfollowed_profiles.json
recently_unfollowed_profiles.json-0.39719981990972575,post,2026-01-29T16:11:03.000Z,"weared3vine","","identity","weared3vine",recently_unfollowed_profiles.json,/Users/kriskleva/Documents/ModernDayCircusManager/instagram-moderndaycircus-2026-03-09-mDWWVNXF/connections/followers_and_following/recently_unfollowed_profiles.json
recently_unfollowed_profiles.json-0.7576862116586662,post,2026-01-29T16:10:48.000Z,"brookereed37","","identity","brookereed37",recently_unfollowed_profiles.json,/Users/kriskleva/Documents/ModernDayCircusManager/instagram-moderndaycircus-2026-03-09-mDWWVNXF/connections/followers_and_following/recently_unfollowed_profiles.json
recently_unfollowed_profiles.json-0.9498900582311096,post,2026-01-29T16:10:38.000Z,"erkakane","","identity","erkakane",recently_unfollowed_profiles.json,/Users/kriskleva/Documents/ModernDayCircusManager/instagram-moderndaycircus-2026-03-09-mDWWVNXF/connections/followers_and_following/recently_unfollowed_profiles.json
recently_unfollowed_profiles.json-0.059135823510308105,post,2026-01-26T20:11:30.000Z,"crista207","","identity","crista207",recently_unfollowed_profiles.json,/Users/kriskleva/Documents/ModernDayCircusManager/instagram-moderndaycircus-2026-03-09-mDWWVNXF/connections/followers_and_following/recently_unfollowed_profiles.json
recently_unfollowed_profiles.json-0.6412799768784962,post,2026-01-26T20:11:24.000Z,"visionsofajra","","identity","visionsofajra",recently_unfollowed_profiles.json,/Users/kriskleva/Documents/ModernDayCircusManager/instagram-moderndaycircus-2026-03-09-mDWWVNXF/connections/followers_and_following/recently_unfollowed_profiles.json
recently_unfollowed_profiles.json-0.42196267809464616,post,2026-01-26T20:11:11.000Z,"kimberlyhaesler","","identity","kimberlyhaesler",recently_unfollowed_profiles.json,/Users/kriskleva/Documents/ModernDayCircusManager/instagram-moderndaycircus-2026-03-09-mDWWVNXF/connections/followers_and_following/recently_unfollowed_profiles.json
recently_unfollowed_profiles.json-0.04844194513531197,post,2026-01-26T20:10:59.000Z,"mushrooms143","","identity","mushrooms143",recently_unfollowed_profiles.json,/Users/kriskleva/Documents/ModernDayCircusManager/instagram-moderndaycircus-2026-03-09-mDWWVNXF/connections/followers_and_following/recently_unfollowed_profiles.json
recently_unfollowed_profiles.json-0.6459924901082397,post,2026-01-26T20:10:43.000Z,"aerinaries","","identity","aerinaries",recently_unfollowed_profiles.json,/Users/kriskleva/Documents/ModernDayCircusManager/instagram-moderndaycircus-2026-03-09-mDWWVNXF/connections/followers_and_following/recently_unfollowed_profiles.json
recently_unfollowed_profiles.json-0.18044644921720576,post,2026-01-14T08:35:03.000Z,"chinesegalweiwei","","identity","chinesegalweiwei",recently_unfollowed_profiles.json,/Users/kriskleva/Documents/ModernDayCircusManager/instagram-moderndaycircus-2026-03-09-mDWWVNXF/connections/followers_and_following/recently_unfollowed_profiles.json
recently_unfollowed_profiles.json-0.3876289019055925,post,2026-01-14T08:34:41.000Z,"lou_anne111","","identity","lou_anne111",recently_unfollowed_profiles.json,/Users/kriskleva/Documents/ModernDayCircusManager/instagram-moderndaycircus-2026-03-09-mDWWVNXF/connections/followers_and_following/recently_unfollowed_profiles.json
recently_unfollowed_profiles.json-0.30169856558154784,post,2026-01-13T03:42:49.000Z,"thearielpryor","","identity","thearielpryor",recently_unfollowed_profiles.json,/Users/kriskleva/Documents/ModernDayCircusManager/instagram-moderndaycircus-2026-03-09-mDWWVNXF/connections/followers_and_following/recently_unfollowed_profiles.json
removed_suggestions.json-0.9385968289576387,unknown,2026-02-26T00:01:07.000Z,"allcitysmitty","","identity","allcitysmitty",removed_suggestions.json,/Users/kriskleva/Documents/ModernDayCircusManager/instagram-moderndaycircus-2026-03-09-mDWWVNXF/connections/followers_and_following/removed_suggestions.json
removed_suggestions.json-0.009742706559096703,unknown,2026-02-10T11:54:39.000Z,"mistresstrixxie","","identity","mistresstrixxie",removed_suggestions.json,/Users/kriskleva/Documents/ModernDayCircusManager/instagram-moderndaycircus-2026-03-09-mDWWVNXF/connections/followers_and_following/removed_suggestions.json
removed_suggestions.json-0.6630294749150736,unknown,2026-02-10T11:54:39.000Z,"sunshinex608","","identity","sunshinex608",removed_suggestions.json,/Users/kriskleva/Documents/ModernDayCircusManager/instagram-moderndaycircus-2026-03-09-mDWWVNXF/connections/followers_and_following/removed_suggestions.json
removed_suggestions.json-0.7476593352130021,unknown,2026-02-10T11:54:38.000Z,"sexysteen","","identity","sexysteen",removed_suggestions.json,/Users/kriskleva/Documents/ModernDayCircusManager/instagram-moderndaycircus-2026-03-09-mDWWVNXF/connections/followers_and_following/removed_suggestions.json
removed_suggestions.json-0.398268634071792,unknown,2026-02-10T11:54:37.000Z,"emg682","","identity","emg682",removed_suggestions.json,/Users/kriskleva/Documents/ModernDayCircusManager/instagram-moderndaycircus-2026-03-09-mDWWVNXF/connections/followers_and_following/removed_suggestions.json
removed_suggestions.json-0.6214435424280187,unknown,2026-02-10T11:54:36.000Z,"misty_lee_coolidge","","identity","misty_lee_coolidge",removed_suggestions.json,/Users/kriskleva/Documents/ModernDayCircusManager/instagram-moderndaycircus-2026-03-09-mDWWVNXF/connections/followers_and_following/removed_suggestions.json
removed_suggestions.json-0.8010622523435509,unknown,2026-02-10T11:54:35.000Z,"garr.ise","","identity","garr.ise",removed_suggestions.json,/Users/kriskleva/Documents/ModernDayCircusManager/instagram-moderndaycircus-2026-03-09-mDWWVNXF/connections/followers_and_following/removed_suggestions.json
removed_suggestions.json-0.504897573621466,unknown,2026-02-10T11:54:35.000Z,"ginnygillbreath","","identity","ginnygillbreath",removed_suggestions.json,/Users/kriskleva/Documents/ModernDayCircusManager/instagram-moderndaycircus-2026-03-09-mDWWVNXF/connections/followers_and_following/removed_suggestions.json
removed_suggestions.json-0.2861113573528924,unknown,2026-02-10T11:54:34.000Z,"silent_trees","","identity","silent_trees",removed_suggestions.json,/Users/kriskleva/Documents/ModernDayCircusManager/instagram-moderndaycircus-2026-03-09-mDWWVNXF/connections/followers_and_following/removed_suggestions.json
removed_suggestions.json-0.46843358854909645,unknown,2026-02-10T11:54:33.000Z,"dontworry.official","","identity","dontworry.official",removed_suggestions.json,/Users/kriskleva/Documents/ModernDayCircusManager/instagram-moderndaycircus-2026-03-09-mDWWVNXF/connections/followers_and_following/removed_suggestions.json
removed_suggestions.json-0.8098759583695303,unknown,2026-02-10T11:54:32.000Z,"kellibrewer.realtor","","identity","kellibrewer.realtor",removed_suggestions.json,/Users/kriskleva/Documents/ModernDayCircusManager/instagram-moderndaycircus-2026-03-09-mDWWVNXF/connections/followers_and_following/removed_suggestions.json
removed_suggestions.json-0.24740881096153067,unknown,2026-02-10T11:54:31.000Z,"just_jenniii","","identity","just_jenniii",removed_suggestions.json,/Users/kriskleva/Documents/ModernDayCircusManager/instagram-moderndaycircus-2026-03-09-mDWWVNXF/connections/followers_and_following/removed_suggestions.json
removed_suggestions.json-0.23167190481860755,unknown,2026-02-10T11:54:30.000Z,"brittanyldevine","","identity","brittanyldevine",removed_suggestions.json,/Users/kriskleva/Documents/ModernDayCircusManager/instagram-moderndaycircus-2026-03-09-mDWWVNXF/connections/followers_and_following/removed_suggestions.json
removed_suggestions.json-0.911551943637301,unknown,2026-02-10T11:54:27.000Z,"jeshjeshjesh","","identity","jeshjeshjesh",removed_suggestions.json,/Users/kriskleva/Documents/ModernDayCircusManager/instagram-moderndaycircus-2026-03-09-mDWWVNXF/connections/followers_and_following/removed_suggestions.json
removed_suggestions.json-0.6188772080849665,unknown,2026-02-06T04:47:35.000Z,"tanyalee_v","","identity","tanyalee_v",removed_suggestions.json,/Users/kriskleva/Documents/ModernDayCircusManager/instagram-moderndaycircus-2026-03-09-mDWWVNXF/connections/followers_and_following/removed_suggestions.json
removed_suggestions.json-0.44500160537121003,unknown,2025-12-07T00:28:54.000Z,"rhythmsoftheheart144","","identity","rhythmsoftheheart144",removed_suggestions.json,/Users/kriskleva/Documents/ModernDayCircusManager/instagram-moderndaycircus-2026-03-09-mDWWVNXF/connections/followers_and_following/removed_suggestions.json
removed_suggestions.json-0.6924881184305458,unknown,2025-12-07T00:28:54.000Z,"doobieduchess","","identity","doobieduchess",removed_suggestions.json,/Users/kriskleva/Documents/ModernDayCircusManager/instagram-moderndaycircus-2026-03-09-mDWWVNXF/connections/followers_and_following/removed_suggestions.json
removed_suggestions.json-0.07597861619151591,unknown,2025-12-07T00:28:53.000Z,"raechma.xx","","identity","raechma.xx",removed_suggestions.json,/Users/kriskleva/Documents/ModernDayCircusManager/instagram-moderndaycircus-2026-03-09-mDWWVNXF/connections/followers_and_following/removed_suggestions.json
removed_suggestions.json-0.20757622601801384,unknown,2025-12-07T00:28:53.000Z,"13_scotland_rd","","identity","13_scotland_rd",removed_suggestions.json,/Users/kriskleva/Documents/ModernDayCircusManager/instagram-moderndaycircus-2026-03-09-mDWWVNXF/connections/followers_and_following/removed_suggestions.json
removed_suggestions.json-0.2083021490902548,unknown,2025-12-07T00:28:53.000Z,"harrybrownsfarm","","identity","harrybrownsfarm",removed_suggestions.json,/Users/kriskleva/Documents/ModernDayCircusManager/instagram-moderndaycircus-2026-03-09-mDWWVNXF/connections/followers_and_following/removed_suggestions.json
removed_suggestions.json-0.8004868983339906,unknown,2025-12-07T00:28:52.000Z,"theoffical_jdubs","","identity","theoffical_jdubs",removed_suggestions.json,/Users/kriskleva/Documents/ModernDayCircusManager/instagram-moderndaycircus-2026-03-09-mDWWVNXF/connections/followers_and_following/removed_suggestions.json
removed_suggestions.json-0.8991385845337263,unknown,2025-12-07T00:28:51.000Z,"handsofedenmobilemassage","","identity","handsofedenmobilemassage",removed_suggestions.json,/Users/kriskleva/Documents/ModernDayCircusManager/instagram-moderndaycircus-2026-03-09-mDWWVNXF/connections/followers_and_following/removed_suggestions.json
removed_suggestions.json-0.457251235753974,unknown,2025-12-07T00:28:51.000Z,"c_dr_____","","identity","c_dr_____",removed_suggestions.json,/Users/kriskleva/Documents/ModernDayCircusManager/instagram-moderndaycircus-2026-03-09-mDWWVNXF/connections/followers_and_following/removed_suggestions.json
removed_suggestions.json-0.6670507462113695,unknown,2025-12-07T00:28:50.000Z,"maine.music.alliance","","identity","maine.music.alliance",removed_suggestions.json,/Users/kriskleva/Documents/ModernDayCircusManager/instagram-moderndaycircus-2026-03-09-mDWWVNXF/connections/followers_and_following/removed_suggestions.json
removed_suggestions.json-0.654965814388603,unknown,2025-12-07T00:28:50.000Z,"auramaine","","identity","auramaine",removed_suggestions.json,/Users/kriskleva/Documents/ModernDayCircusManager/instagram-moderndaycircus-2026-03-09-mDWWVNXF/connections/followers_and_following/removed_suggestions.json
removed_suggestions.json-0.9614979006814786,unknown,2025-12-07T00:28:49.000Z,"seedsoundherbalapothecary","","identity","seedsoundherbalapothecary",removed_suggestions.json,/Users/kriskleva/Documents/ModernDayCircusManager/instagram-moderndaycircus-2026-03-09-mDWWVNXF/connections/followers_and_following/removed_suggestions.json
removed_suggestions.json-0.7010243995920449,unknown,2025-12-07T00:28:48.000Z,"lavakavamaine","","identity","lavakavamaine",removed_suggestions.json,/Users/kriskleva/Documents/ModernDayCircusManager/instagram-moderndaycircus-2026-03-09-mDWWVNXF/connections/followers_and_following/removed_suggestions.json
removed_suggestions.json-0.44017055164621044,unknown,2025-12-07T00:28:48.000Z,"in_the_p.o.c.ket","","identity","in_the_p.o.c.ket",removed_suggestions.json,/Users/kriskleva/Documents/ModernDayCircusManager/instagram-moderndaycircus-2026-03-09-mDWWVNXF/connections/followers_and_following/removed_suggestions.json
removed_suggestions.json-0.05913732060196075,unknown,2025-12-07T00:28:47.000Z,"kismetfarm207","","identity","kismetfarm207",removed_suggestions.json,/Users/kriskleva/Documents/ModernDayCircusManager/instagram-moderndaycircus-2026-03-09-mDWWVNXF/connections/followers_and_following/removed_suggestions.json
removed_suggestions.json-0.8844871064086066,unknown,2025-12-07T00:28:47.000Z,"portlandmediacenter","","identity","portlandmediacenter",removed_suggestions.json,/Users/kriskleva/Documents/ModernDayCircusManager/instagram-moderndaycircus-2026-03-09-mDWWVNXF/connections/followers_and_following/removed_suggestions.json
removed_suggestions.json-0.833470966696128,unknown,2025-12-07T00:28:46.000Z,"fridaypm_maine","","identity","fridaypm_maine",removed_suggestions.json,/Users/kriskleva/Documents/ModernDayCircusManager/instagram-moderndaycircus-2026-03-09-mDWWVNXF/connections/followers_and_following/removed_suggestions.json
removed_suggestions.json-0.6648766533592567,unknown,2025-12-07T00:28:45.000Z,"mattnasimusic","","identity","mattnasimusic",removed_suggestions.json,/Users/kriskleva/Documents/ModernDayCircusManager/instagram-moderndaycircus-2026-03-09-mDWWVNXF/connections/followers_and_following/removed_suggestions.json
removed_suggestions.json-0.7882352725773083,unknown,2025-12-07T00:28:45.000Z,"lovensoul207","","identity","lovensoul207",removed_suggestions.json,/Users/kriskleva/Documents/ModernDayCircusManager/instagram-moderndaycircus-2026-03-09-mDWWVNXF/connections/followers_and_following/removed_suggestions.json
removed_suggestions.json-0.4038189671046948,unknown,2025-12-07T00:28:44.000Z,"leggoman851","","identity","leggoman851",removed_suggestions.json,/Users/kriskleva/Documents/ModernDayCircusManager/instagram-moderndaycircus-2026-03-09-mDWWVNXF/connections/followers_and_following/removed_suggestions.json
removed_suggestions.json-0.40640005777985966,unknown,2025-12-07T00:28:43.000Z,"c.monicasok","","identity","c.monicasok",removed_suggestions.json,/Users/kriskleva/Documents/ModernDayCircusManager/instagram-moderndaycircus-2026-03-09-mDWWVNXF/connections/followers_and_following/removed_suggestions.json
removed_suggestions.json-0.0058310097508083025,unknown,2025-08-12T19:07:18.000Z,"jennairene_official","","identity","jennairene_official",removed_suggestions.json,/Users/kriskleva/Documents/ModernDayCircusManager/instagram-moderndaycircus-2026-03-09-mDWWVNXF/connections/followers_and_following/removed_suggestions.json
removed_suggestions.json-0.18303624152886488,unknown,2025-08-12T19:07:17.000Z,"katierogers.kat","","identity","katierogers.kat",removed_suggestions.json,/Users/kriskleva/Documents/ModernDayCircusManager/instagram-moderndaycircus-2026-03-09-mDWWVNXF/connections/followers_and_following/removed_suggestions.json
removed_suggestions.json-0.4048587419121634,unknown,2025-08-12T19:07:13.000Z,"smokinadventures420","","identity","smokinadventures420",removed_suggestions.json,/Users/kriskleva/Documents/ModernDayCircusManager/instagram-moderndaycircus-2026-03-09-mDWWVNXF/connections/followers_and_following/removed_suggestions.json
removed_suggestions.json-0.17712120905401063,unknown,2025-05-13T18:22:16.000Z,"hushharding","","identity","hushharding",removed_suggestions.json,/Users/kriskleva/Documents/ModernDayCircusManager/instagram-moderndaycircus-2026-03-09-mDWWVNXF/connections/followers_and_following/removed_suggestions.json
removed_suggestions.json-0.3286218786737938,unknown,2025-05-13T18:22:15.000Z,"lolmmac","","identity","lolmmac",removed_suggestions.json,/Users/kriskleva/Documents/ModernDayCircusManager/instagram-moderndaycircus-2026-03-09-mDWWVNXF/connections/followers_and_following/removed_suggestions.json
removed_suggestions.json-0.5478153178899254,unknown,2025-05-13T18:22:14.000Z,"monaco.studios","","identity","monaco.studios",removed_suggestions.json,/Users/kriskleva/Documents/ModernDayCircusManager/instagram-moderndaycircus-2026-03-09-mDWWVNXF/connections/followers_and_following/removed_suggestions.json
removed_suggestions.json-0.8477665191064288,unknown,2025-05-13T18:22:13.000Z,"profgampo","","identity","profgampo",removed_suggestions.json,/Users/kriskleva/Documents/ModernDayCircusManager/instagram-moderndaycircus-2026-03-09-mDWWVNXF/connections/followers_and_following/removed_suggestions.json
removed_suggestions.json-0.01805511938765303,unknown,2025-05-13T18:22:10.000Z,"justmilkmusic","","identity","justmilkmusic",removed_suggestions.json,/Users/kriskleva/Documents/ModernDayCircusManager/instagram-moderndaycircus-2026-03-09-mDWWVNXF/connections/followers_and_following/removed_suggestions.json
removed_suggestions.json-0.28061969313176394,unknown,2025-05-13T18:22:03.000Z,"iamsmxke","","identity","iamsmxke",removed_suggestions.json,/Users/kriskleva/Documents/ModernDayCircusManager/instagram-moderndaycircus-2026-03-09-mDWWVNXF/connections/followers_and_following/removed_suggestions.json
removed_suggestions.json-0.2664970194181546,unknown,2025-05-13T18:22:02.000Z,"brizzaay_bitch","","identity","brizzaay_bitch",removed_suggestions.json,/Users/kriskleva/Documents/ModernDayCircusManager/instagram-moderndaycircus-2026-03-09-mDWWVNXF/connections/followers_and_following/removed_suggestions.json
removed_suggestions.json-0.1254857945900809,unknown,2025-05-13T18:22:00.000Z,"almajunecats","","identity","almajunecats",removed_suggestions.json,/Users/kriskleva/Documents/ModernDayCircusManager/instagram-moderndaycircus-2026-03-09-mDWWVNXF/connections/followers_and_following/removed_suggestions.json
removed_suggestions.json-0.24274973292286628,unknown,2025-05-13T18:21:56.000Z,"onthetechno","","identity","onthetechno",removed_suggestions.json,/Users/kriskleva/Documents/ModernDayCircusManager/instagram-moderndaycircus-2026-03-09-mDWWVNXF/connections/followers_and_following/removed_suggestions.json
removed_suggestions.json-0.40135150799682906,unknown,2025-05-13T18:21:53.000Z,"ravereloaded","","identity","ravereloaded",removed_suggestions.json,/Users/kriskleva/Documents/ModernDayCircusManager/instagram-moderndaycircus-2026-03-09-mDWWVNXF/connections/followers_and_following/removed_suggestions.json
removed_suggestions.json-0.06575325518355513,unknown,2025-05-13T18:21:41.000Z,"rap","","identity","rap",removed_suggestions.json,/Users/kriskleva/Documents/ModernDayCircusManager/instagram-moderndaycircus-2026-03-09-mDWWVNXF/connections/followers_and_following/removed_suggestions.json
removed_suggestions.json-0.33123804752531116,unknown,2025-05-13T18:21:32.000Z,"mylittlecircusfreak","","identity","mylittlecircusfreak",removed_suggestions.json,/Users/kriskleva/Documents/ModernDayCircusManager/instagram-moderndaycircus-2026-03-09-mDWWVNXF/connections/followers_and_following/removed_suggestions.json
removed_suggestions.json-0.12915675576635977,unknown,2025-05-13T18:21:31.000Z,"techno__city","","identity","techno__city",removed_suggestions.json,/Users/kriskleva/Documents/ModernDayCircusManager/instagram-moderndaycircus-2026-03-09-mDWWVNXF/connections/followers_and_following/removed_suggestions.json
removed_suggestions.json-0.25862171869331974,unknown,2025-05-09T17:54:50.000Z,"actionpackedamanda","","identity","actionpackedamanda",removed_suggestions.json,/Users/kriskleva/Documents/ModernDayCircusManager/instagram-moderndaycircus-2026-03-09-mDWWVNXF/connections/followers_and_following/removed_suggestions.json
removed_suggestions.json-0.542806615034443,unknown,2025-05-09T17:54:48.000Z,"vickywithvibes","","identity","vickywithvibes",removed_suggestions.json,/Users/kriskleva/Documents/ModernDayCircusManager/instagram-moderndaycircus-2026-03-09-mDWWVNXF/connections/followers_and_following/removed_suggestions.json
removed_suggestions.json-0.41019769094876835,unknown,2025-05-09T17:54:47.000Z,"fabergeflows","","identity","fabergeflows",removed_suggestions.json,/Users/kriskleva/Documents/ModernDayCircusManager/instagram-moderndaycircus-2026-03-09-mDWWVNXF/connections/followers_and_following/removed_suggestions.json
removed_suggestions.json-0.24487469963698616,unknown,2025-05-09T17:54:46.000Z,"ethanfowler2","","identity","ethanfowler2",removed_suggestions.json,/Users/kriskleva/Documents/ModernDayCircusManager/instagram-moderndaycircus-2026-03-09-mDWWVNXF/connections/followers_and_following/removed_suggestions.json
removed_suggestions.json-0.7358633185850676,unknown,2025-05-04T21:06:58.000Z,"lilmissabby_","","identity","lilmissabby_",removed_suggestions.json,/Users/kriskleva/Documents/ModernDayCircusManager/instagram-moderndaycircus-2026-03-09-mDWWVNXF/connections/followers_and_following/removed_suggestions.json
removed_suggestions.json-0.782850538717353,unknown,2025-05-04T21:06:57.000Z,"donaldjohnson621","","identity","donaldjohnson621",removed_suggestions.json,/Users/kriskleva/Documents/ModernDayCircusManager/instagram-moderndaycircus-2026-03-09-mDWWVNXF/connections/followers_and_following/removed_suggestions.json
removed_suggestions.json-0.6568326783298686,unknown,2025-05-04T21:06:56.000Z,"alt_barbi3_","","identity","alt_barbi3_",removed_suggestions.json,/Users/kriskleva/Documents/ModernDayCircusManager/instagram-moderndaycircus-2026-03-09-mDWWVNXF/connections/followers_and_following/removed_suggestions.json
removed_suggestions.json-0.9242078041946604,unknown,2025-05-04T21:06:54.000Z,"eir.integrative","","identity","eir.integrative",removed_suggestions.json,/Users/kriskleva/Documents/ModernDayCircusManager/instagram-moderndaycircus-2026-03-09-mDWWVNXF/connections/followers_and_following/removed_suggestions.json
removed_suggestions.json-0.6447878679265657,unknown,2025-05-04T21:06:53.000Z,"rijahnewell","","identity","rijahnewell",removed_suggestions.json,/Users/kriskleva/Documents/ModernDayCircusManager/instagram-moderndaycircus-2026-03-09-mDWWVNXF/connections/followers_and_following/removed_suggestions.json
removed_suggestions.json-0.5974523804520111,unknown,2025-04-20T14:54:51.000Z,"miamipromoter_nate","","identity","miamipromoter_nate",removed_suggestions.json,/Users/kriskleva/Documents/ModernDayCircusManager/instagram-moderndaycircus-2026-03-09-mDWWVNXF/connections/followers_and_following/removed_suggestions.json
removed_suggestions.json-0.019376066090844635,unknown,2025-04-20T14:54:49.000Z,"soulstice_beats","","identity","soulstice_beats",removed_suggestions.json,/Users/kriskleva/Documents/ModernDayCircusManager/instagram-moderndaycircus-2026-03-09-mDWWVNXF/connections/followers_and_following/removed_suggestions.json
profile_searches.json-0.6386905012295874,unknown,2026-02-26T11:36:58.000Z,"","","identity","",profile_searches.json,/Users/kriskleva/Documents/ModernDayCircusManager/instagram-moderndaycircus-2026-03-09-mDWWVNXF/logged_information/recent_searches/profile_searches.json
profile_searches.json-0.8878597338888956,unknown,2026-02-11T15:11:24.000Z,"","","identity","",profile_searches.json,/Users/kriskleva/Documents/ModernDayCircusManager/instagram-moderndaycircus-2026-03-09-mDWWVNXF/logged_information/recent_searches/profile_searches.json
profile_searches.json-0.41216780677503784,unknown,2026-02-18T17:35:06.000Z,"","","identity","",profile_searches.json,/Users/kriskleva/Documents/ModernDayCircusManager/instagram-moderndaycircus-2026-03-09-mDWWVNXF/logged_information/recent_searches/profile_searches.json
profile_searches.json-0.4319643845599359,unknown,2026-02-26T18:51:56.000Z,"","","identity","",profile_searches.json,/Users/kriskleva/Documents/ModernDayCircusManager/instagram-moderndaycircus-2026-03-09-mDWWVNXF/logged_information/recent_searches/profile_searches.json
profile_searches.json-0.4196957854579666,unknown,2026-02-28T17:22:42.000Z,"","","identity","",profile_searches.json,/Users/kriskleva/Documents/ModernDayCircusManager/instagram-moderndaycircus-2026-03-09-mDWWVNXF/logged_information/recent_searches/profile_searches.json
profile_searches.json-0.3737858954490696,unknown,2026-03-02T11:23:34.000Z,"","","identity","",profile_searches.json,/Users/kriskleva/Documents/ModernDayCircusManager/instagram-moderndaycircus-2026-03-09-mDWWVNXF/logged_information/recent_searches/profile_searches.json
profile_searches.json-0.47575250875468456,unknown,2026-02-11T15:11:18.000Z,"","","identity","",profile_searches.json,/Users/kriskleva/Documents/ModernDayCircusManager/instagram-moderndaycircus-2026-03-09-mDWWVNXF/logged_information/recent_searches/profile_searches.json
profile_searches.json-0.37234192768548247,unknown,2026-02-11T15:11:21.000Z,"","","identity","",profile_searches.json,/Users/kriskleva/Documents/ModernDayCircusManager/instagram-moderndaycircus-2026-03-09-mDWWVNXF/logged_information/recent_searches/profile_searches.json
profile_searches.json-0.5554034303456659,unknown,2026-02-20T04:02:03.000Z,"","","identity","",profile_searches.json,/Users/kriskleva/Documents/ModernDayCircusManager/instagram-moderndaycircus-2026-03-09-mDWWVNXF/logged_information/recent_searches/profile_searches.json
profile_searches.json-0.8422675164794611,unknown,2026-02-21T11:20:36.000Z,"","","identity","",profile_searches.json,/Users/kriskleva/Documents/ModernDayCircusManager/instagram-moderndaycircus-2026-03-09-mDWWVNXF/logged_information/recent_searches/profile_searches.json
profile_searches.json-0.5040379579745462,unknown,2026-02-25T16:29:09.000Z,"","","identity","",profile_searches.json,/Users/kriskleva/Documents/ModernDayCircusManager/instagram-moderndaycircus-2026-03-09-mDWWVNXF/logged_information/recent_searches/profile_searches.json
profile_searches.json-0.2665726033306508,unknown,2026-02-15T00:29:51.000Z,"","","identity","",profile_searches.json,/Users/kriskleva/Documents/ModernDayCircusManager/instagram-moderndaycircus-2026-03-09-mDWWVNXF/logged_information/recent_searches/profile_searches.json
profile_searches.json-0.34866590632908956,unknown,2026-02-15T20:06:20.000Z,"","","identity","",profile_searches.json,/Users/kriskleva/Documents/ModernDayCircusManager/instagram-moderndaycircus-2026-03-09-mDWWVNXF/logged_information/recent_searches/profile_searches.json
profile_searches.json-0.6283634591969955,unknown,2026-02-26T14:54:36.000Z,"","","identity","",profile_searches.json,/Users/kriskleva/Documents/ModernDayCircusManager/instagram-moderndaycircus-2026-03-09-mDWWVNXF/logged_information/recent_searches/profile_searches.json
profile_searches.json-0.5938185907912468,unknown,2026-02-26T14:55:09.000Z,"","","identity","",profile_searches.json,/Users/kriskleva/Documents/ModernDayCircusManager/instagram-moderndaycircus-2026-03-09-mDWWVNXF/logged_information/recent_searches/profile_searches.json
profile_searches.json-0.2150255515369246,unknown,2026-02-19T14:58:14.000Z,"","","identity","",profile_searches.json,/Users/kriskleva/Documents/ModernDayCircusManager/instagram-moderndaycircus-2026-03-09-mDWWVNXF/logged_information/recent_searches/profile_searches.json
profile_searches.json-0.713356626018661,unknown,2026-02-21T11:17:32.000Z,"","","identity","",profile_searches.json,/Users/kriskleva/Documents/ModernDayCircusManager/instagram-moderndaycircus-2026-03-09-mDWWVNXF/logged_information/recent_searches/profile_searches.json
profile_searches.json-0.45725154346165997,unknown,2026-03-08T01:53:01.000Z,"","","identity","",profile_searches.json,/Users/kriskleva/Documents/ModernDayCircusManager/instagram-moderndaycircus-2026-03-09-mDWWVNXF/logged_information/recent_searches/profile_searches.json
profile_searches.json-0.9831588529646671,unknown,2026-02-08T15:53:24.000Z,"","","identity","",profile_searches.json,/Users/kriskleva/Documents/ModernDayCircusManager/instagram-moderndaycircus-2026-03-09-mDWWVNXF/logged_information/recent_searches/profile_searches.json
profile_searches.json-0.5553410055957853,unknown,2026-02-17T12:34:14.000Z,"","","identity","",profile_searches.json,/Users/kriskleva/Documents/ModernDayCircusManager/instagram-moderndaycircus-2026-03-09-mDWWVNXF/logged_information/recent_searches/profile_searches.json
profile_searches.json-0.8099808370466655,unknown,2026-03-09T11:27:21.000Z,"","","identity","",profile_searches.json,/Users/kriskleva/Documents/ModernDayCircusManager/instagram-moderndaycircus-2026-03-09-mDWWVNXF/logged_information/recent_searches/profile_searches.json
profile_searches.json-0.6821139976074599,unknown,2026-02-21T11:19:13.000Z,"","","identity","",profile_searches.json,/Users/kriskleva/Documents/ModernDayCircusManager/instagram-moderndaycircus-2026-03-09-mDWWVNXF/logged_information/recent_searches/profile_searches.json
profile_searches.json-0.5428386829783824,unknown,2026-02-20T01:34:00.000Z,"","","identity","",profile_searches.json,/Users/kriskleva/Documents/ModernDayCircusManager/instagram-moderndaycircus-2026-03-09-mDWWVNXF/logged_information/recent_searches/profile_searches.json
profile_searches.json-0.6027447870675742,unknown,2026-02-14T16:17:49.000Z,"","","identity","",profile_searches.json,/Users/kriskleva/Documents/ModernDayCircusManager/instagram-moderndaycircus-2026-03-09-mDWWVNXF/logged_information/recent_searches/profile_searches.json
profile_searches.json-0.5763577833825324,unknown,2026-02-17T12:36:19.000Z,"","","identity","",profile_searches.json,/Users/kriskleva/Documents/ModernDayCircusManager/instagram-moderndaycircus-2026-03-09-mDWWVNXF/logged_information/recent_searches/profile_searches.json
profile_searches.json-0.1928831602592338,unknown,2026-03-05T18:07:13.000Z,"","","identity","",profile_searches.json,/Users/kriskleva/Documents/ModernDayCircusManager/instagram-moderndaycircus-2026-03-09-mDWWVNXF/logged_information/recent_searches/profile_searches.json
profile_searches.json-0.16691309601882476,unknown,2026-02-11T09:22:52.000Z,"","","identity","",profile_searches.json,/Users/kriskleva/Documents/ModernDayCircusManager/instagram-moderndaycircus-2026-03-09-mDWWVNXF/logged_information/recent_searches/profile_searches.json
profile_searches.json-0.4136211211898937,unknown,2026-02-25T16:21:37.000Z,"","","identity","",profile_searches.json,/Users/kriskleva/Documents/ModernDayCircusManager/instagram-moderndaycircus-2026-03-09-mDWWVNXF/logged_information/recent_searches/profile_searches.json
profile_searches.json-0.7228614065471937,unknown,2026-02-07T20:30:59.000Z,"","","identity","",profile_searches.json,/Users/kriskleva/Documents/ModernDayCircusManager/instagram-moderndaycircus-2026-03-09-mDWWVNXF/logged_information/recent_searches/profile_searches.json
profile_searches.json-0.6980534057905425,unknown,2026-02-25T16:21:23.000Z,"","","identity","",profile_searches.json,/Users/kriskleva/Documents/ModernDayCircusManager/instagram-moderndaycircus-2026-03-09-mDWWVNXF/logged_information/recent_searches/profile_searches.json
profile_searches.json-0.005560403141748882,unknown,2026-02-20T01:33:20.000Z,"","","identity","",profile_searches.json,/Users/kriskleva/Documents/ModernDayCircusManager/instagram-moderndaycircus-2026-03-09-mDWWVNXF/logged_information/recent_searches/profile_searches.json
profile_searches.json-0.8197901705322435,unknown,2026-02-08T22:35:39.000Z,"","","identity","",profile_searches.json,/Users/kriskleva/Documents/ModernDayCircusManager/instagram-moderndaycircus-2026-03-09-mDWWVNXF/logged_information/recent_searches/profile_searches.json
profile_searches.json-0.9473911683198748,unknown,2026-02-20T01:34:36.000Z,"","","identity","",profile_searches.json,/Users/kriskleva/Documents/ModernDayCircusManager/instagram-moderndaycircus-2026-03-09-mDWWVNXF/logged_information/recent_searches/profile_searches.json
profile_searches.json-0.28806727142939614,unknown,2026-02-09T17:26:43.000Z,"","","identity","",profile_searches.json,/Users/kriskleva/Documents/ModernDayCircusManager/instagram-moderndaycircus-2026-03-09-mDWWVNXF/logged_information/recent_searches/profile_searches.json
profile_searches.json-0.8288140814320979,unknown,2026-02-21T12:42:08.000Z,"","","identity","",profile_searches.json,/Users/kriskleva/Documents/ModernDayCircusManager/instagram-moderndaycircus-2026-03-09-mDWWVNXF/logged_information/recent_searches/profile_searches.json
profile_searches.json-0.5549216361777725,unknown,2026-02-10T17:39:29.000Z,"","","identity","",profile_searches.json,/Users/kriskleva/Documents/ModernDayCircusManager/instagram-moderndaycircus-2026-03-09-mDWWVNXF/logged_information/recent_searches/profile_searches.json
profile_searches.json-0.7604554409907178,unknown,2026-02-17T00:28:39.000Z,"","","identity","",profile_searches.json,/Users/kriskleva/Documents/ModernDayCircusManager/instagram-moderndaycircus-2026-03-09-mDWWVNXF/logged_information/recent_searches/profile_searches.json
profile_searches.json-0.265668873036101,unknown,2026-02-21T11:19:53.000Z,"","","identity","",profile_searches.json,/Users/kriskleva/Documents/ModernDayCircusManager/instagram-moderndaycircus-2026-03-09-mDWWVNXF/logged_information/recent_searches/profile_searches.json
profile_searches.json-0.6576357106483088,unknown,2026-02-08T09:42:19.000Z,"","","identity","",profile_searches.json,/Users/kriskleva/Documents/ModernDayCircusManager/instagram-moderndaycircus-2026-03-09-mDWWVNXF/logged_information/recent_searches/profile_searches.json
profile_searches.json-0.19451354331231085,unknown,2026-02-26T17:36:33.000Z,"","","identity","",profile_searches.json,/Users/kriskleva/Documents/ModernDayCircusManager/instagram-moderndaycircus-2026-03-09-mDWWVNXF/logged_information/recent_searches/profile_searches.json
profile_searches.json-0.571641927479726,unknown,2026-02-18T19:29:36.000Z,"","","identity","",profile_searches.json,/Users/kriskleva/Documents/ModernDayCircusManager/instagram-moderndaycircus-2026-03-09-mDWWVNXF/logged_information/recent_searches/profile_searches.json
possible_phone_numbers.json-0.1607454469091132,unknown,2026-03-09T23:16:45.754Z,"+12073171261","","identity","+12073171261",possible_phone_numbers.json,/Users/kriskleva/Documents/ModernDayCircusManager/instagram-moderndaycircus-2026-03-09-mDWWVNXF/personal_information/information_about_you/possible_phone_numbers.json
filtered_keywords_for_posts.json-0.03677459904417768,unknown,2026-03-09T23:16:45.755Z,"Bitch fuck let her go","","identity","Bitch fuck let her go",filtered_keywords_for_posts.json,/Users/kriskleva/Documents/ModernDayCircusManager/instagram-moderndaycircus-2026-03-09-mDWWVNXF/preferences/settings/filtered_keywords_for_posts.json
profile_privacy_changes.json-0.07843341880780641,unknown,2025-12-25T09:04:25.000Z,"","","identity","",profile_privacy_changes.json,/Users/kriskleva/Documents/ModernDayCircusManager/instagram-moderndaycircus-2026-03-09-mDWWVNXF/security_and_login_information/login_and_profile_creation/profile_privacy_changes.json
profile_privacy_changes.json-0.5292133810083932,unknown,2025-12-23T14:32:14.000Z,"","","identity","",profile_privacy_changes.json,/Users/kriskleva/Documents/ModernDayCircusManager/instagram-moderndaycircus-2026-03-09-mDWWVNXF/security_and_login_information/login_and_profile_creation/profile_privacy_changes.json
profile_privacy_changes.json-0.6006907274279942,unknown,2025-10-13T19:33:56.000Z,"","","identity","",profile_privacy_changes.json,/Users/kriskleva/Documents/ModernDayCircusManager/instagram-moderndaycircus-2026-03-09-mDWWVNXF/security_and_login_information/login_and_profile_creation/profile_privacy_changes.json
profile_privacy_changes.json-0.8669975713416693,unknown,2025-08-25T23:49:52.000Z,"","","identity","",profile_privacy_changes.json,/Users/kriskleva/Documents/ModernDayCircusManager/instagram-moderndaycircus-2026-03-09-mDWWVNXF/security_and_login_information/login_and_profile_creation/profile_privacy_changes.json
profile_privacy_changes.json-0.008954200194489115,unknown,2025-06-11T20:27:22.000Z,"","","identity","",profile_privacy_changes.json,/Users/kriskleva/Documents/ModernDayCircusManager/instagram-moderndaycircus-2026-03-09-mDWWVNXF/security_and_login_information/login_and_profile_creation/profile_privacy_changes.json
profile_privacy_changes.json-0.15506600963151929,unknown,2025-05-05T17:48:09.000Z,"","","identity","",profile_privacy_changes.json,/Users/kriskleva/Documents/ModernDayCircusManager/instagram-moderndaycircus-2026-03-09-mDWWVNXF/security_and_login_information/login_and_profile_creation/profile_privacy_changes.json
event_reminders.json-0.7451208360591488,unknown,2025-03-29T20:27:52.000Z,"","","identity","",event_reminders.json,/Users/kriskleva/Documents/ModernDayCircusManager/instagram-moderndaycircus-2026-03-09-mDWWVNXF/your_instagram_activity/events/event_reminders.json
liked_comments.json-0.7080273834060196,unknown,2026-03-01T16:49:43.000Z,"ð","","identity","ð",liked_comments.json,/Users/kriskleva/Documents/ModernDayCircusManager/instagram-moderndaycircus-2026-03-09-mDWWVNXF/your_instagram_activity/likes/liked_comments.json
liked_comments.json-0.9209822268531784,unknown,2026-02-27T03:50:44.000Z,"ð","","identity","ð",liked_comments.json,/Users/kriskleva/Documents/ModernDayCircusManager/instagram-moderndaycircus-2026-03-09-mDWWVNXF/your_instagram_activity/likes/liked_comments.json
liked_comments.json-0.3327959830458336,unknown,2026-02-27T03:50:43.000Z,"ð","","identity","ð",liked_comments.json,/Users/kriskleva/Documents/ModernDayCircusManager/instagram-moderndaycircus-2026-03-09-mDWWVNXF/your_instagram_activity/likes/liked_comments.json
liked_comments.json-0.9991317098904646,unknown,2026-02-27T03:50:42.000Z,"ð","","identity","ð",liked_comments.json,/Users/kriskleva/Documents/ModernDayCircusManager/instagram-moderndaycircus-2026-03-09-mDWWVNXF/your_instagram_activity/likes/liked_comments.json
liked_comments.json-0.6499121247724686,unknown,2026-02-15T14:56:33.000Z,"ð","","identity","ð",liked_comments.json,/Users/kriskleva/Documents/ModernDayCircusManager/instagram-moderndaycircus-2026-03-09-mDWWVNXF/your_instagram_activity/likes/liked_comments.json
liked_comments.json-0.948662718518102,unknown,2026-02-15T05:14:00.000Z,"ð","","identity","ð",liked_comments.json,/Users/kriskleva/Documents/ModernDayCircusManager/instagram-moderndaycircus-2026-03-09-mDWWVNXF/your_instagram_activity/likes/liked_comments.json
liked_comments.json-0.5834476658634646,unknown,2026-01-28T14:12:57.000Z,"ð","","identity","ð",liked_comments.json,/Users/kriskleva/Documents/ModernDayCircusManager/instagram-moderndaycircus-2026-03-09-mDWWVNXF/your_instagram_activity/likes/liked_comments.json
liked_comments.json-0.444613705544463,unknown,2026-01-14T23:58:06.000Z,"ð","","identity","ð",liked_comments.json,/Users/kriskleva/Documents/ModernDayCircusManager/instagram-moderndaycircus-2026-03-09-mDWWVNXF/your_instagram_activity/likes/liked_comments.json
liked_comments.json-0.05540322262176378,unknown,2026-01-14T17:10:13.000Z,"ð","","identity","ð",liked_comments.json,/Users/kriskleva/Documents/ModernDayCircusManager/instagram-moderndaycircus-2026-03-09-mDWWVNXF/your_instagram_activity/likes/liked_comments.json
liked_comments.json-0.11494593441958578,unknown,2026-01-12T17:05:17.000Z,"ð","","identity","ð",liked_comments.json,/Users/kriskleva/Documents/ModernDayCircusManager/instagram-moderndaycircus-2026-03-09-mDWWVNXF/your_instagram_activity/likes/liked_comments.json
liked_comments.json-0.37048781057158275,unknown,2026-01-12T16:46:08.000Z,"ð","","identity","ð",liked_comments.json,/Users/kriskleva/Documents/ModernDayCircusManager/instagram-moderndaycircus-2026-03-09-mDWWVNXF/your_instagram_activity/likes/liked_comments.json
liked_comments.json-0.6440949848968132,unknown,2026-01-07T13:36:00.000Z,"ð","","identity","ð",liked_comments.json,/Users/kriskleva/Documents/ModernDayCircusManager/instagram-moderndaycircus-2026-03-09-mDWWVNXF/your_instagram_activity/likes/liked_comments.json
liked_comments.json-0.8712449247008736,unknown,2026-01-05T18:11:02.000Z,"ð","","identity","ð",liked_comments.json,/Users/kriskleva/Documents/ModernDayCircusManager/instagram-moderndaycircus-2026-03-09-mDWWVNXF/your_instagram_activity/likes/liked_comments.json
liked_comments.json-0.3461512492356418,unknown,2026-01-05T18:11:00.000Z,"ð","","identity","ð",liked_comments.json,/Users/kriskleva/Documents/ModernDayCircusManager/instagram-moderndaycircus-2026-03-09-mDWWVNXF/your_instagram_activity/likes/liked_comments.json
liked_comments.json-0.7968329547034847,unknown,2026-01-05T18:10:59.000Z,"ð","","identity","ð",liked_comments.json,/Users/kriskleva/Documents/ModernDayCircusManager/instagram-moderndaycircus-2026-03-09-mDWWVNXF/your_instagram_activity/likes/liked_comments.json
liked_comments.json-0.35416707852454565,unknown,2026-01-05T18:10:59.000Z,"ð","","identity","ð",liked_comments.json,/Users/kriskleva/Documents/ModernDayCircusManager/instagram-moderndaycircus-2026-03-09-mDWWVNXF/your_instagram_activity/likes/liked_comments.json
liked_comments.json-0.3171453179814434,unknown,2025-12-31T14:57:03.000Z,"ð","","identity","ð",liked_comments.json,/Users/kriskleva/Documents/ModernDayCircusManager/instagram-moderndaycircus-2026-03-09-mDWWVNXF/your_instagram_activity/likes/liked_comments.json
liked_comments.json-0.14491393347963966,unknown,2025-12-31T14:57:02.000Z,"ð","","identity","ð",liked_comments.json,/Users/kriskleva/Documents/ModernDayCircusManager/instagram-moderndaycircus-2026-03-09-mDWWVNXF/your_instagram_activity/likes/liked_comments.json
liked_comments.json-0.019488625614862976,unknown,2025-12-31T11:12:34.000Z,"ð","","identity","ð",liked_comments.json,/Users/kriskleva/Documents/ModernDayCircusManager/instagram-moderndaycircus-2026-03-09-mDWWVNXF/your_instagram_activity/likes/liked_comments.json
liked_comments.json-0.8838538842393275,unknown,2025-12-31T11:11:23.000Z,"ð","","identity","ð",liked_comments.json,/Users/kriskleva/Documents/ModernDayCircusManager/instagram-moderndaycircus-2026-03-09-mDWWVNXF/your_instagram_activity/likes/liked_comments.json
liked_comments.json-0.20201907542467024,unknown,2025-12-31T02:39:49.000Z,"ð","","identity","ð",liked_comments.json,/Users/kriskleva/Documents/ModernDayCircusManager/instagram-moderndaycircus-2026-03-09-mDWWVNXF/your_instagram_activity/likes/liked_comments.json
liked_comments.json-0.8607734505357367,unknown,2025-12-28T14:59:33.000Z,"ð","","identity","ð",liked_comments.json,/Users/kriskleva/Documents/ModernDayCircusManager/instagram-moderndaycircus-2026-03-09-mDWWVNXF/your_instagram_activity/likes/liked_comments.json
liked_comments.json-0.05348526051490188,unknown,2025-12-26T10:55:24.000Z,"ð","","identity","ð",liked_comments.json,/Users/kriskleva/Documents/ModernDayCircusManager/instagram-moderndaycircus-2026-03-09-mDWWVNXF/your_instagram_activity/likes/liked_comments.json
liked_comments.json-0.6162644979367093,unknown,2025-12-26T10:55:23.000Z,"ð","","identity","ð",liked_comments.json,/Users/kriskleva/Documents/ModernDayCircusManager/instagram-moderndaycircus-2026-03-09-mDWWVNXF/your_instagram_activity/likes/liked_comments.json
liked_comments.json-0.2767834470900603,unknown,2025-12-25T16:19:01.000Z,"ð","","identity","ð",liked_comments.json,/Users/kriskleva/Documents/ModernDayCircusManager/instagram-moderndaycircus-2026-03-09-mDWWVNXF/your_instagram_activity/likes/liked_comments.json
liked_comments.json-0.2766482372731187,unknown,2025-12-25T13:41:32.000Z,"ð","","identity","ð",liked_comments.json,/Users/kriskleva/Documents/ModernDayCircusManager/instagram-moderndaycircus-2026-03-09-mDWWVNXF/your_instagram_activity/likes/liked_comments.json
liked_comments.json-0.1900440681194402,unknown,2025-12-19T20:27:03.000Z,"ð","","identity","ð",liked_comments.json,/Users/kriskleva/Documents/ModernDayCircusManager/instagram-moderndaycircus-2026-03-09-mDWWVNXF/your_instagram_activity/likes/liked_comments.json
liked_comments.json-0.7970382843602202,unknown,2025-12-19T12:50:49.000Z,"ð","","identity","ð",liked_comments.json,/Users/kriskleva/Documents/ModernDayCircusManager/instagram-moderndaycircus-2026-03-09-mDWWVNXF/your_instagram_activity/likes/liked_comments.json
liked_comments.json-0.6155921673544476,unknown,2025-12-17T16:05:03.000Z,"ð","","identity","ð",liked_comments.json,/Users/kriskleva/Documents/ModernDayCircusManager/instagram-moderndaycircus-2026-03-09-mDWWVNXF/your_instagram_activity/likes/liked_comments.json
liked_comments.json-0.390824104457161,unknown,2025-12-15T20:04:55.000Z,"ð","","identity","ð",liked_comments.json,/Users/kriskleva/Documents/ModernDayCircusManager/instagram-moderndaycircus-2026-03-09-mDWWVNXF/your_instagram_activity/likes/liked_comments.json
liked_comments.json-0.9076860033749081,unknown,2025-12-15T20:04:53.000Z,"ð","","identity","ð",liked_comments.json,/Users/kriskleva/Documents/ModernDayCircusManager/instagram-moderndaycircus-2026-03-09-mDWWVNXF/your_instagram_activity/likes/liked_comments.json
liked_comments.json-0.7039981151072976,unknown,2025-12-12T19:42:48.000Z,"ð","","identity","ð",liked_comments.json,/Users/kriskleva/Documents/ModernDayCircusManager/instagram-moderndaycircus-2026-03-09-mDWWVNXF/your_instagram_activity/likes/liked_comments.json
liked_comments.json-0.4921654619274991,unknown,2025-12-09T16:46:52.000Z,"ð","","identity","ð",liked_comments.json,/Users/kriskleva/Documents/ModernDayCircusManager/instagram-moderndaycircus-2026-03-09-mDWWVNXF/your_instagram_activity/likes/liked_comments.json
liked_comments.json-0.7147957679026731,unknown,2025-12-09T15:27:49.000Z,"ð","","identity","ð",liked_comments.json,/Users/kriskleva/Documents/ModernDayCircusManager/instagram-moderndaycircus-2026-03-09-mDWWVNXF/your_instagram_activity/likes/liked_comments.json
liked_comments.json-0.8112965844103648,unknown,2025-12-09T09:48:50.000Z,"ð","","identity","ð",liked_comments.json,/Users/kriskleva/Documents/ModernDayCircusManager/instagram-moderndaycircus-2026-03-09-mDWWVNXF/your_instagram_activity/likes/liked_comments.json
liked_comments.json-0.7494604320116303,unknown,2025-11-23T14:26:08.000Z,"ð","","identity","ð",liked_comments.json,/Users/kriskleva/Documents/ModernDayCircusManager/instagram-moderndaycircus-2026-03-09-mDWWVNXF/your_instagram_activity/likes/liked_comments.json
liked_comments.json-0.3133238704618282,unknown,2025-11-22T11:15:02.000Z,"ð","","identity","ð",liked_comments.json,/Users/kriskleva/Documents/ModernDayCircusManager/instagram-moderndaycircus-2026-03-09-mDWWVNXF/your_instagram_activity/likes/liked_comments.json
liked_comments.json-0.6458090891730188,unknown,2025-11-22T11:15:00.000Z,"ð","","identity","ð",liked_comments.json,/Users/kriskleva/Documents/ModernDayCircusManager/instagram-moderndaycircus-2026-03-09-mDWWVNXF/your_instagram_activity/likes/liked_comments.json
liked_comments.json-0.4713562195192318,unknown,2025-11-22T11:14:45.000Z,"ð","","identity","ð",liked_comments.json,/Users/kriskleva/Documents/ModernDayCircusManager/instagram-moderndaycircus-2026-03-09-mDWWVNXF/your_instagram_activity/likes/liked_comments.json
liked_comments.json-0.7706601734696601,unknown,2025-11-22T10:33:42.000Z,"ð","","identity","ð",liked_comments.json,/Users/kriskleva/Documents/ModernDayCircusManager/instagram-moderndaycircus-2026-03-09-mDWWVNXF/your_instagram_activity/likes/liked_comments.json
liked_comments.json-0.8000677159040139,unknown,2025-10-27T00:05:21.000Z,"ð","","identity","ð",liked_comments.json,/Users/kriskleva/Documents/ModernDayCircusManager/instagram-moderndaycircus-2026-03-09-mDWWVNXF/your_instagram_activity/likes/liked_comments.json
liked_comments.json-0.44275825878206976,unknown,2025-10-03T16:46:59.000Z,"ð","","identity","ð",liked_comments.json,/Users/kriskleva/Documents/ModernDayCircusManager/instagram-moderndaycircus-2026-03-09-mDWWVNXF/your_instagram_activity/likes/liked_comments.json
liked_comments.json-0.9537442073368279,unknown,2025-07-31T01:34:47.000Z,"ð","","identity","ð",liked_comments.json,/Users/kriskleva/Documents/ModernDayCircusManager/instagram-moderndaycircus-2026-03-09-mDWWVNXF/your_instagram_activity/likes/liked_comments.json
liked_comments.json-0.002358737363194807,unknown,2025-07-25T09:11:50.000Z,"ð","","identity","ð",liked_comments.json,/Users/kriskleva/Documents/ModernDayCircusManager/instagram-moderndaycircus-2026-03-09-mDWWVNXF/your_instagram_activity/likes/liked_comments.json
liked_comments.json-0.6849277447419655,unknown,2025-06-21T12:31:02.000Z,"ð","","identity","ð",liked_comments.json,/Users/kriskleva/Documents/ModernDayCircusManager/instagram-moderndaycircus-2026-03-09-mDWWVNXF/your_instagram_activity/likes/liked_comments.json
liked_comments.json-0.19797618565507435,unknown,2025-06-11T21:33:06.000Z,"ð","","identity","ð",liked_comments.json,/Users/kriskleva/Documents/ModernDayCircusManager/instagram-moderndaycircus-2026-03-09-mDWWVNXF/your_instagram_activity/likes/liked_comments.json
liked_comments.json-0.5075239073860676,unknown,2025-06-11T21:33:01.000Z,"ð","","identity","ð",liked_comments.json,/Users/kriskleva/Documents/ModernDayCircusManager/instagram-moderndaycircus-2026-03-09-mDWWVNXF/your_instagram_activity/likes/liked_comments.json
liked_comments.json-0.9740718948289104,unknown,2025-06-11T21:32:59.000Z,"ð","","identity","ð",liked_comments.json,/Users/kriskleva/Documents/ModernDayCircusManager/instagram-moderndaycircus-2026-03-09-mDWWVNXF/your_instagram_activity/likes/liked_comments.json
liked_comments.json-0.5445249023979895,unknown,2025-06-11T21:32:56.000Z,"ð","","identity","ð",liked_comments.json,/Users/kriskleva/Documents/ModernDayCircusManager/instagram-moderndaycircus-2026-03-09-mDWWVNXF/your_instagram_activity/likes/liked_comments.json
liked_comments.json-0.8051819485142686,unknown,2025-06-11T21:32:54.000Z,"ð","","identity","ð",liked_comments.json,/Users/kriskleva/Documents/ModernDayCircusManager/instagram-moderndaycircus-2026-03-09-mDWWVNXF/your_instagram_activity/likes/liked_comments.json
liked_comments.json-0.8766825968268339,unknown,2025-06-11T21:32:52.000Z,"ð","","identity","ð",liked_comments.json,/Users/kriskleva/Documents/ModernDayCircusManager/instagram-moderndaycircus-2026-03-09-mDWWVNXF/your_instagram_activity/likes/liked_comments.json
liked_comments.json-0.4704198046299233,unknown,2025-06-11T21:32:50.000Z,"ð","","identity","ð",liked_comments.json,/Users/kriskleva/Documents/ModernDayCircusManager/instagram-moderndaycircus-2026-03-09-mDWWVNXF/your_instagram_activity/likes/liked_comments.json
liked_comments.json-0.85930374449563,unknown,2025-06-05T17:36:00.000Z,"ð","","identity","ð",liked_comments.json,/Users/kriskleva/Documents/ModernDayCircusManager/instagram-moderndaycircus-2026-03-09-mDWWVNXF/your_instagram_activity/likes/liked_comments.json
liked_comments.json-0.6909158319644457,unknown,2025-05-06T23:21:36.000Z,"ð","","identity","ð",liked_comments.json,/Users/kriskleva/Documents/ModernDayCircusManager/instagram-moderndaycircus-2026-03-09-mDWWVNXF/your_instagram_activity/likes/liked_comments.json
archived_posts.json-0.5032504703589835,post,2025-12-26T11:06:05.000Z,"","","identity","",archived_posts.json,/Users/kriskleva/Documents/ModernDayCircusManager/instagram-moderndaycircus-2026-03-09-mDWWVNXF/your_instagram_activity/media/archived_posts.json
archived_posts.json-0.6243188007967613,post,2025-12-26T11:06:05.000Z,"","","identity","",archived_posts.json,/Users/kriskleva/Documents/ModernDayCircusManager/instagram-moderndaycircus-2026-03-09-mDWWVNXF/your_instagram_activity/media/archived_posts.json
archived_posts.json-0.548890301729003,post,2025-12-26T11:06:05.000Z,"","","identity","",archived_posts.json,/Users/kriskleva/Documents/ModernDayCircusManager/instagram-moderndaycircus-2026-03-09-mDWWVNXF/your_instagram_activity/media/archived_posts.json
archived_posts.json-0.6249184071455638,post,2025-12-26T11:06:05.000Z,"","","identity","",archived_posts.json,/Users/kriskleva/Documents/ModernDayCircusManager/instagram-moderndaycircus-2026-03-09-mDWWVNXF/your_instagram_activity/media/archived_posts.json
archived_posts.json-0.12109971628315264,post,2025-12-26T11:06:05.000Z,"","","identity","",archived_posts.json,/Users/kriskleva/Documents/ModernDayCircusManager/instagram-moderndaycircus-2026-03-09-mDWWVNXF/your_instagram_activity/media/archived_posts.json
posts_1.json-0.7018193245474798,post,2026-03-08T23:44:57.000Z,"Starlight and warmth, the perfect combo. As the ice melts and the river rises, the cold sea waits for our new boats. We love our home #falmouthmaine","falmouthmaine","identity","Starlight and warmth, the perfect combo. As the ice melts and the river rises, the cold sea waits...",posts_1.json,/Users/kriskleva/Documents/ModernDayCircusManager/instagram-moderndaycircus-2026-03-09-mDWWVNXF/your_instagram_activity/media/posts_1.json
posts_1.json-0.9211485718737473,post,2026-03-08T04:02:24.000Z,"My Winter Tiger Kit by @j.m.syron 

over a dozen people complimented this outfit at the winter bash @portlandmuseum

My favorite feature of this jacket is the collar style and how it looks great over a nice dress shirt.  It definitely stood out from the crowd in a sea of suits. 

Very distinctive color matched well with dark teal and black dress pants.","","identity","My Winter Tiger Kit by @j.m.syron over a dozen people complimented this outfit at the winter bash...",posts_1.json,/Users/kriskleva/Documents/ModernDayCircusManager/instagram-moderndaycircus-2026-03-09-mDWWVNXF/your_instagram_activity/media/posts_1.json
posts_1.json-0.3569605364971473,post,2026-03-08T03:02:07.000Z,"Stripe Sirens @portlandmuseum","","identity","Stripe Sirens @portlandmuseum",posts_1.json,/Users/kriskleva/Documents/ModernDayCircusManager/instagram-moderndaycircus-2026-03-09-mDWWVNXF/your_instagram_activity/media/posts_1.json
posts_1.json-0.4966037047862766,post,2026-03-08T02:58:56.000Z,"Winter Bash Bestie @portlandmuseum","","identity","Winter Bash Bestie @portlandmuseum",posts_1.json,/Users/kriskleva/Documents/ModernDayCircusManager/instagram-moderndaycircus-2026-03-09-mDWWVNXF/your_instagram_activity/media/posts_1.json
posts_1.json-0.27682547393252843,post,2026-03-01T21:06:35.000Z,"Beautiful Black Beings
@aquariusfunkk @almondbuttersmooth 

Armor by
@lord_proverbs_illmaticscream 

Stage 
@thesquareportland","","identity","Beautiful Black Beings @aquariusfunkk @almondbuttersmooth Armor by @lord_proverbs_illmaticscream ...",posts_1.json,/Users/kriskleva/Documents/ModernDayCircusManager/instagram-moderndaycircus-2026-03-09-mDWWVNXF/your_instagram_activity/media/posts_1.json
posts_1.json-0.9378961072771554,post,2026-02-25T17:29:13.000Z,"","","identity","",posts_1.json,/Users/kriskleva/Documents/ModernDayCircusManager/instagram-moderndaycircus-2026-03-09-mDWWVNXF/your_instagram_activity/media/posts_1.json
posts_1.json-0.4296134539117966,post,2026-02-25T17:29:13.000Z,"","","identity","",posts_1.json,/Users/kriskleva/Documents/ModernDayCircusManager/instagram-moderndaycircus-2026-03-09-mDWWVNXF/your_instagram_activity/media/posts_1.json
posts_1.json-0.6160087586911145,post,2026-02-21T11:29:41.000Z,"","","identity","",posts_1.json,/Users/kriskleva/Documents/ModernDayCircusManager/instagram-moderndaycircus-2026-03-09-mDWWVNXF/your_instagram_activity/media/posts_1.json
posts_1.json-0.24110350662050561,post,2026-02-21T11:29:41.000Z,"","","identity","",posts_1.json,/Users/kriskleva/Documents/ModernDayCircusManager/instagram-moderndaycircus-2026-03-09-mDWWVNXF/your_instagram_activity/media/posts_1.json
posts_1.json-0.3836389492431356,post,2026-02-21T11:29:41.000Z,"","","identity","",posts_1.json,/Users/kriskleva/Documents/ModernDayCircusManager/instagram-moderndaycircus-2026-03-09-mDWWVNXF/your_instagram_activity/media/posts_1.json
posts_1.json-0.21785943596354018,post,2026-02-19T10:35:25.000Z,"Square One Headshot Socialization at @eighteentwentywines

#squareone #villianera #smolder #headshot","squareone, villianera, smolder, headshot","identity","Square One Headshot Socialization at @eighteentwentywines #squareone #villianera #smolder #headshot",posts_1.json,/Users/kriskleva/Documents/ModernDayCircusManager/instagram-moderndaycircus-2026-03-09-mDWWVNXF/your_instagram_activity/media/posts_1.json
posts_1.json-0.20169262882246675,post,2026-02-17T13:00:59.000Z,"","","identity","",posts_1.json,/Users/kriskleva/Documents/ModernDayCircusManager/instagram-moderndaycircus-2026-03-09-mDWWVNXF/your_instagram_activity/media/posts_1.json
posts_1.json-0.2687700095877732,post,2026-02-17T13:00:59.000Z,"","","identity","",posts_1.json,/Users/kriskleva/Documents/ModernDayCircusManager/instagram-moderndaycircus-2026-03-09-mDWWVNXF/your_instagram_activity/media/posts_1.json
posts_1.json-0.9570524107792047,post,2026-02-17T13:00:59.000Z,"","","identity","",posts_1.json,/Users/kriskleva/Documents/ModernDayCircusManager/instagram-moderndaycircus-2026-03-09-mDWWVNXF/your_instagram_activity/media/posts_1.json
posts_1.json-0.8877737906477987,post,2026-02-17T13:00:59.000Z,"","","identity","",posts_1.json,/Users/kriskleva/Documents/ModernDayCircusManager/instagram-moderndaycircus-2026-03-09-mDWWVNXF/your_instagram_activity/media/posts_1.json
posts_1.json-0.724432654497277,post,2026-02-17T13:00:59.000Z,"","","identity","",posts_1.json,/Users/kriskleva/Documents/ModernDayCircusManager/instagram-moderndaycircus-2026-03-09-mDWWVNXF/your_instagram_activity/media/posts_1.json
posts_1.json-0.11199051030088647,post,2026-02-17T13:00:59.000Z,"","","identity","",posts_1.json,/Users/kriskleva/Documents/ModernDayCircusManager/instagram-moderndaycircus-2026-03-09-mDWWVNXF/your_instagram_activity/media/posts_1.json
posts_1.json-0.93166712455955,post,2026-02-16T12:40:17.000Z,"","","identity","",posts_1.json,/Users/kriskleva/Documents/ModernDayCircusManager/instagram-moderndaycircus-2026-03-09-mDWWVNXF/your_instagram_activity/media/posts_1.json
posts_1.json-0.09993874083597065,post,2026-02-16T12:40:17.000Z,"","","identity","",posts_1.json,/Users/kriskleva/Documents/ModernDayCircusManager/instagram-moderndaycircus-2026-03-09-mDWWVNXF/your_instagram_activity/media/posts_1.json
posts_1.json-0.977661496661915,post,2026-02-16T12:40:17.000Z,"","","identity","",posts_1.json,/Users/kriskleva/Documents/ModernDayCircusManager/instagram-moderndaycircus-2026-03-09-mDWWVNXF/your_instagram_activity/media/posts_1.json
posts_1.json-0.09969007705635069,post,2026-02-16T12:40:17.000Z,"","","identity","",posts_1.json,/Users/kriskleva/Documents/ModernDayCircusManager/instagram-moderndaycircus-2026-03-09-mDWWVNXF/your_instagram_activity/media/posts_1.json
posts_1.json-0.22695038925364286,post,2026-02-16T12:40:17.000Z,"","","identity","",posts_1.json,/Users/kriskleva/Documents/ModernDayCircusManager/instagram-moderndaycircus-2026-03-09-mDWWVNXF/your_instagram_activity/media/posts_1.json
posts_1.json-0.5060540000285041,post,2026-02-16T12:40:17.000Z,"","","identity","",posts_1.json,/Users/kriskleva/Documents/ModernDayCircusManager/instagram-moderndaycircus-2026-03-09-mDWWVNXF/your_instagram_activity/media/posts_1.json
posts_1.json-0.23482221715806917,post,2026-02-14T14:59:24.000Z,"","","identity","",posts_1.json,/Users/kriskleva/Documents/ModernDayCircusManager/instagram-moderndaycircus-2026-03-09-mDWWVNXF/your_instagram_activity/media/posts_1.json
posts_1.json-0.9694300022624702,post,2026-02-14T14:59:24.000Z,"","","identity","",posts_1.json,/Users/kriskleva/Documents/ModernDayCircusManager/instagram-moderndaycircus-2026-03-09-mDWWVNXF/your_instagram_activity/media/posts_1.json
posts_1.json-0.2531051062883496,post,2026-02-14T14:59:24.000Z,"","","identity","",posts_1.json,/Users/kriskleva/Documents/ModernDayCircusManager/instagram-moderndaycircus-2026-03-09-mDWWVNXF/your_instagram_activity/media/posts_1.json
posts_1.json-0.7586807584727144,post,2026-02-14T14:59:24.000Z,"","","identity","",posts_1.json,/Users/kriskleva/Documents/ModernDayCircusManager/instagram-moderndaycircus-2026-03-09-mDWWVNXF/your_instagram_activity/media/posts_1.json
posts_1.json-0.8041648041369609,post,2026-02-14T14:59:24.000Z,"","","identity","",posts_1.json,/Users/kriskleva/Documents/ModernDayCircusManager/instagram-moderndaycircus-2026-03-09-mDWWVNXF/your_instagram_activity/media/posts_1.json
posts_1.json-0.9201956859118239,post,2026-02-14T14:59:24.000Z,"","","identity","",posts_1.json,/Users/kriskleva/Documents/ModernDayCircusManager/instagram-moderndaycircus-2026-03-09-mDWWVNXF/your_instagram_activity/media/posts_1.json
posts_1.json-0.4564090159754308,post,2026-02-12T01:03:58.000Z,"","","identity","",posts_1.json,/Users/kriskleva/Documents/ModernDayCircusManager/instagram-moderndaycircus-2026-03-09-mDWWVNXF/your_instagram_activity/media/posts_1.json
posts_1.json-0.3092403190327775,post,2026-02-12T01:03:58.000Z,"","","identity","",posts_1.json,/Users/kriskleva/Documents/ModernDayCircusManager/instagram-moderndaycircus-2026-03-09-mDWWVNXF/your_instagram_activity/media/posts_1.json
posts_1.json-0.4089883953821263,post,2026-02-10T14:40:49.000Z,"","","identity","",posts_1.json,/Users/kriskleva/Documents/ModernDayCircusManager/instagram-moderndaycircus-2026-03-09-mDWWVNXF/your_instagram_activity/media/posts_1.json
posts_1.json-0.6472657332961931,post,2026-02-10T14:40:49.000Z,"","","identity","",posts_1.json,/Users/kriskleva/Documents/ModernDayCircusManager/instagram-moderndaycircus-2026-03-09-mDWWVNXF/your_instagram_activity/media/posts_1.json
posts_1.json-0.6368066584798826,post,2026-02-10T14:40:49.000Z,"","","identity","",posts_1.json,/Users/kriskleva/Documents/ModernDayCircusManager/instagram-moderndaycircus-2026-03-09-mDWWVNXF/your_instagram_activity/media/posts_1.json
posts_1.json-0.013981702335020607,post,2026-02-08T14:50:00.000Z,"","","identity","",posts_1.json,/Users/kriskleva/Documents/ModernDayCircusManager/instagram-moderndaycircus-2026-03-09-mDWWVNXF/your_instagram_activity/media/posts_1.json
posts_1.json-0.4869031739443921,post,2026-02-08T14:50:00.000Z,"","","identity","",posts_1.json,/Users/kriskleva/Documents/ModernDayCircusManager/instagram-moderndaycircus-2026-03-09-mDWWVNXF/your_instagram_activity/media/posts_1.json
posts_1.json-0.8787946253022556,post,2026-02-08T14:50:00.000Z,"","","identity","",posts_1.json,/Users/kriskleva/Documents/ModernDayCircusManager/instagram-moderndaycircus-2026-03-09-mDWWVNXF/your_instagram_activity/media/posts_1.json
posts_1.json-0.11455136586746706,post,2026-02-07T13:00:53.000Z,"","","identity","",posts_1.json,/Users/kriskleva/Documents/ModernDayCircusManager/instagram-moderndaycircus-2026-03-09-mDWWVNXF/your_instagram_activity/media/posts_1.json
posts_1.json-0.9493514367556979,post,2026-02-07T13:00:53.000Z,"","","identity","",posts_1.json,/Users/kriskleva/Documents/ModernDayCircusManager/instagram-moderndaycircus-2026-03-09-mDWWVNXF/your_instagram_activity/media/posts_1.json
posts_1.json-0.7059517329957481,post,2026-02-07T13:00:53.000Z,"","","identity","",posts_1.json,/Users/kriskleva/Documents/ModernDayCircusManager/instagram-moderndaycircus-2026-03-09-mDWWVNXF/your_instagram_activity/media/posts_1.json
posts_1.json-0.4298825458337847,post,2026-02-07T13:00:53.000Z,"","","identity","",posts_1.json,/Users/kriskleva/Documents/ModernDayCircusManager/instagram-moderndaycircus-2026-03-09-mDWWVNXF/your_instagram_activity/media/posts_1.json
posts_1.json-0.6855233264133267,post,2026-02-05T20:19:02.000Z,"","","identity","",posts_1.json,/Users/kriskleva/Documents/ModernDayCircusManager/instagram-moderndaycircus-2026-03-09-mDWWVNXF/your_instagram_activity/media/posts_1.json
posts_1.json-0.9385614624321497,post,2026-02-05T20:19:02.000Z,"","","identity","",posts_1.json,/Users/kriskleva/Documents/ModernDayCircusManager/instagram-moderndaycircus-2026-03-09-mDWWVNXF/your_instagram_activity/media/posts_1.json
posts_1.json-0.3067501865969364,post,2026-02-05T20:19:02.000Z,"","","identity","",posts_1.json,/Users/kriskleva/Documents/ModernDayCircusManager/instagram-moderndaycircus-2026-03-09-mDWWVNXF/your_instagram_activity/media/posts_1.json
posts_1.json-0.11116226144031627,post,2026-02-05T20:19:02.000Z,"","","identity","",posts_1.json,/Users/kriskleva/Documents/ModernDayCircusManager/instagram-moderndaycircus-2026-03-09-mDWWVNXF/your_instagram_activity/media/posts_1.json
posts_1.json-0.9659367379309125,post,2026-02-05T20:19:02.000Z,"","","identity","",posts_1.json,/Users/kriskleva/Documents/ModernDayCircusManager/instagram-moderndaycircus-2026-03-09-mDWWVNXF/your_instagram_activity/media/posts_1.json
posts_1.json-0.9288432630607533,post,2026-01-25T03:12:31.000Z,"@zaraman lookbook + my AI daydreams","","identity","@zaraman lookbook + my AI daydreams",posts_1.json,/Users/kriskleva/Documents/ModernDayCircusManager/instagram-moderndaycircus-2026-03-09-mDWWVNXF/your_instagram_activity/media/posts_1.json
posts_1.json-0.9404872554819541,post,2026-01-23T22:06:11.000Z,"Could Canada be better rn? ð¨ð¦","","identity","Could Canada be better rn? ð¨ð¦",posts_1.json,/Users/kriskleva/Documents/ModernDayCircusManager/instagram-moderndaycircus-2026-03-09-mDWWVNXF/your_instagram_activity/media/posts_1.json
posts_1.json-0.7858483587155887,post,2026-01-23T20:02:39.000Z,"Iâd rather be in Belize ð§ð¿","","identity","Iâd rather be in Belize ð§ð¿",posts_1.json,/Users/kriskleva/Documents/ModernDayCircusManager/instagram-moderndaycircus-2026-03-09-mDWWVNXF/your_instagram_activity/media/posts_1.json
posts_1.json-0.4660910734660044,post,2026-01-23T12:50:08.000Z,"Maine vibes at the moment","","identity","Maine vibes at the moment",posts_1.json,/Users/kriskleva/Documents/ModernDayCircusManager/instagram-moderndaycircus-2026-03-09-mDWWVNXF/your_instagram_activity/media/posts_1.json
posts_1.json-0.990654500156229,post,2026-01-19T13:39:29.000Z,"","","identity","",posts_1.json,/Users/kriskleva/Documents/ModernDayCircusManager/instagram-moderndaycircus-2026-03-09-mDWWVNXF/your_instagram_activity/media/posts_1.json
posts_1.json-0.8974702875328802,post,2026-01-19T13:39:29.000Z,"","","identity","",posts_1.json,/Users/kriskleva/Documents/ModernDayCircusManager/instagram-moderndaycircus-2026-03-09-mDWWVNXF/your_instagram_activity/media/posts_1.json
posts_1.json-0.8128818013976644,post,2026-01-19T13:39:29.000Z,"","","identity","",posts_1.json,/Users/kriskleva/Documents/ModernDayCircusManager/instagram-moderndaycircus-2026-03-09-mDWWVNXF/your_instagram_activity/media/posts_1.json
posts_1.json-0.2992508976062096,post,2026-01-19T13:39:29.000Z,"","","identity","",posts_1.json,/Users/kriskleva/Documents/ModernDayCircusManager/instagram-moderndaycircus-2026-03-09-mDWWVNXF/your_instagram_activity/media/posts_1.json
posts_1.json-0.10978597430232773,post,2026-01-19T13:39:29.000Z,"","","identity","",posts_1.json,/Users/kriskleva/Documents/ModernDayCircusManager/instagram-moderndaycircus-2026-03-09-mDWWVNXF/your_instagram_activity/media/posts_1.json
posts_1.json-0.31713318903137866,post,2026-01-19T13:39:29.000Z,"","","identity","",posts_1.json,/Users/kriskleva/Documents/ModernDayCircusManager/instagram-moderndaycircus-2026-03-09-mDWWVNXF/your_instagram_activity/media/posts_1.json
posts_1.json-0.6025885154782609,post,2026-01-19T13:39:29.000Z,"","","identity","",posts_1.json,/Users/kriskleva/Documents/ModernDayCircusManager/instagram-moderndaycircus-2026-03-09-mDWWVNXF/your_instagram_activity/media/posts_1.json
posts_1.json-0.43071480336891055,post,2026-01-19T13:39:29.000Z,"","","identity","",posts_1.json,/Users/kriskleva/Documents/ModernDayCircusManager/instagram-moderndaycircus-2026-03-09-mDWWVNXF/your_instagram_activity/media/posts_1.json
posts_1.json-0.9400290272418128,post,2026-01-19T13:39:29.000Z,"","","identity","",posts_1.json,/Users/kriskleva/Documents/ModernDayCircusManager/instagram-moderndaycircus-2026-03-09-mDWWVNXF/your_instagram_activity/media/posts_1.json
posts_1.json-0.208878716278728,post,2026-01-09T12:48:22.000Z,"","","identity","",posts_1.json,/Users/kriskleva/Documents/ModernDayCircusManager/instagram-moderndaycircus-2026-03-09-mDWWVNXF/your_instagram_activity/media/posts_1.json
posts_1.json-0.3169685103786617,post,2026-01-09T12:48:22.000Z,"","","identity","",posts_1.json,/Users/kriskleva/Documents/ModernDayCircusManager/instagram-moderndaycircus-2026-03-09-mDWWVNXF/your_instagram_activity/media/posts_1.json
posts_1.json-0.735410075689614,post,2026-01-09T12:48:22.000Z,"","","identity","",posts_1.json,/Users/kriskleva/Documents/ModernDayCircusManager/instagram-moderndaycircus-2026-03-09-mDWWVNXF/your_instagram_activity/media/posts_1.json
posts_1.json-0.6585957137845109,post,2026-01-09T12:48:22.000Z,"","","identity","",posts_1.json,/Users/kriskleva/Documents/ModernDayCircusManager/instagram-moderndaycircus-2026-03-09-mDWWVNXF/your_instagram_activity/media/posts_1.json
posts_1.json-0.14751245877599994,post,2026-01-09T12:48:22.000Z,"","","identity","",posts_1.json,/Users/kriskleva/Documents/ModernDayCircusManager/instagram-moderndaycircus-2026-03-09-mDWWVNXF/your_instagram_activity/media/posts_1.json
posts_1.json-0.8576988385916229,post,2025-12-22T15:34:32.000Z,"Grateful doesnât even begin to cover it. ðð

@crossculturalcommunityservices 2025 fundraising committee efforts, I want to offer a deep and heartfelt thank-you. 

These gifts arenât just financial support to the work these founders have committed toâitâs a vote of confidence in the long, intentional work of building a more equitable, accessible, and human-centered health system.

What inspires me most about CCCS is the ecosystem theyâve helped cultivate over timeâone rooted in education, aging with dignity, health equity, and community-driven leadership. 

Through partnerships and grant support from organizations like Maine Health Access Foundation, Maine Initiatives @maine_initiatives , Maine Writers and Publishers Alliance @mainewriters207, CCCS has consistently shown how local action and national vision can move together.

From oral health access to aging initiatives, from capacity building to health equity education, these partners represent something powerful: a bridge between community wisdom and institutional change. 

Some operate outside federal systems, others within themâbut all are aligned around a shared purpose: advancing EDI growth, strengthening education, and improving outcomes across our health systems.

As part of the fundraising committee, Iâm proud to work alongside a team that doesnât just raise fundsâwe map relationships, steward trust, and intentionally connect people, foundations, and public institutions into a living ecosystem of care. 

CCCS exemplifies whatâs possible when values lead and collaboration follows.  We need your help!  Please reach out for volunteer opportunities.  Our fundraising committee is growing fast! 

Thank you for believing in the work. 
Thank you for investing in the people. 

And thank you for reminding us that sustainable change is builtâtogether.","","identity","Grateful doesnât even begin to cover it. ðð @crossculturalcommunityservices 2025 fundrais...",posts_1.json,/Users/kriskleva/Documents/ModernDayCircusManager/instagram-moderndaycircus-2026-03-09-mDWWVNXF/your_instagram_activity/media/posts_1.json
posts_1.json-0.7198175518220704,post,2025-12-20T12:57:22.000Z,"","","identity","",posts_1.json,/Users/kriskleva/Documents/ModernDayCircusManager/instagram-moderndaycircus-2026-03-09-mDWWVNXF/your_instagram_activity/media/posts_1.json
posts_1.json-0.6752331028909742,post,2025-12-20T12:57:22.000Z,"","","identity","",posts_1.json,/Users/kriskleva/Documents/ModernDayCircusManager/instagram-moderndaycircus-2026-03-09-mDWWVNXF/your_instagram_activity/media/posts_1.json
posts_1.json-0.7324417452775986,post,2025-12-16T14:56:47.000Z,"","","identity","",posts_1.json,/Users/kriskleva/Documents/ModernDayCircusManager/instagram-moderndaycircus-2026-03-09-mDWWVNXF/your_instagram_activity/media/posts_1.json
posts_1.json-0.28031519829512686,post,2025-12-16T14:56:47.000Z,"","","identity","",posts_1.json,/Users/kriskleva/Documents/ModernDayCircusManager/instagram-moderndaycircus-2026-03-09-mDWWVNXF/your_instagram_activity/media/posts_1.json
posts_1.json-0.827047370364991,post,2025-12-01T12:10:35.000Z,"","","identity","",posts_1.json,/Users/kriskleva/Documents/ModernDayCircusManager/instagram-moderndaycircus-2026-03-09-mDWWVNXF/your_instagram_activity/media/posts_1.json
posts_1.json-0.1849556840658657,post,2025-12-01T12:10:35.000Z,"","","identity","",posts_1.json,/Users/kriskleva/Documents/ModernDayCircusManager/instagram-moderndaycircus-2026-03-09-mDWWVNXF/your_instagram_activity/media/posts_1.json
posts_1.json-0.012246847041329945,post,2025-11-09T17:46:49.000Z,"ð¤ â¤ï¸ðHoliday cheer activated with new Yakisugi Fire Art by @cinnamonbrulee ð´ââ ï¸ #piratetable #blackonblackonblack #yakisugi","piratetable, blackonblackonblack, yakisugi","identity","ð¤ â¤ï¸ðHoliday cheer activated with new Yakisugi Fire Art by @cinnamonbrulee ð´ââ ï¸...",posts_1.json,/Users/kriskleva/Documents/ModernDayCircusManager/instagram-moderndaycircus-2026-03-09-mDWWVNXF/your_instagram_activity/media/posts_1.json
posts_1.json-0.7582532085492446,post,2025-10-28T18:22:12.000Z,"","","identity","",posts_1.json,/Users/kriskleva/Documents/ModernDayCircusManager/instagram-moderndaycircus-2026-03-09-mDWWVNXF/your_instagram_activity/media/posts_1.json
posts_1.json-0.8762481368318531,post,2025-10-28T18:22:12.000Z,"","","identity","",posts_1.json,/Users/kriskleva/Documents/ModernDayCircusManager/instagram-moderndaycircus-2026-03-09-mDWWVNXF/your_instagram_activity/media/posts_1.json
posts_1.json-0.39957991430107165,post,2025-10-26T21:28:50.000Z,"","","identity","",posts_1.json,/Users/kriskleva/Documents/ModernDayCircusManager/instagram-moderndaycircus-2026-03-09-mDWWVNXF/your_instagram_activity/media/posts_1.json
posts_1.json-0.24971827583585093,post,2025-10-26T21:28:50.000Z,"","","identity","",posts_1.json,/Users/kriskleva/Documents/ModernDayCircusManager/instagram-moderndaycircus-2026-03-09-mDWWVNXF/your_instagram_activity/media/posts_1.json
posts_1.json-0.9807544512255104,post,2025-10-26T21:28:50.000Z,"","","identity","",posts_1.json,/Users/kriskleva/Documents/ModernDayCircusManager/instagram-moderndaycircus-2026-03-09-mDWWVNXF/your_instagram_activity/media/posts_1.json
posts_1.json-0.9445230016482362,post,2025-10-26T21:28:50.000Z,"","","identity","",posts_1.json,/Users/kriskleva/Documents/ModernDayCircusManager/instagram-moderndaycircus-2026-03-09-mDWWVNXF/your_instagram_activity/media/posts_1.json
posts_1.json-0.6793286386937694,post,2025-10-26T21:28:50.000Z,"","","identity","",posts_1.json,/Users/kriskleva/Documents/ModernDayCircusManager/instagram-moderndaycircus-2026-03-09-mDWWVNXF/your_instagram_activity/media/posts_1.json
posts_1.json-0.927257906569326,post,2025-10-26T09:48:43.000Z,"What more could you ask for â a warm autumn night, an outdoor fireplace, a treehouse bed, and me rustling through the crunchy leaves underneath the stars â¨ ðð¦","","identity","What more could you ask for â a warm autumn night, an outdoor fireplace, a treehouse bed, and m...",posts_1.json,/Users/kriskleva/Documents/ModernDayCircusManager/instagram-moderndaycircus-2026-03-09-mDWWVNXF/your_instagram_activity/media/posts_1.json
posts_1.json-0.14725263792084253,post,2025-10-19T13:17:45.000Z,"","","identity","",posts_1.json,/Users/kriskleva/Documents/ModernDayCircusManager/instagram-moderndaycircus-2026-03-09-mDWWVNXF/your_instagram_activity/media/posts_1.json
posts_1.json-0.9982413311341065,post,2025-10-19T13:17:45.000Z,"","","identity","",posts_1.json,/Users/kriskleva/Documents/ModernDayCircusManager/instagram-moderndaycircus-2026-03-09-mDWWVNXF/your_instagram_activity/media/posts_1.json
posts_1.json-0.749180602820664,post,2025-10-17T15:32:55.000Z,"","","identity","",posts_1.json,/Users/kriskleva/Documents/ModernDayCircusManager/instagram-moderndaycircus-2026-03-09-mDWWVNXF/your_instagram_activity/media/posts_1.json
posts_1.json-0.20212476885467567,post,2025-10-17T15:32:55.000Z,"","","identity","",posts_1.json,/Users/kriskleva/Documents/ModernDayCircusManager/instagram-moderndaycircus-2026-03-09-mDWWVNXF/your_instagram_activity/media/posts_1.json
posts_1.json-0.7340749761063878,post,2025-10-17T15:32:55.000Z,"","","identity","",posts_1.json,/Users/kriskleva/Documents/ModernDayCircusManager/instagram-moderndaycircus-2026-03-09-mDWWVNXF/your_instagram_activity/media/posts_1.json
posts_1.json-0.3342251618699321,post,2025-10-17T15:32:55.000Z,"","","identity","",posts_1.json,/Users/kriskleva/Documents/ModernDayCircusManager/instagram-moderndaycircus-2026-03-09-mDWWVNXF/your_instagram_activity/media/posts_1.json
posts_1.json-0.30474729853459115,post,2025-10-16T19:12:57.000Z,"Standing for a change in the system. Ready to take a new step forward @crossculturalcommunityservices","","identity","Standing for a change in the system. Ready to take a new step forward @crossculturalcommunityserv...",posts_1.json,/Users/kriskleva/Documents/ModernDayCircusManager/instagram-moderndaycircus-2026-03-09-mDWWVNXF/your_instagram_activity/media/posts_1.json
posts_1.json-0.6549070757680249,post,2025-10-13T22:54:48.000Z,"@maine_crafts_association Maine Craft Weekend was a huge success.  Itâs fun to be one of the many pirates ð´ââ ï¸behind the scenes supporting @cinnamonbrulee.","","identity","@maine_crafts_association Maine Craft Weekend was a huge success. Itâs fun to be one of the man...",posts_1.json,/Users/kriskleva/Documents/ModernDayCircusManager/instagram-moderndaycircus-2026-03-09-mDWWVNXF/your_instagram_activity/media/posts_1.json
posts_1.json-0.7707936973144924,post,2025-10-13T22:36:15.000Z,"","","identity","",posts_1.json,/Users/kriskleva/Documents/ModernDayCircusManager/instagram-moderndaycircus-2026-03-09-mDWWVNXF/your_instagram_activity/media/posts_1.json
posts_1.json-0.7445716692187703,post,2025-10-13T22:36:15.000Z,"","","identity","",posts_1.json,/Users/kriskleva/Documents/ModernDayCircusManager/instagram-moderndaycircus-2026-03-09-mDWWVNXF/your_instagram_activity/media/posts_1.json
posts_1.json-0.03253763336917914,post,2025-10-13T22:36:15.000Z,"","","identity","",posts_1.json,/Users/kriskleva/Documents/ModernDayCircusManager/instagram-moderndaycircus-2026-03-09-mDWWVNXF/your_instagram_activity/media/posts_1.json
posts_1.json-0.2045416247943963,post,2025-10-13T22:36:15.000Z,"","","identity","",posts_1.json,/Users/kriskleva/Documents/ModernDayCircusManager/instagram-moderndaycircus-2026-03-09-mDWWVNXF/your_instagram_activity/media/posts_1.json
posts_1.json-0.1688693869867688,post,2025-10-09T16:05:10.000Z,"","","identity","",posts_1.json,/Users/kriskleva/Documents/ModernDayCircusManager/instagram-moderndaycircus-2026-03-09-mDWWVNXF/your_instagram_activity/media/posts_1.json
posts_1.json-0.022104633418114084,post,2025-10-09T16:05:10.000Z,"","","identity","",posts_1.json,/Users/kriskleva/Documents/ModernDayCircusManager/instagram-moderndaycircus-2026-03-09-mDWWVNXF/your_instagram_activity/media/posts_1.json
posts_1.json-0.2346059170605872,post,2025-10-09T16:05:10.000Z,"","","identity","",posts_1.json,/Users/kriskleva/Documents/ModernDayCircusManager/instagram-moderndaycircus-2026-03-09-mDWWVNXF/your_instagram_activity/media/posts_1.json
posts_1.json-0.09397710937169657,post,2025-10-09T16:05:10.000Z,"","","identity","",posts_1.json,/Users/kriskleva/Documents/ModernDayCircusManager/instagram-moderndaycircus-2026-03-09-mDWWVNXF/your_instagram_activity/media/posts_1.json
posts_1.json-0.8632122245520262,post,2025-10-09T16:05:10.000Z,"","","identity","",posts_1.json,/Users/kriskleva/Documents/ModernDayCircusManager/instagram-moderndaycircus-2026-03-09-mDWWVNXF/your_instagram_activity/media/posts_1.json
posts_1.json-0.7805094733967193,post,2025-10-09T16:05:10.000Z,"","","identity","",posts_1.json,/Users/kriskleva/Documents/ModernDayCircusManager/instagram-moderndaycircus-2026-03-09-mDWWVNXF/your_instagram_activity/media/posts_1.json
posts_1.json-0.062246213134716566,post,2025-10-04T12:15:57.000Z,"17.5 Hands ððð¿","","identity","17.5 Hands ððð¿",posts_1.json,/Users/kriskleva/Documents/ModernDayCircusManager/instagram-moderndaycircus-2026-03-09-mDWWVNXF/your_instagram_activity/media/posts_1.json
posts_1.json-0.445124951111149,post,2025-10-03T12:30:43.000Z,"Elk season ð¦ð","","identity","Elk season ð¦ð",posts_1.json,/Users/kriskleva/Documents/ModernDayCircusManager/instagram-moderndaycircus-2026-03-09-mDWWVNXF/your_instagram_activity/media/posts_1.json
posts_1.json-0.5660985628910677,post,2025-06-01T12:03:36.000Z,"ð¥â¨ I'm thrilled to capture the magic of the upcoming Aerial Showcase on June 1, 2025! As a creative artist and drone pilot, I'm always seeking innovative ways to bring emotion, movement, and passion to life through the lensâand this collaboration with @aerialjadeart is truly exceptional.

Working alongside Danielle and these talented aerialists will be exhilarating. Every climb, drop, and spin holds significance, and I'm eager to document not just the performance, but the heart and soul behind it.

Through mentoring creative and tech entrepreneurs, I've seen how rare it is to find this level of dedication and spirit in a community.

This showcase is a testament to that commitment.

I'm excited to help amplify its impact in a way that honors the beauty and boldness of aerial art.","","identity","ð¥â¨ I'm thrilled to capture the magic of the upcoming Aerial Showcase on June 1, 2025! As a c...",posts_1.json,/Users/kriskleva/Documents/ModernDayCircusManager/instagram-moderndaycircus-2026-03-09-mDWWVNXF/your_instagram_activity/media/posts_1.json
posts_1.json-0.1160219892254728,post,2025-05-13T21:54:23.000Z,"So excited to be joining the @allroadsmusicfest this weekend in Belfast, ME as part of the panel âThe New Kids on the Block: Under 18 in Maine Musicâ

moderated by @sjmonaco of @equalmeasurearts and @monaco.studios

As a board member of several non profits and a vibrant creative community, Iâve had the privilege of following, collaborating with, and learning from some of who I think are Maineâs most inspiring emerging artists. 

Being part of this conversationâand helping raise funds and visibility to support the next generation of musiciansâis a dream.

Shoutout to edelawitmusic, @kailucofficial, @softgremlin, and all the talented creators building the future of our creative ecosystem. Canât wait to catch up at the Belfast Library on Saturday, May 17 from 3â4PM!","","identity","So excited to be joining the @allroadsmusicfest this weekend in Belfast, ME as part of the panel ...",posts_1.json,/Users/kriskleva/Documents/ModernDayCircusManager/instagram-moderndaycircus-2026-03-09-mDWWVNXF/your_instagram_activity/media/posts_1.json
recently_deleted_content.json-0.8518344570363476,post,2026-03-08T03:02:16.000Z,"","","identity","",recently_deleted_content.json,/Users/kriskleva/Documents/ModernDayCircusManager/instagram-moderndaycircus-2026-03-09-mDWWVNXF/your_instagram_activity/media/recently_deleted_content.json
recently_deleted_content.json-0.314562510300729,post,2026-03-08T02:59:10.000Z,"","","identity","",recently_deleted_content.json,/Users/kriskleva/Documents/ModernDayCircusManager/instagram-moderndaycircus-2026-03-09-mDWWVNXF/your_instagram_activity/media/recently_deleted_content.json
recently_deleted_content.json-0.48751389531214206,post,2026-02-28T12:48:41.000Z,"Lovers Ball Self Care","","identity","Lovers Ball Self Care",recently_deleted_content.json,/Users/kriskleva/Documents/ModernDayCircusManager/instagram-moderndaycircus-2026-03-09-mDWWVNXF/your_instagram_activity/media/recently_deleted_content.json
recently_deleted_content.json-0.2856988186995735,post,2026-02-22T12:27:24.000Z,"","","identity","",recently_deleted_content.json,/Users/kriskleva/Documents/ModernDayCircusManager/instagram-moderndaycircus-2026-03-09-mDWWVNXF/your_instagram_activity/media/recently_deleted_content.json
recently_deleted_content.json-0.8749112980805056,post,2026-02-22T12:27:24.000Z,"","","identity","",recently_deleted_content.json,/Users/kriskleva/Documents/ModernDayCircusManager/instagram-moderndaycircus-2026-03-09-mDWWVNXF/your_instagram_activity/media/recently_deleted_content.json
recently_deleted_content.json-0.8982271492347751,post,2026-02-21T23:25:13.000Z,"","","identity","",recently_deleted_content.json,/Users/kriskleva/Documents/ModernDayCircusManager/instagram-moderndaycircus-2026-03-09-mDWWVNXF/your_instagram_activity/media/recently_deleted_content.json
recently_deleted_content.json-0.9123699458306735,post,2026-02-21T23:21:51.000Z,"","","identity","",recently_deleted_content.json,/Users/kriskleva/Documents/ModernDayCircusManager/instagram-moderndaycircus-2026-03-09-mDWWVNXF/your_instagram_activity/media/recently_deleted_content.json
recently_deleted_content.json-0.2680106502948252,post,2026-02-21T15:43:11.000Z,"Doughnut demo day.  Closed course.  Untrained driver.","","identity","Doughnut demo day. Closed course. Untrained driver.",recently_deleted_content.json,/Users/kriskleva/Documents/ModernDayCircusManager/instagram-moderndaycircus-2026-03-09-mDWWVNXF/your_instagram_activity/media/recently_deleted_content.json
recently_deleted_content.json-0.8815509437705431,post,2026-02-21T11:29:56.000Z,"","","identity","",recently_deleted_content.json,/Users/kriskleva/Documents/ModernDayCircusManager/instagram-moderndaycircus-2026-03-09-mDWWVNXF/your_instagram_activity/media/recently_deleted_content.json
recently_deleted_content.json-0.6487033381712639,post,2026-02-18T10:19:38.000Z,"","","identity","",recently_deleted_content.json,/Users/kriskleva/Documents/ModernDayCircusManager/instagram-moderndaycircus-2026-03-09-mDWWVNXF/your_instagram_activity/media/recently_deleted_content.json
recently_deleted_content.json-0.9133349277186382,post,2026-02-14T12:43:44.000Z,"","","identity","",recently_deleted_content.json,/Users/kriskleva/Documents/ModernDayCircusManager/instagram-moderndaycircus-2026-03-09-mDWWVNXF/your_instagram_activity/media/recently_deleted_content.json
recently_deleted_content.json-0.35640002274171434,post,2026-02-13T13:33:20.000Z,"","","identity","",recently_deleted_content.json,/Users/kriskleva/Documents/ModernDayCircusManager/instagram-moderndaycircus-2026-03-09-mDWWVNXF/your_instagram_activity/media/recently_deleted_content.json
recently_deleted_content.json-0.851051022857936,post,2026-02-13T13:07:01.000Z,"Sorry that got messy ð­

Iâm honestly happy. But I have no idea what Iâm doing and jumping in head first trusting there is something waiting for me","","identity","Sorry that got messy ð­ Iâm honestly happy. But I have no idea what Iâm doing and jumping i...",recently_deleted_content.json,/Users/kriskleva/Documents/ModernDayCircusManager/instagram-moderndaycircus-2026-03-09-mDWWVNXF/your_instagram_activity/media/recently_deleted_content.json
recently_deleted_content.json-0.7847782718091108,post,2026-02-13T12:59:05.000Z,"Warning. â ï¸ 
Ugly cry ahead","","identity","Warning. â ï¸ Ugly cry ahead",recently_deleted_content.json,/Users/kriskleva/Documents/ModernDayCircusManager/instagram-moderndaycircus-2026-03-09-mDWWVNXF/your_instagram_activity/media/recently_deleted_content.json
recently_deleted_content.json-0.6555695193422899,post,2026-02-13T12:51:54.000Z,"","","identity","",recently_deleted_content.json,/Users/kriskleva/Documents/ModernDayCircusManager/instagram-moderndaycircus-2026-03-09-mDWWVNXF/your_instagram_activity/media/recently_deleted_content.json
recently_deleted_content.json-0.16403499561847035,post,2026-02-13T12:44:26.000Z,"","","identity","",recently_deleted_content.json,/Users/kriskleva/Documents/ModernDayCircusManager/instagram-moderndaycircus-2026-03-09-mDWWVNXF/your_instagram_activity/media/recently_deleted_content.json
recently_deleted_content.json-0.9266946777184886,post,2026-02-12T01:34:11.000Z,"","","identity","",recently_deleted_content.json,/Users/kriskleva/Documents/ModernDayCircusManager/instagram-moderndaycircus-2026-03-09-mDWWVNXF/your_instagram_activity/media/recently_deleted_content.json
recently_deleted_content.json-0.22284924880871348,post,2026-02-11T00:50:05.000Z,"Being a technical community organizer is the best leadership experience Iâve had in my 35 years coding and 25 years working in the e-commerce industry  In 2026 knowing how to code is the bare minimum","","identity","Being a technical community organizer is the best leadership experience Iâve had in my 35 years...",recently_deleted_content.json,/Users/kriskleva/Documents/ModernDayCircusManager/instagram-moderndaycircus-2026-03-09-mDWWVNXF/your_instagram_activity/media/recently_deleted_content.json
recently_deleted_content.json-0.9708086460340826,post,2026-02-08T14:50:18.000Z,"","","identity","",recently_deleted_content.json,/Users/kriskleva/Documents/ModernDayCircusManager/instagram-moderndaycircus-2026-03-09-mDWWVNXF/your_instagram_activity/media/recently_deleted_content.json
recently_deleted_content.json-0.7356522669317345,post,2026-01-29T11:59:17.000Z,"Do this","","identity","Do this",recently_deleted_content.json,/Users/kriskleva/Documents/ModernDayCircusManager/instagram-moderndaycircus-2026-03-09-mDWWVNXF/your_instagram_activity/media/recently_deleted_content.json
recently_deleted_content.json-0.9928141510980422,post,2026-01-25T13:54:36.000Z,"When police show up at your door for a welfare check or civil matter, youâre stepping into one of the most dangerous and misunderstood forms of police contact in America. 

Thereâs no script, no traffic stop choreography, just you, your home, and a system with a long memory.

For Black men especially, this is not theoretical â itâs survival. 

Understanding your rights, managing your body language, and keeping emotional control can be the difference between a wellness check and a tragedy.

The goal is simple:
They walk away. You walk away. Nobody gets detained. Nobody gets hurt.","","identity","When police show up at your door for a welfare check or civil matter, youâre stepping into one ...",recently_deleted_content.json,/Users/kriskleva/Documents/ModernDayCircusManager/instagram-moderndaycircus-2026-03-09-mDWWVNXF/your_instagram_activity/media/recently_deleted_content.json
recently_deleted_content.json-0.6069671926538207,post,2026-01-05T12:18:11.000Z,"Day 7 of 30 is a rest day with a little FaceTime instruction ð¤­

#handstand #donkeykicks #friendshelpingfriendsâ¤ï¸","handstand, donkeykicks, friendshelpingfriends","identity","Day 7 of 30 is a rest day with a little FaceTime instruction ð¤­ #handstand #donkeykicks #friend...",recently_deleted_content.json,/Users/kriskleva/Documents/ModernDayCircusManager/instagram-moderndaycircus-2026-03-09-mDWWVNXF/your_instagram_activity/media/recently_deleted_content.json
recently_deleted_content.json-0.7231424880825299,post,2025-06-12T15:36:58.000Z,"Introducing Yakisugi Studios LLC

A place designed to identify what's holding you back, challenge your self limiting beliefs, and unlock your full potential to live a purpose-driven life.","","identity","Introducing Yakisugi Studios LLC A place designed to identify what's holding you back, challenge ...",recently_deleted_content.json,/Users/kriskleva/Documents/ModernDayCircusManager/instagram-moderndaycircus-2026-03-09-mDWWVNXF/your_instagram_activity/media/recently_deleted_content.json
reels.json-0.3192134442688823,reel,2026-03-04T11:58:46.000Z,"Okay, so the best part of the Lovers ball 

Out of all the looks I wore on the runwayâ¦ some of them one of a kind works of art worth thousands of dollars. 

The $7 robe and pants I purchased at @mardensmaine the day of the show, didnât even iron or wash itâ¦

was the crowd favorite ð

ð¸ @womenwhoneeddonuts","","identity","Okay, so the best part of the Lovers ball Out of all the looks I wore on the runwayâ¦ some of th...",reels.json,/Users/kriskleva/Documents/ModernDayCircusManager/instagram-moderndaycircus-2026-03-09-mDWWVNXF/your_instagram_activity/media/reels.json
reels.json-0.026182404769675927,reel,2026-02-26T12:36:28.000Z,"Itâs time for love. 
Itâs time to stop waiting for permission.

This weekend we stop waiting.

House of Square One debuts at @prismatic.prod Loverâs Ball at @mayostreetarts â beginners mentored by experts, artists becoming models, style becoming identity.

NYC meets Maine with very special guest @lord_proverbs_illmaticscream 

Art meets body with @j.m.syron 

Community meets momentum hosted by @aquariusfunkk  and @prismatic.prod 

After party is invite only. DM for invite 
Support builds access.

Link in story.
Stay close.

#SquareOne #HouseOfSquareOne #FashionCulture #MaineCreators #CreativeRebirth","squareone, houseofsquareone, fashionculture, mainecreators, creativerebirth","identity","Itâs time for love. Itâs time to stop waiting for permission. This weekend we stop waiting. H...",reels.json,/Users/kriskleva/Documents/ModernDayCircusManager/instagram-moderndaycircus-2026-03-09-mDWWVNXF/your_instagram_activity/media/reels.json
reels.json-0.6690802556930127,reel,2026-02-19T04:39:27.000Z,"Weâre starting at Square One.

No fast fashion.
No seasonal depression trends.
No mass production.

Community.
Craft.
Collaboration.
Courage.

House of Square One makes its debut at the Lovers Ball presented by @prismatic.prod on February 28 at Mayo Street Arts @mayostreetarts 

This is the beginning style with intention.
late-night runways and new energy.

If youâve been waiting for permission to evolveâ¦
This is it.

See you at Square One.

#SquareOne #LoversBall #BallroomCulture #PortlandMaine #CreativeCollective","squareone, loversball, ballroomculture, portlandmaine, creativecollective","identity","Weâre starting at Square One. No fast fashion. No seasonal depression trends. No mass productio...",reels.json,/Users/kriskleva/Documents/ModernDayCircusManager/instagram-moderndaycircus-2026-03-09-mDWWVNXF/your_instagram_activity/media/reels.json
reels.json-0.07727155005605035,reel,2026-02-18T09:53:42.000Z,"Underestimated. Misread. Labeled âtoo much.â

Good.

This is my Year of the Fire Horse.
protect my peace
discipline my mind
forge my body
refine my spirit
No permission
No masks
No apologies
Iâm not here to be adored
Iâm here to be aligned
When I move â frequency shifts.
When I speak â intention lands.
When I build â it impacts the community.

Controlled fire. Not Chaos.
Relentless focus. 
Eliminated Distractions.
Unapologetic presence.","","identity","Underestimated. Misread. Labeled âtoo much.â Good. This is my Year of the Fire Horse. protect...",reels.json,/Users/kriskleva/Documents/ModernDayCircusManager/instagram-moderndaycircus-2026-03-09-mDWWVNXF/your_instagram_activity/media/reels.json
reels.json-0.6288755054072719,reel,2026-02-15T00:40:01.000Z,"Sunset swag, Valentineâs Day, The Penthouse, VIP Front Row and champagne ð¾ 

life is dope. Iâm all smiles ð¤

Designer @lord_proverbs_illmaticscream is the real one.  I was blown away with the variety of effects. 

Thank you @sfwrunway #nyfw2026","nyfw2026","identity","Sunset swag, Valentineâs Day, The Penthouse, VIP Front Row and champagne ð¾ life is dope. Iâ...",reels.json,/Users/kriskleva/Documents/ModernDayCircusManager/instagram-moderndaycircus-2026-03-09-mDWWVNXF/your_instagram_activity/media/reels.json
reels.json-0.4987050055616846,reel,2026-02-12T11:50:16.000Z,"Still reflecting on the Black History Month Community Wellness Fair and the stories shared there.

Cross-cultural intergenerational community wellness isnât abstract â itâs rides to appointments, translation help, tech support, food drop-offs, and simple human presence. 

Small personal actions that create real safety and dignity for elders navigating health, language, and isolation.

If youâve got a little extra time, youâve got enough to make a difference. 

Companion someone. 
Listen. 

Help them navigate a system that wasnât built for everyone equally. 

The relationship will give back more than you expect.

Letâs show up across generations.","","identity","Still reflecting on the Black History Month Community Wellness Fair and the stories shared there....",reels.json,/Users/kriskleva/Documents/ModernDayCircusManager/instagram-moderndaycircus-2026-03-09-mDWWVNXF/your_instagram_activity/media/reels.json
reels.json-0.6758443649497463,reel,2026-02-06T18:59:01.000Z,"Everyoneâs debating headlines â almost no one is looking at the system metrics.

My tech brain canât help it â I donât analyze decentralized networks like celebrity gossip threads. 

I look at signals: liquidity, leverage, dollar strength, ETF flows, positioning, and protocol fundamentals.

Bitcoin doesnât have a CEO to scandal-crash. It has math, miners, nodes, and market structure.

Before you panic â check the data plane, not the drama plane. ðâï¸

#Bitcoin #TechMindset #SignalVsNoise #Decentralized #MarketStructure ZoomOut","bitcoin, techmindset, signalvsnoise, decentralized, marketstructure","identity","Everyoneâs debating headlines â almost no one is looking at the system metrics. My tech brain...",reels.json,/Users/kriskleva/Documents/ModernDayCircusManager/instagram-moderndaycircus-2026-03-09-mDWWVNXF/your_instagram_activity/media/reels.json
reels.json-0.1195361373074888,reel,2026-01-29T12:51:19.000Z,"I guarantee this one thing will improve your life:

Make a list of the things you actually love.
Protect one hour a day like itâs sacred.
Be ritualistic about it.

Do that for 10 days and tell me your life doesnât feel at least a little doper.

Iâll wait.","","identity","I guarantee this one thing will improve your life: Make a list of the things you actually love. P...",reels.json,/Users/kriskleva/Documents/ModernDayCircusManager/instagram-moderndaycircus-2026-03-09-mDWWVNXF/your_instagram_activity/media/reels.json
reels.json-0.329590905453198,reel,2026-01-28T13:34:09.000Z,"You made this video to remember why youâre doing all these micro-habits, challenges, and experiments.

Itâs not about the handstand â itâs about learning how to focus on your core mission without getting distracted.

Keep reclaiming your energy, keep building your resources, keep loving your life, and keep practicing being unafraid of loss.

Thatâs the work.

#coremission #undistracted #emotionalbalance #handstand","coremission, undistracted, emotionalbalance, handstand","identity","You made this video to remember why youâre doing all these micro-habits, challenges, and experi...",reels.json,/Users/kriskleva/Documents/ModernDayCircusManager/instagram-moderndaycircus-2026-03-09-mDWWVNXF/your_instagram_activity/media/reels.json
reels.json-0.4557467989253414,reel,2026-01-27T10:58:13.000Z,"Day 16 of my handstand series, and weâre entering the final stretch of the Year of the Snake, which officially winds down in mid February when I complete this challenge. 

In the zodiacal cycles, this is the period when the Snake completes its shed â clearing out stale energy, outgrown identities, and last seasonâs skin so the next sign can take the stage. ðâ¨

To mark the occasion, Iâve been âshedding the snakeâ upside down â trading old patterns for new strength, better balance, and a calmer nervous system. 

Snakes donât rush change; they prepare quietly, strike precisely, and emerge renewed. 

Today felt a lot like that.

Also wearing my favorite green Anti-Robot Club tee â a reminder that style, humor, and subculture are still produced by living humans with taste, not optimized by servers in a warehouse somewhere. 

@anti_robotclub keeps things analog enough to matter and weird enough to feel alive.

So hereâs to Day 16: molting, training, and celebrating the last days of the Snake before the wheel turns again.

#yearofthesnake #handstandjourney #shedthesnake #antirobotclub","yearofthesnake, handstandjourney, shedthesnake, antirobotclub","identity","Day 16 of my handstand series, and weâre entering the final stretch of the Year of the Snake, w...",reels.json,/Users/kriskleva/Documents/ModernDayCircusManager/instagram-moderndaycircus-2026-03-09-mDWWVNXF/your_instagram_activity/media/reels.json
reels.json-0.5508246038971589,reel,2026-01-26T16:47:19.000Z,"Day 15 of 30 ð¬

A couple days off to handle life â household chores, storm cleanup, and the quiet logistics that never make it into the highlight reel â but they matter. 

Theyâre the set design of my actual life, and if the set isnât right, the character canât perform.

Coming back today I felt stronger, not weaker. 

My form is getting sharper, my balance is getting more intentional, and Iâm really enjoying the corner work as a training partner. 

Thereâs something about having boundaries that teaches you precision.

These thirty days arenât just about handstands. Theyâre about building a character who shows up, learns new skills, takes pauses without quitting, and comes back with better alignment â physically and in story.

Progress is the plot. Iâm just documenting the scenes as they unfold.","","identity","Day 15 of 30 ð¬ A couple days off to handle life â household chores, storm cleanup, and the q...",reels.json,/Users/kriskleva/Documents/ModernDayCircusManager/instagram-moderndaycircus-2026-03-09-mDWWVNXF/your_instagram_activity/media/reels.json
reels.json-0.5794886862570865,reel,2026-01-22T11:43:53.000Z,"Iâve spent most of my career in the fashion world from the technical side â APIs, e-commerce, digital platforms, payment stacks, and system integrations that quietly make retail work at scale.

But lately Iâve been curious about the front-end experience â the runway, the movement, the posture, the cultural side of fashion specific to Portland, Maine. 

So Iâm learning to dip. Myself.

Old Vogue style. American runway. European runway.

The language of bodies instead of APIs.

The choreography instead of the checkout flow.

This is my first dip documented â because learning in public is part of my story.

If youâre in a season where itâs time to âdip yourselfâ instead of powering everyone elseâs experience from the backend, I support it.

Lessons and a beautiful origin story of the craft is being taught to us by @aquariusfunkk. Iâm learning a lot. 

Reach out if you want to learn too.","","identity","Iâve spent most of my career in the fashion world from the technical side â APIs, e-commerce,...",reels.json,/Users/kriskleva/Documents/ModernDayCircusManager/instagram-moderndaycircus-2026-03-09-mDWWVNXF/your_instagram_activity/media/reels.json
reels.json-0.6639146435441774,reel,2026-01-21T17:54:28.000Z,"For most of my life I thought about the body in terms of muscles, emotions, or stress.

But underneath all of that weâre electrical systems.

Every cell runs on voltage.
Every emotion has a frequency.
Change the input â the system changes.

What people call âchakras,â Iâm approaching as seven energy nodes in a closed electrical circuit. More functional than mystical.

So before I started working with them, I ran an AO scan â basically a frequency assessment that shows where my system is overcharged, undercharged, or out of resonance.

This became my baseline.

From here, the experiment begins:
â  identify missing frequencies
â  counteract through light, sound, color, voice, & environment
â  observe how behavior outputs change
â  repeat daily

Some days I need confidence.
Some days I need grounding.
Some days I need expression.
Every day is different.

This is Part Zero. The diagnostic.
Next up: Part One â the Root.

Follow along if youâre curious how this unfolds.","","identity","For most of my life I thought about the body in terms of muscles, emotions, or stress. But undern...",reels.json,/Users/kriskleva/Documents/ModernDayCircusManager/instagram-moderndaycircus-2026-03-09-mDWWVNXF/your_instagram_activity/media/reels.json
reels.json-0.1925770104348128,reel,2026-01-20T01:54:46.000Z,"Day 14 of 30 â Iâm realizing most of the handstand happens before the handstand.

The bottleneck isnât strength, itâs mobility and nervous system control. 

So today was shoulder + thoracic opening, long holds (30â60s), and a final set to failure to see where the edge actually is.

Inverted stability work (pike push-ups + vibration plates) continues to be the real cheat code. 

It forces everything to organize while upside down.

The trick is just the celebration. The preparation is the transformation.

#handstandjourney #mobilitytraining #creativeathlete","handstandjourney, mobilitytraining, creativeathlete","identity","Day 14 of 30 â Iâm realizing most of the handstand happens before the handstand. The bottlene...",reels.json,/Users/kriskleva/Documents/ModernDayCircusManager/instagram-moderndaycircus-2026-03-09-mDWWVNXF/your_instagram_activity/media/reels.json
reels.json-0.016511632363532147,reel,2026-01-19T21:38:16.000Z,"Day 14 of 30 was spent with more training than actual handstand attempt","","identity","Day 14 of 30 was spent with more training than actual handstand attempt",reels.json,/Users/kriskleva/Documents/ModernDayCircusManager/instagram-moderndaycircus-2026-03-09-mDWWVNXF/your_instagram_activity/media/reels.json
reels.json-0.7423520737728675,reel,2026-01-17T17:32:39.000Z,"Cold weather gear by @maineblackcappedchickadee","","identity","Cold weather gear by @maineblackcappedchickadee",reels.json,/Users/kriskleva/Documents/ModernDayCircusManager/instagram-moderndaycircus-2026-03-09-mDWWVNXF/your_instagram_activity/media/reels.json
reels.json-0.9323311246076833,reel,2026-01-17T11:08:12.000Z,"For the last few months Iâve been exploring a new way of understanding my body, my creativity, and my relationships â not as separate lanes, but as one continuous energy system.

So Iâm launching a 7-part series inspired by the chakras under the guidance of @vibeauramasterhealer 

Not in the âfloat awayâ woo shit sense â but from my own grounded, embodied, practical and humorous perspective. 

Each center maps to something we feel every day: safety, desire, power, love, expression, insight, connection.

In this series Iâll share how I learn to tune into each one through movement, breath, reflection, creativity, and environment â and how tuning them has changed how I perform, relate, and create.

If youâre into wellness, art, performance, fitness, or just knowing yourself better â follow along, give feedback. 

Iâm sure it will be a vibe ð. 

#chakras #embodiment #performance #creativewellness","chakras, embodiment, performance, creativewellness","identity","For the last few months Iâve been exploring a new way of understanding my body, my creativity, ...",reels.json,/Users/kriskleva/Documents/ModernDayCircusManager/instagram-moderndaycircus-2026-03-09-mDWWVNXF/your_instagram_activity/media/reels.json
reels.json-0.8448029201874814,reel,2026-01-16T11:39:35.000Z,"Why I wander before dawn. 

Most people only experience certain spaces at peak volume â packed with bodies, noise, urgency, and expectation. 

I love those moments too, but my secret joy has always happened in the hours before all of that arrives.

Early mornings in places built for thousands feel almost sacred. 

Without the crowds, I get to witness the architecture, the light, the echoes, the quiet logic of how a place is designed to serve human life. 

You canât notice any of that when the space is doing its job at full capacity.

Having it to myself gives me room to reflect, to show gratitude, and to pause inside a world that rarely slows down on its own. 

Itâs where I reorganize my thoughts, check in with my values, and remember what matters to me before the day starts making demands.

Itâs a small ritual â one I hope to never stop doing â and honestly itâs been one of the greatest blessings Iâve been given. 

The world feels chaotic, but these quiet moments remind me I still get to choose how I enter it.","","identity","Why I wander before dawn. Most people only experience certain spaces at peak volume â packed wi...",reels.json,/Users/kriskleva/Documents/ModernDayCircusManager/instagram-moderndaycircus-2026-03-09-mDWWVNXF/your_instagram_activity/media/reels.json
reels.json-0.05649050024604496,reel,2026-01-15T21:23:21.000Z,"Day 12/30 of my Handstand Journey 

Learning to bend instead of brace.
Opening space where there was none,
letting breath make room for new shapes.

Could be the twist that makes you stop,
the missing piece you didnât know you needed,
fresh air on a long walk,
elasticity where tension used to live.

Some things make it easy to fall in love with this hobby. 

Mobility is one of them.
Spine, shoulders, chemistry, trust.

Saturday night meeting the rest of your life.

#handstand #conturing #mobilitytraining","handstand, conturing, mobilitytraining","identity","Day 12/30 of my Handstand Journey Learning to bend instead of brace. Opening space where there wa...",reels.json,/Users/kriskleva/Documents/ModernDayCircusManager/instagram-moderndaycircus-2026-03-09-mDWWVNXF/your_instagram_activity/media/reels.json
reels.json-0.20941139454117352,reel,2026-01-14T21:47:45.000Z,"Todayâs handstand homework was a full mobility + stability self-check.

Shoulders, hips, spine, ankles, core, knees â what can move, what canât, and what needs coaxing.

Some âexcellent,â some âsatisfactory,â a few humbling ð

But awareness is how we win.

You measure â you adapt â you evolve.

The goal isnât just to balance upside down â itâs to build a body that can.

Summer handstands loading ð¤¸ââï¸ð

#handstandjourney #mobilitytraining #movementpractice #skillacquisition","handstandjourney, mobilitytraining, movementpractice, skillacquisition","identity","Todayâs handstand homework was a full mobility + stability self-check. Shoulders, hips, spine, ...",reels.json,/Users/kriskleva/Documents/ModernDayCircusManager/instagram-moderndaycircus-2026-03-09-mDWWVNXF/your_instagram_activity/media/reels.json
reels.json-0.47715392792277167,reel,2026-01-14T17:02:19.000Z,"One of the most romantic things you can do is live long enough to love someone for the full arc.

Nobody talks about longevity inside relationships. 

We talk about chemistry, timing, values, sex, aesthetics â but the quiet question underneath is:

Can we make it long enough to enjoy the whole thing?

As we get older we start thinking about care, decline, and logistics. We watch parents lose mobility, lose memory, lose dignity, and we realize how physical partnership really is.

You donât have to be a âhottie,â but longevity requires honoring your body together. 

Muscle mass, VOâ max, metabolic health, and social bonds are all survival variables after 60.

Harvardâs 85-year study found that relationships were the strongest predictor of healthy aging. 

Gerontologists call it health concordance â couples literally age in parallel.

If I want to love you until 70+ years old, I need this body to serve, carry, play, hold, and remember.

I want to live long so I can love long.

How long do you want to go?

#longevity #healthspan #relationships #agingwell fitat50","longevity, healthspan, relationships, agingwell","identity","One of the most romantic things you can do is live long enough to love someone for the full arc. ...",reels.json,/Users/kriskleva/Documents/ModernDayCircusManager/instagram-moderndaycircus-2026-03-09-mDWWVNXF/your_instagram_activity/media/reels.json
reels.json-0.2903318432766573,reel,2026-01-13T20:07:46.000Z,"Hereâs exactly how I keep my life from falling apart when things go sideways:

I stack my habits like dominoes.

Not for aesthetics â for function. For resilience. For creativity. For joy.

There are the things I do to wake my system up,
the things I do to fuel my body,
the things I do to reflect and build light,
the things I do to create and collaborate,
the things I do to serve and nourish my community,
and the things I do to shut down, love, play, and sleep.

Itâs not about perfection.
Itâs about having a system that catches you when you fall, and compounds when you rise.

These little dominoes are the reason I can build big things, 
hold multiple worlds at once,
and still have a heart, 
a body, and a community that thrives.

Intention is a lifestyle.
And itâs also the cheat code.

#HabitStacking #IntentionalLiving #CreativeDiscipline #WellnessJourney #OptimizeYourLife","habitstacking, intentionalliving, creativediscipline, wellnessjourney, optimizeyourlife","identity","Hereâs exactly how I keep my life from falling apart when things go sideways: I stack my habits...",reels.json,/Users/kriskleva/Documents/ModernDayCircusManager/instagram-moderndaycircus-2026-03-09-mDWWVNXF/your_instagram_activity/media/reels.json
reels.json-0.8281369081035834,reel,2026-01-12T19:22:30.000Z,"Day 11 actually feels kind of boring. 

10 minutes of drills feels complete. Focused on flexibility and balance in forearm stance","","identity","Day 11 actually feels kind of boring. 10 minutes of drills feels complete. Focused on flexibility...",reels.json,/Users/kriskleva/Documents/ModernDayCircusManager/instagram-moderndaycircus-2026-03-09-mDWWVNXF/your_instagram_activity/media/reels.json
reels.json-0.4741032007394428,reel,2026-01-11T21:34:05.000Z,"Hereâs why at Iâm learning to handstand at 6â4â and 240+ lbs:

1ï¸â£ Challenge: I needed something that tested my strength, endurance + flexibility at the same time. 

Handstands are the perfect trifecta.

2ï¸â£ Longevity: Balance is the underrated king of strength training. Iâm investing in alignment â spine, core, hips, all of it â for the long game.

3ï¸â£ Letâs be honestâ¦ itâs sexy. Thereâs something magnetic about seeing a big dude flip upside down with control. 

So yeah, why not give the people what they want? ð

Hereâs to getting older, stronger, and more upside down.

#HandstandJourney #GritSeason #DefyYourAge","handstandjourney, gritseason, defyyourage","identity","Hereâs why at Iâm learning to handstand at 6â4â and 240+ lbs: 1ï¸â£ Challenge: I needed...",reels.json,/Users/kriskleva/Documents/ModernDayCircusManager/instagram-moderndaycircus-2026-03-09-mDWWVNXF/your_instagram_activity/media/reels.json
reels.json-0.02405091163826878,reel,2026-01-11T16:22:18.000Z,"Day 10 of 30. 

This is fun for me now. 
Ten handstand attempts.
Ten small failures.
Ten micro-wins.

Thereâs something magical about doing a thing ten days in a row. Iâd recommended anyone try it for the next thing you want to master. 

It becomes a ritual â not because I become good at it yet, but because I stop negotiating with myself weather or not itâs going to happen. 

Ten is enough to push through the awkward part, enough to feel my body changing, enough to prove I can choose myself on repeat.

Hereâs to day ten and all the days after. ð§ââï¸ð¤¸ââï¸","","identity","Day 10 of 30. This is fun for me now. Ten handstand attempts. Ten small failures. Ten micro-wins....",reels.json,/Users/kriskleva/Documents/ModernDayCircusManager/instagram-moderndaycircus-2026-03-09-mDWWVNXF/your_instagram_activity/media/reels.json
reels.json-0.8795439742372373,reel,2026-01-10T18:34:40.000Z,"Mall-walking in MontrÃ©alâ¦ a far cry from the fashion desert back home.

Thrift shops â designer houses â future closets.

Learning the language of style one new âkitâ at a time. ðâ¨

Manifesting looks, silhouettes, and whole new identities.

If Iâm gonna shop for anyone, Iâd prefer to shop for the future version of me.","","identity","Mall-walking in MontrÃ©alâ¦ a far cry from the fashion desert back home. Thrift shops â design...",reels.json,/Users/kriskleva/Documents/ModernDayCircusManager/instagram-moderndaycircus-2026-03-09-mDWWVNXF/your_instagram_activity/media/reels.json
reels.json-0.10127854297189853,reel,2026-01-09T13:46:58.000Z,"Day 9 of 30 â finally in feeling my flow.

Stretching, opening, preparingâ¦ moving slow and intentional with every muscle.

Forearm stands are starting to feel natural and my body is saying âyes, we can.â

One third of the way through â hereâs to consistency, curiosity, and the long game.","","identity","Day 9 of 30 â finally in feeling my flow. Stretching, opening, preparingâ¦ moving slow and int...",reels.json,/Users/kriskleva/Documents/ModernDayCircusManager/instagram-moderndaycircus-2026-03-09-mDWWVNXF/your_instagram_activity/media/reels.json
reels.json-0.13929639543534522,reel,2026-01-07T13:17:08.000Z,"Day 8 of 30 learning to handstand

Sometimes the reset is simple.

A full day of rest. 
A little guidance. 

An isolated place where the noise falls away.

Being on location in a âFriendsâ replica studio reminded me how powerful it is to step out of routine and back into presence. 

No rush. No performance. 

Just me, my people, and space to explore.

Today was about letting the body move, letting the mind wander, and trusting the creative energy to show up on its own time. When you give yourself permission to slow down, everything else starts to play.

#friends #handstand #lifeisamovie #onlocationshoot","friends, handstand, lifeisamovie, onlocationshoot","identity","Day 8 of 30 learning to handstand Sometimes the reset is simple. A full day of rest. A little gui...",reels.json,/Users/kriskleva/Documents/ModernDayCircusManager/instagram-moderndaycircus-2026-03-09-mDWWVNXF/your_instagram_activity/media/reels.json
reels.json-0.9205479407329786,reel,2026-01-05T13:06:10.000Z,"Day 7 of 30 is a rest day with a little FaceTime instruction ð¤­

#handstand #donkeykicks #friendshelpingfriendsâ¤ï¸","handstand, donkeykicks, friendshelpingfriends","identity","Day 7 of 30 is a rest day with a little FaceTime instruction ð¤­ #handstand #donkeykicks #friend...",reels.json,/Users/kriskleva/Documents/ModernDayCircusManager/instagram-moderndaycircus-2026-03-09-mDWWVNXF/your_instagram_activity/media/reels.json
reels.json-0.6582227202612139,reel,2026-01-05T11:18:23.000Z,"Sometimes I feel like the kid recruited by the big teamâbrought to Maine for one thing, and discovering a much bigger purpose.

I came to Portland for tech, but stayed for people.

For creativity.
For community.

Through @equalmeasurearts and @thesquareportland, weâre removing the real barriers artists face: money, space, and access. 

We fund studio time, connect creators, and break down silos so musicians, filmmakers, producers, and business minds can actually build together.

This isnât just about recording music.

Itâs about designing an ecosystem where people plug into each other and rise.

If you build the field, the dream shows up.
And Portland is ready. ð¶ð¥â¨

Support the mission â equalmeasurearts.org

Thank you to @portlandmediacenter and @luigi_scarcelli_official_ for using their platform to share our story.","","identity","Sometimes I feel like the kid recruited by the big teamâbrought to Maine for one thing, and dis...",reels.json,/Users/kriskleva/Documents/ModernDayCircusManager/instagram-moderndaycircus-2026-03-09-mDWWVNXF/your_instagram_activity/media/reels.json
reels.json-0.18273752086597028,reel,2026-01-04T20:33:06.000Z,"Grateful to be included this year with some of the real ones at @portlandmediacenter and @luigi_scarcelli_official_ on Portland New Yearâs Eve Live!
What a way to welcome the new year. ð","","identity","Grateful to be included this year with some of the real ones at @portlandmediacenter and @luigi_s...",reels.json,/Users/kriskleva/Documents/ModernDayCircusManager/instagram-moderndaycircus-2026-03-09-mDWWVNXF/your_instagram_activity/media/reels.json
reels.json-0.01987952148233907,reel,2026-01-04T16:03:59.000Z,"Day 6.  Iâm sore AF and reconsidering my life choices.  #handstand #habits #failforward","handstand, habits, failforward","identity","Day 6. Iâm sore AF and reconsidering my life choices. #handstand #habits #failforward",reels.json,/Users/kriskleva/Documents/ModernDayCircusManager/instagram-moderndaycircus-2026-03-09-mDWWVNXF/your_instagram_activity/media/reels.json
reels.json-0.5513079943841708,reel,2026-01-03T13:44:10.000Z,"Handstand ritual day 5 of 30

Last nightâs full moon felt like a mirror ð
Thank you Cancer âï¸ for emotional release

Same routines. 
Same commitments. 
Same me.

Just a little more intentional than yesterday.

My goal was 60 seconds.
I missed it.

So I honored the floor: 30 seconds.

Thatâs the habit stack.

You donât quitâyou adjust, you show up, you keep the promise in a smaller way.

Weâll see what next Saturday brings.

Progress doesnât need perfection. It needs presence.
#habits #handstand #fullmoon #vibeaura #soundtherapy","habits, handstand, fullmoon, vibeaura, soundtherapy","identity","Handstand ritual day 5 of 30 Last nightâs full moon felt like a mirror ð Thank you Cancer â...",reels.json,/Users/kriskleva/Documents/ModernDayCircusManager/instagram-moderndaycircus-2026-03-09-mDWWVNXF/your_instagram_activity/media/reels.json
reels.json-0.01475173791339568,reel,2026-01-02T13:13:12.000Z,"Day 4 of 30.

Kick up accomplished ðªð¾","","identity","Day 4 of 30. Kick up accomplished ðªð¾",reels.json,/Users/kriskleva/Documents/ModernDayCircusManager/instagram-moderndaycircus-2026-03-09-mDWWVNXF/your_instagram_activity/media/reels.json
reels.json-0.358114461082355,reel,2026-01-02T10:51:14.000Z,"Get away with me as I step into a place that once lived only in my mindâand is now unfolding on camera.

A place that lived in my imagination and is now being revealed through my art, my body â leading to deep healing of my soul.

Hereâs to a new year. 

Same me. 
A little more show. 
A lot more intention.

Skin care by @esthetic.medspa 

Leathers by @j.m.syron @harleydavidson 

Body by @hotworxsouthportlandsopo @f45_training_westbrookcrossing 

#grwm #skinmedica #llbeanboots #soldejaneiro #leathers","grwm, skinmedica, llbeanboots, soldejaneiro, leathers","identity","Get away with me as I step into a place that once lived only in my mindâand is now unfolding on...",reels.json,/Users/kriskleva/Documents/ModernDayCircusManager/instagram-moderndaycircus-2026-03-09-mDWWVNXF/your_instagram_activity/media/reels.json
reels.json-0.08204189567771891,reel,2026-01-01T21:43:00.000Z,"Luxury Leathers by @j.m.syron","","identity","Luxury Leathers by @j.m.syron",reels.json,/Users/kriskleva/Documents/ModernDayCircusManager/instagram-moderndaycircus-2026-03-09-mDWWVNXF/your_instagram_activity/media/reels.json
reels.json-0.4159758262404847,reel,2026-01-01T17:57:27.000Z,"Handstand failure starts with lots of headstand failures. 

Here is enjoying something you suck at.","","identity","Handstand failure starts with lots of headstand failures. Here is enjoying something you suck at.",reels.json,/Users/kriskleva/Documents/ModernDayCircusManager/instagram-moderndaycircus-2026-03-09-mDWWVNXF/your_instagram_activity/media/reels.json
reels.json-0.45543969232377446,reel,2025-12-31T14:03:26.000Z,"Handstand failures day, two of 30","","identity","Handstand failures day, two of 30",reels.json,/Users/kriskleva/Documents/ModernDayCircusManager/instagram-moderndaycircus-2026-03-09-mDWWVNXF/your_instagram_activity/media/reels.json
reels.json-0.7748744304789348,reel,2025-12-30T22:31:38.000Z,"The Hollidays burned me out this year and the central decoration of the season has met a fitting conclusion #burningtree","burningtree","identity","The Hollidays burned me out this year and the central decoration of the season has met a fitting ...",reels.json,/Users/kriskleva/Documents/ModernDayCircusManager/instagram-moderndaycircus-2026-03-09-mDWWVNXF/your_instagram_activity/media/reels.json
reels.json-0.9790125230380253,reel,2025-12-29T16:02:53.000Z,"Failure isnât the opposite of progress.
It is the process.

So hereâs my next challenge:
Iâm teaching myself a handstand.

Iâm 6â4â.
Iâm ~240 lbs.
Iâm 48 years old.

Iâve been building upper-body strength, balance, and the small stabilizers that donât get much loveâ¦ and I think Iâm ready to try.

Not to be perfect.
Not to go viral.
But to practice showing up.

For the next 3 days, Iâll learn what feels impossible.
For the next 30 days, you get to watch me fail forward.
And by summer?
I plan to be upside down on a beach somewhere.

Grit. Consistency. Curiosity.
Letâs go.","","identity","Failure isnât the opposite of progress. It is the process. So hereâs my next challenge: Iâm...",reels.json,/Users/kriskleva/Documents/ModernDayCircusManager/instagram-moderndaycircus-2026-03-09-mDWWVNXF/your_instagram_activity/media/reels.json
reels.json-0.9992645695772984,reel,2025-12-28T19:44:28.000Z,"Grit isnât talent.
Itâs repetition.

Itâs doing the thing youâre bad at
over
and over
and over again.

Not because it feels good.
But because it matters.

Failure isnât a signal to stop.
Itâs feedback.
Itâs the weight on the bar.
Itâs how the muscle grows.

Thereâs a reason I keep coming back to the work of Angela Duckworth and her book Gritâbecause the science is clear:
resilience is trainable.

If this season feels heavyâ
your job,
your family,
your heart,
or just the moon pulling things looseâ

this is your reminder:
You donât rebuild by waiting.
You rebuild by showing up again.

2026 isnât about becoming someone else.
Itâs about becoming stronger at being you.

Keep going.
Even when itâs awkward.
Especially when itâs hard.

#Grit #Resilience #FailForward #TrainTheMind #DoItAgain","grit, resilience, failforward, trainthemind, doitagain","identity","Grit isnât talent. Itâs repetition. Itâs doing the thing youâre bad at over and over and ...",reels.json,/Users/kriskleva/Documents/ModernDayCircusManager/instagram-moderndaycircus-2026-03-09-mDWWVNXF/your_instagram_activity/media/reels.json
reels.json-0.5524211563245454,reel,2025-12-28T04:37:40.000Z,"Very few people are given the chance to be born again.

Red light doesnât just relax you â
it reminds your cells who they were designed to be.

This is the moment you decide 
to give up whatâs heavy, 
whatâs loud, 
whatâs been living rent-free in your nervous system.

Leave behind the static.
Clear the signal.

Let your body regenerate what your mind is ready to release.

This journey isnât coming.
Itâs already here. ð´â¨

#redlighttherapy #transformation #skincareroutine #mentalwellnessmatters","redlighttherapy, transformation, skincareroutine, mentalwellnessmatters","identity","Very few people are given the chance to be born again. Red light doesnât just relax you â it ...",reels.json,/Users/kriskleva/Documents/ModernDayCircusManager/instagram-moderndaycircus-2026-03-09-mDWWVNXF/your_instagram_activity/media/reels.json
reels.json-0.7916692160330894,reel,2025-12-26T18:20:53.000Z,"Food prep for the week, enjoying the fruits of my laborâand my questionable kitchen choreography.

Mobility, flexibility, and dancing like no oneâs watchingâ¦ except the fridge and the internet.","","identity","Food prep for the week, enjoying the fruits of my laborâand my questionable kitchen choreograph...",reels.json,/Users/kriskleva/Documents/ModernDayCircusManager/instagram-moderndaycircus-2026-03-09-mDWWVNXF/your_instagram_activity/media/reels.json
reels.json-0.5392079119483821,reel,2025-12-25T12:38:19.000Z,"This Christmas, I Chose to Be the Gift.

Look at yourself in the mirror today and say it out loud:
âI matter. My presence matters. I am the gift.â

Because no one else can give the world your presence.

The holidays can quietly turn us into servants of loveâ
meeting needs, fulfilling wishes, holding space, making everyone else smile.

And thereâs real joy in that. Dopamine. Purpose. Belonging.

But this year, Iâm choosing something just as sacred.

Time to enjoy myself.
My creativity.
My imagination.

The silly, vibrant, sexy world I once only carried in my head.

This Christmas, Iâm practicing something radical and gentle â seeing myself not as what I give awayâbut as what I bring.

So today, I wrapped myself as a reminder:
I matter. My presence matters. I am the gift.

And if youâre watching thisâ
I hope you try it on too.

Merry Christmas ðð","","identity","This Christmas, I Chose to Be the Gift. Look at yourself in the mirror today and say it out loud:...",reels.json,/Users/kriskleva/Documents/ModernDayCircusManager/instagram-moderndaycircus-2026-03-09-mDWWVNXF/your_instagram_activity/media/reels.json
reels.json-0.23806696958949924,reel,2025-12-24T19:01:56.000Z,"Part 3 Plunge","","identity","Part 3 Plunge",reels.json,/Users/kriskleva/Documents/ModernDayCircusManager/instagram-moderndaycircus-2026-03-09-mDWWVNXF/your_instagram_activity/media/reels.json
reels.json-0.8366144154360087,reel,2025-12-24T17:23:07.000Z,"Part 2 FPV","","identity","Part 2 FPV",reels.json,/Users/kriskleva/Documents/ModernDayCircusManager/instagram-moderndaycircus-2026-03-09-mDWWVNXF/your_instagram_activity/media/reels.json
reels.json-0.5084341061108382,reel,2025-12-24T15:07:59.000Z,"Iâve been craving this for a while.
The edge between heat and cold.
Fire and snow.
Presence and risk.

Today isnât about performance.
Itâs about being in my body long enough to hear what itâs been trying to say.

Iâm building the fire.
The ritual comes next.

Part 1 of 3
Stay tuned.","","identity","Iâve been craving this for a while. The edge between heat and cold. Fire and snow. Presence and...",reels.json,/Users/kriskleva/Documents/ModernDayCircusManager/instagram-moderndaycircus-2026-03-09-mDWWVNXF/your_instagram_activity/media/reels.json
reels.json-0.3943598498300269,reel,2025-12-23T09:01:37.000Z,"Iâve been sitting with something lately.

In relational therapy, they talk about rupture and repair â the idea that itâs not the absence of failure that builds trust, intimacy, or growthâ¦ itâs what we do after we fall on our face.

Angela Duckworth calls it GRIT: passion + perseverance over time. Not perfection. Not talent. Time in the arena. Time eating a little dirt.

Failure isnât a verdict.
Itâs feedback.
Itâs information.
Itâs the place where we finally stop performing and start becoming.

When things fall apart, thereâs always a fifty percent we bring to the table. 

Thatâs not blame â thatâs power. Thatâs agency. Thatâs where growth lives.

And hereâs the part we donât talk about enough â FAILURE can actually bring JOY.

Not because it feels good in the moment â but because it carries anticipation.

Anticipation that youâre learning.
Anticipation that youâre getting closer.
Anticipation that this version of you wonât be the final release.

So fail fast.
Fail honestly.
Fail with curiosity instead of shame.

Then repair.
Refactor.

And release the next iteration of yourself â a little more grounded, a little more resilient, a little more you.

Iâm rooting for you. Always.","","identity","Iâve been sitting with something lately. In relational therapy, they talk about rupture and rep...",reels.json,/Users/kriskleva/Documents/ModernDayCircusManager/instagram-moderndaycircus-2026-03-09-mDWWVNXF/your_instagram_activity/media/reels.json
reels.json-0.333943212232545,reel,2025-12-22T21:57:46.000Z,"Im chasing alignment in the sauna nowadays, and instead of distractions, Iâm moving through my chakras â one tone at a time.

Root Chakra â grounding, reminding my body itâs safe, strong and stable.

Sacral â letting creativity and emotion flow without chasing.

Solar Plexus â confidence, discipline, personal powerâ¦ choosing presence over pressure.

Heart Chakra â softening, opening, breathing through gratitude soul connections in love.

Throat â clearing my voice, speaking my truth without apology or shame.

Third Eye â sharpening intuition, trusting what I already know and see in my manifestation

Crown â connection, perspective, surrender.

Heat moves the body.
Frequency moves the energy.
When I give both intention, alignment follows.

This is how I ride.
This is how I reset.
This is how I come back to center.

ð¥ð§ð¾ââï¸â¨

#HOTWORX #VibeAura #ChakraAlignment #IntentionalMovement MindBodyConnection HeatTherapy NervousSystemReset","hotworx, vibeaura, chakraalignment, intentionalmovement","identity","Im chasing alignment in the sauna nowadays, and instead of distractions, Iâm moving through my ...",reels.json,/Users/kriskleva/Documents/ModernDayCircusManager/instagram-moderndaycircus-2026-03-09-mDWWVNXF/your_instagram_activity/media/reels.json
reels.json-0.5756343169293001,reel,2025-12-19T10:54:48.000Z,"Hereâs why I start my daily self care routine around 4am.

When life gets full â responsibilities, pressure, people depending on you â your health doesnât magically stay protected.

You have to choose it.
You have to schedule it.

So I train while the world sleeps.

Because if I donât make time for myself, no one else will.

ðªð","","identity","Hereâs why I start my daily self care routine around 4am. When life gets full â responsibilit...",reels.json,/Users/kriskleva/Documents/ModernDayCircusManager/instagram-moderndaycircus-2026-03-09-mDWWVNXF/your_instagram_activity/media/reels.json
reels.json-0.8485472347157323,reel,2025-12-17T20:11:25.000Z,"Me looking great in luxury leathers by @j.m.syron

Fun story.  When I was in my 20s working Ecom for Abercrombie and Fitch they used to ask me to be a fit model. 

Amazing how things come around a full half life later setting the same goal at nearly 50.","","identity","Me looking great in luxury leathers by @j.m.syron Fun story. When I was in my 20s working Ecom fo...",reels.json,/Users/kriskleva/Documents/ModernDayCircusManager/instagram-moderndaycircus-2026-03-09-mDWWVNXF/your_instagram_activity/media/reels.json
reels.json-0.22604828501204532,reel,2025-12-17T15:02:45.000Z,"Before I reach for my phone or my thoughts,
I take a few minutes to tune my nervous system.

Sound does something simple for me â
it slows me down.
It signals safety.

It helps my body move out of fight-or-flight and into rest, digest, and clarity.

Iâm not trying to fix anything.
Iâm just creating the conditions for balance.

When I start the day regulated,
my breath is deeper,
my reactions are softer, 
and my mind feels less crowded.

This is part of my daily maintenance â
like stretching, hydration, or silence.
A way to listen instead of rush.
To respond instead of react.

This is how I get out of bed now.
Tuned.
Present.
Clear enough to meet the day as it is.","","identity","Before I reach for my phone or my thoughts, I take a few minutes to tune my nervous system. Sound...",reels.json,/Users/kriskleva/Documents/ModernDayCircusManager/instagram-moderndaycircus-2026-03-09-mDWWVNXF/your_instagram_activity/media/reels.json
reels.json-0.02824019262134958,reel,2025-12-15T11:45:00.000Z,"Iâm rehearsing for something amazing Iâve been secretly manifesting and telling only my closest friends about. 

Here is a lil hint.  Stay tuned for the Christmas magic.","","identity","Iâm rehearsing for something amazing Iâve been secretly manifesting and telling only my close...",reels.json,/Users/kriskleva/Documents/ModernDayCircusManager/instagram-moderndaycircus-2026-03-09-mDWWVNXF/your_instagram_activity/media/reels.json
reels.json-0.47117248479150087,reel,2025-12-12T11:03:00.000Z,"Itâs been a lonely Christmas at home this year for me. 

Very emotional, turbulent times have had me hyper-focused on myselfâmy creativity, my healing, my purpose.

But like any true clown, I know how to step into the costume, paint my mask, and stay present for the ride. 

Joy and grief donât cancel each other outâthey share the same show.

So if you see my smile a little crooked, or the makeup slightly smudged, know itâs honest. 

The bubble is still here. 
Still creating. 
Still laughing. 
Still becoming.

And honestlyâwhatâs a circus without a little beautiful mess?","","identity","Itâs been a lonely Christmas at home this year for me. Very emotional, turbulent times have had...",reels.json,/Users/kriskleva/Documents/ModernDayCircusManager/instagram-moderndaycircus-2026-03-09-mDWWVNXF/your_instagram_activity/media/reels.json
reels.json-0.15503219891333386,reel,2025-12-10T14:55:26.000Z,"Yesterday I talked about how underestimating people is the fastest way to fumble opportunities.

But hereâs the twist I had to face myselfâ¦
the person I was underestimating the most was me.

All those little thoughts â
âI donât look like them.â
âI donât dress like them.â
âMy life isnât polished enough.â
Thatâs not humility.
Thatâs self-sabotage dressed up as realism.

If you said those things to someone else, theyâd walk away.

So why speak to yourself like that?

This version of me is choosing to level up.

Choosing to believe I belong in the rooms I walk into.

Choosing to stop treating myself like the weakest character in my own video game.

Never underestimate the people around you.

But most importantly â never underestimate yourself.

Letâs embrace failure and transform one version at a time.","","identity","Yesterday I talked about how underestimating people is the fastest way to fumble opportunities. B...",reels.json,/Users/kriskleva/Documents/ModernDayCircusManager/instagram-moderndaycircus-2026-03-09-mDWWVNXF/your_instagram_activity/media/reels.json
reels.json-0.7294378157579502,reel,2025-12-09T22:47:21.000Z,"Never underestimate the people you say you care about.

Everyone carries a kind of power you canât always see â emotional, intellectual, spiritual.

The moment you underestimate someone, you put yourself at a disadvantage.

This is why The Four Agreements matter:
âï¸ Be impeccable with your word
âï¸ Donât take things personally
âï¸ Donât make assumptions
âï¸ Always do your best

Respect isnât weakness.
Itâs awareness.
Itâs alignment.
Itâs strength.","","identity","Never underestimate the people you say you care about. Everyone carries a kind of power you canâ...",reels.json,/Users/kriskleva/Documents/ModernDayCircusManager/instagram-moderndaycircus-2026-03-09-mDWWVNXF/your_instagram_activity/media/reels.json
reels.json-0.8365998618091428,reel,2025-12-09T14:38:30.000Z,"Fasting became my quiet rebellion against food trauma in my household. 

A semi-toxic self serving ritual Iâll admitâ¦ but way to prove to myself that I can design my body with the same intention I design my life.

Every fast is a reminder:

Food canât replace connection, we love ourselves so we prepare nourishment as a gift to each other.

I am not driven by impulse â
I am powered by clarity, control, and consciousness.

This is my health journey in real time.  I eat when my body feels Iâve depleted the intentional energy I consume 

My body.
My terms.
My transformation.

#transformation fasting","transformation","identity","Fasting became my quiet rebellion against food trauma in my household. A semi-toxic self serving ...",reels.json,/Users/kriskleva/Documents/ModernDayCircusManager/instagram-moderndaycircus-2026-03-09-mDWWVNXF/your_instagram_activity/media/reels.json
reels.json-0.55168722647874,reel,2025-12-09T03:53:46.000Z,"In order for me to go from one level of my life to the nextâ¦

the version of health I want has to be greater than the comfort Iâve been settling for.

Humans donât transition when theyâre comfortable.

We only rise when we look at the level weâre on and finally say,
âEnough.â

I stopped eating from habits that kept me stuck.

I stopped living inside abandoned versions of myself.

I got tired â not of the work â but of the old level I owned.

Thatâs when the shift happens.

Some of us stay stuck because we get content.

Because being tired feels easier than being transformed.

But Iâm done accepting the life that was handed to me.

Iâm building the one I was meant to live â
through discipline, through sweat, through choosing myself again and again.

This is my next level.
#transformation","transformation","identity","In order for me to go from one level of my life to the nextâ¦ the version of health I want has t...",reels.json,/Users/kriskleva/Documents/ModernDayCircusManager/instagram-moderndaycircus-2026-03-09-mDWWVNXF/your_instagram_activity/media/reels.json
reels.json-0.7514243849095961,reel,2025-11-20T12:38:02.000Z,"I love the new booty shakah at @hotworxsouthportlandsopo 

I have no idea if Iâm doing it right or what it is for but itâs fun anyway.  Did it for about 10 minutes every week so let me know if itâs working ð","","identity","I love the new booty shakah at @hotworxsouthportlandsopo I have no idea if Iâm doing it right o...",reels.json,/Users/kriskleva/Documents/ModernDayCircusManager/instagram-moderndaycircus-2026-03-09-mDWWVNXF/your_instagram_activity/media/reels.json
reels.json-0.6630399100738182,reel,2025-09-23T17:07:34.000Z,"Lost in the multiverse","","identity","Lost in the multiverse",reels.json,/Users/kriskleva/Documents/ModernDayCircusManager/instagram-moderndaycircus-2026-03-09-mDWWVNXF/your_instagram_activity/media/reels.json
reels.json-0.3008284740545719,reel,2025-09-22T00:51:13.000Z,"Great to be back at @redrocksco","","identity","Great to be back at @redrocksco",reels.json,/Users/kriskleva/Documents/ModernDayCircusManager/instagram-moderndaycircus-2026-03-09-mDWWVNXF/your_instagram_activity/media/reels.json
reels.json-0.9406979179148456,reel,2025-06-11T15:40:22.000Z,"âDance. Burn. Rise.â
tinyurl.com/FiyahCeremony

Iâd like to invite you to join our sunrise journey through hydrotherapy, music, fire ritual, and embodied expression. 

Awaken your senses, release the past, and move boldly into the rest of your day.

What to Expect:
ð§ð½ââï¸ Hydrotherapy & Sauna Sessions | ð¿ Herbal Elixirs

ð Live musical meditation and Sunrise Dance with Felecia Cruz

ð¥ Fire ritual & creative release with Cinnamon BrÃ»lÃ©e

ðºDaily Sigma reset with Golydn Gambit

ð£ï¸ Open circle discussion on music, art, emotion & entrepreneurship

âLeave what no longer serves you in the flame. Rise renewed. Create whatâs next.â

Start times to accommodate your busy schedule:

5:00 am
6:00 am
7:00 am
8:00 am

Link in bio:
tinyurl.com/FiyahCeremony","","identity","âDance. Burn. Rise.â tinyurl.com/FiyahCeremony Iâd like to invite you to join our sunrise j...",reels.json,/Users/kriskleva/Documents/ModernDayCircusManager/instagram-moderndaycircus-2026-03-09-mDWWVNXF/your_instagram_activity/media/reels.json
reels.json-0.9132885132559359,reel,2025-06-07T20:14:33.000Z,"","","identity","",reels.json,/Users/kriskleva/Documents/ModernDayCircusManager/instagram-moderndaycircus-2026-03-09-mDWWVNXF/your_instagram_activity/media/reels.json
reels.json-0.039587625882092414,reel,2025-05-30T21:39:55.000Z,"Wellness is my new love language - it's all about self-love, love for my partner, and a healthy dose of competition. I mean, who doesn't want to be able to throw down day or night? I feel fortunate for fantastic workout buddies, amazing facilities and functional medicine to help me stay on top ð","","identity","Wellness is my new love language - it's all about self-love, love for my partner, and a healthy d...",reels.json,/Users/kriskleva/Documents/ModernDayCircusManager/instagram-moderndaycircus-2026-03-09-mDWWVNXF/your_instagram_activity/media/reels.json
countdowns.json-0.5929402653813693,unknown,2026-02-06T00:00:38.000Z,"","","identity","",countdowns.json,/Users/kriskleva/Documents/ModernDayCircusManager/instagram-moderndaycircus-2026-03-09-mDWWVNXF/your_instagram_activity/story_interactions/countdowns.json
countdowns.json-0.2826742928984749,unknown,2025-06-13T08:58:05.000Z,"","","identity","",countdowns.json,/Users/kriskleva/Documents/ModernDayCircusManager/instagram-moderndaycircus-2026-03-09-mDWWVNXF/your_instagram_activity/story_interactions/countdowns.json
emoji_sliders.json-0.6258118746971091,unknown,2026-01-15T17:27:33.000Z,"100","","identity","100",emoji_sliders.json,/Users/kriskleva/Documents/ModernDayCircusManager/instagram-moderndaycircus-2026-03-09-mDWWVNXF/your_instagram_activity/story_interactions/emoji_sliders.json
emoji_sliders.json-0.9302232294777131,unknown,2025-12-02T10:05:32.000Z,"100","","identity","100",emoji_sliders.json,/Users/kriskleva/Documents/ModernDayCircusManager/instagram-moderndaycircus-2026-03-09-mDWWVNXF/your_instagram_activity/story_interactions/emoji_sliders.json
emoji_sliders.json-0.5800241056903874,unknown,2025-11-29T12:14:41.000Z,"100","","identity","100",emoji_sliders.json,/Users/kriskleva/Documents/ModernDayCircusManager/instagram-moderndaycircus-2026-03-09-mDWWVNXF/your_instagram_activity/story_interactions/emoji_sliders.json
emoji_sliders.json-0.7461857522599986,unknown,2025-10-20T17:45:45.000Z,"100","","identity","100",emoji_sliders.json,/Users/kriskleva/Documents/ModernDayCircusManager/instagram-moderndaycircus-2026-03-09-mDWWVNXF/your_instagram_activity/story_interactions/emoji_sliders.json
polls.json-0.6913665065203716,unknown,2026-03-05T12:09:39.000Z,"Saturday day time Yart sale","","identity","Saturday day time Yart sale",polls.json,/Users/kriskleva/Documents/ModernDayCircusManager/instagram-moderndaycircus-2026-03-09-mDWWVNXF/your_instagram_activity/story_interactions/polls.json
polls.json-0.7395784494845403,unknown,2026-03-05T12:09:35.000Z,"Got snacks?","","identity","Got snacks?",polls.json,/Users/kriskleva/Documents/ModernDayCircusManager/instagram-moderndaycircus-2026-03-09-mDWWVNXF/your_instagram_activity/story_interactions/polls.json
polls.json-0.003510362145666246,unknown,2026-01-17T03:44:07.000Z,"Absolutely! ð¥","","identity","Absolutely! ð¥",polls.json,/Users/kriskleva/Documents/ModernDayCircusManager/instagram-moderndaycircus-2026-03-09-mDWWVNXF/your_instagram_activity/story_interactions/polls.json
polls.json-0.09512253381149738,unknown,2026-01-17T03:17:57.000Z,"y e s","","identity","y e s",polls.json,/Users/kriskleva/Documents/ModernDayCircusManager/instagram-moderndaycircus-2026-03-09-mDWWVNXF/your_instagram_activity/story_interactions/polls.json
polls.json-0.5768205575103742,unknown,2026-01-15T17:27:54.000Z,"4-5k","","identity","4-5k",polls.json,/Users/kriskleva/Documents/ModernDayCircusManager/instagram-moderndaycircus-2026-03-09-mDWWVNXF/your_instagram_activity/story_interactions/polls.json
polls.json-0.07291550624656429,unknown,2026-01-15T17:27:48.000Z,"Share a room with handstand bestie","","identity","Share a room with handstand bestie",polls.json,/Users/kriskleva/Documents/ModernDayCircusManager/instagram-moderndaycircus-2026-03-09-mDWWVNXF/your_instagram_activity/story_interactions/polls.json
polls.json-0.9661559417539414,unknown,2026-01-15T17:27:41.000Z,"8-10 Days","","identity","8-10 Days",polls.json,/Users/kriskleva/Documents/ModernDayCircusManager/instagram-moderndaycircus-2026-03-09-mDWWVNXF/your_instagram_activity/story_interactions/polls.json
polls.json-0.4465128889745542,unknown,2025-05-06T23:39:03.000Z,"ð¥ ","","identity","ð¥",polls.json,/Users/kriskleva/Documents/ModernDayCircusManager/instagram-moderndaycircus-2026-03-09-mDWWVNXF/your_instagram_activity/story_interactions/polls.json
polls.json-0.9816139332544627,unknown,2025-03-25T11:23:05.000Z,"Post office","","identity","Post office",polls.json,/Users/kriskleva/Documents/ModernDayCircusManager/instagram-moderndaycircus-2026-03-09-mDWWVNXF/your_instagram_activity/story_interactions/polls.json
questions.json-0.7639533628672692,unknown,2025-08-15T09:19:49.000Z,"","","identity","",questions.json,/Users/kriskleva/Documents/ModernDayCircusManager/instagram-moderndaycircus-2026-03-09-mDWWVNXF/your_instagram_activity/story_interactions/questions.json
questions.json-0.6031977695861985,unknown,2025-03-10T13:01:35.000Z,"","","identity","",questions.json,/Users/kriskleva/Documents/ModernDayCircusManager/instagram-moderndaycircus-2026-03-09-mDWWVNXF/your_instagram_activity/story_interactions/questions.json
story_likes.json-0.3783804444337837,unknown,2026-03-09T12:10:17.000Z,"","","identity","",story_likes.json,/Users/kriskleva/Documents/ModernDayCircusManager/instagram-moderndaycircus-2026-03-09-mDWWVNXF/your_instagram_activity/story_interactions/story_likes.json
story_likes.json-0.91160176264052,unknown,2026-03-09T11:48:31.000Z,"","","identity","",story_likes.json,/Users/kriskleva/Documents/ModernDayCircusManager/instagram-moderndaycircus-2026-03-09-mDWWVNXF/your_instagram_activity/story_interactions/story_likes.json
story_likes.json-0.48874111799761555,unknown,2026-03-09T11:48:18.000Z,"","","identity","",story_likes.json,/Users/kriskleva/Documents/ModernDayCircusManager/instagram-moderndaycircus-2026-03-09-mDWWVNXF/your_instagram_activity/story_interactions/story_likes.json
story_likes.json-0.7226907225605181,unknown,2026-03-08T12:56:41.000Z,"","","identity","",story_likes.json,/Users/kriskleva/Documents/ModernDayCircusManager/instagram-moderndaycircus-2026-03-09-mDWWVNXF/your_instagram_activity/story_interactions/story_likes.json
story_likes.json-0.08832702902255507,unknown,2026-03-07T19:47:29.000Z,"","","identity","",story_likes.json,/Users/kriskleva/Documents/ModernDayCircusManager/instagram-moderndaycircus-2026-03-09-mDWWVNXF/your_instagram_activity/story_interactions/story_likes.json
story_likes.json-0.5319266504135702,unknown,2026-03-07T18:54:07.000Z,"","","identity","",story_likes.json,/Users/kriskleva/Documents/ModernDayCircusManager/instagram-moderndaycircus-2026-03-09-mDWWVNXF/your_instagram_activity/story_interactions/story_likes.json
story_likes.json-0.1353978794538897,unknown,2026-03-07T18:54:04.000Z,"","","identity","",story_likes.json,/Users/kriskleva/Documents/ModernDayCircusManager/instagram-moderndaycircus-2026-03-09-mDWWVNXF/your_instagram_activity/story_interactions/story_likes.json
story_likes.json-0.011915524274678235,unknown,2026-03-07T18:53:54.000Z,"","","identity","",story_likes.json,/Users/kriskleva/Documents/ModernDayCircusManager/instagram-moderndaycircus-2026-03-09-mDWWVNXF/your_instagram_activity/story_interactions/story_likes.json
story_likes.json-0.30835526405601943,unknown,2026-03-07T18:53:48.000Z,"","","identity","",story_likes.json,/Users/kriskleva/Documents/ModernDayCircusManager/instagram-moderndaycircus-2026-03-09-mDWWVNXF/your_instagram_activity/story_interactions/story_likes.json
story_likes.json-0.6156395452090972,unknown,2026-03-06T12:23:10.000Z,"","","identity","",story_likes.json,/Users/kriskleva/Documents/ModernDayCircusManager/instagram-moderndaycircus-2026-03-09-mDWWVNXF/your_instagram_activity/story_interactions/story_likes.json
story_likes.json-0.52841595754761,unknown,2026-03-06T12:22:58.000Z,"","","identity","",story_likes.json,/Users/kriskleva/Documents/ModernDayCircusManager/instagram-moderndaycircus-2026-03-09-mDWWVNXF/your_instagram_activity/story_interactions/story_likes.json
story_likes.json-0.8331062568371965,unknown,2026-03-06T12:21:46.000Z,"","","identity","",story_likes.json,/Users/kriskleva/Documents/ModernDayCircusManager/instagram-moderndaycircus-2026-03-09-mDWWVNXF/your_instagram_activity/story_interactions/story_likes.json
story_likes.json-0.885266863102113,unknown,2026-03-06T12:19:52.000Z,"","","identity","",story_likes.json,/Users/kriskleva/Documents/ModernDayCircusManager/instagram-moderndaycircus-2026-03-09-mDWWVNXF/your_instagram_activity/story_interactions/story_likes.json
story_likes.json-0.8360800603111822,unknown,2026-03-06T12:19:08.000Z,"","","identity","",story_likes.json,/Users/kriskleva/Documents/ModernDayCircusManager/instagram-moderndaycircus-2026-03-09-mDWWVNXF/your_instagram_activity/story_interactions/story_likes.json
story_likes.json-0.5982312772179881,unknown,2026-03-06T12:18:35.000Z,"","","identity","",story_likes.json,/Users/kriskleva/Documents/ModernDayCircusManager/instagram-moderndaycircus-2026-03-09-mDWWVNXF/your_instagram_activity/story_interactions/story_likes.json
story_likes.json-0.521724556869932,unknown,2026-03-06T12:18:14.000Z,"","","identity","",story_likes.json,/Users/kriskleva/Documents/ModernDayCircusManager/instagram-moderndaycircus-2026-03-09-mDWWVNXF/your_instagram_activity/story_interactions/story_likes.json
story_likes.json-0.29765490470345024,unknown,2026-03-06T12:18:12.000Z,"","","identity","",story_likes.json,/Users/kriskleva/Documents/ModernDayCircusManager/instagram-moderndaycircus-2026-03-09-mDWWVNXF/your_instagram_activity/story_interactions/story_likes.json
story_likes.json-0.5592991442299495,unknown,2026-03-06T12:18:09.000Z,"","","identity","",story_likes.json,/Users/kriskleva/Documents/ModernDayCircusManager/instagram-moderndaycircus-2026-03-09-mDWWVNXF/your_instagram_activity/story_interactions/story_likes.json
story_likes.json-0.19961356372477024,unknown,2026-03-06T12:17:53.000Z,"","","identity","",story_likes.json,/Users/kriskleva/Documents/ModernDayCircusManager/instagram-moderndaycircus-2026-03-09-mDWWVNXF/your_instagram_activity/story_interactions/story_likes.json
story_likes.json-0.200820512777244,unknown,2026-03-06T12:17:44.000Z,"","","identity","",story_likes.json,/Users/kriskleva/Documents/ModernDayCircusManager/instagram-moderndaycircus-2026-03-09-mDWWVNXF/your_instagram_activity/story_interactions/story_likes.json
story_likes.json-0.6632052258191237,unknown,2026-03-06T11:59:11.000Z,"","","identity","",story_likes.json,/Users/kriskleva/Documents/ModernDayCircusManager/instagram-moderndaycircus-2026-03-09-mDWWVNXF/your_instagram_activity/story_interactions/story_likes.json
story_likes.json-0.9183983140160579,unknown,2026-03-06T11:59:04.000Z,"","","identity","",story_likes.json,/Users/kriskleva/Documents/ModernDayCircusManager/instagram-moderndaycircus-2026-03-09-mDWWVNXF/your_instagram_activity/story_interactions/story_likes.json
story_likes.json-0.6208286118731603,unknown,2026-03-05T12:09:58.000Z,"","","identity","",story_likes.json,/Users/kriskleva/Documents/ModernDayCircusManager/instagram-moderndaycircus-2026-03-09-mDWWVNXF/your_instagram_activity/story_interactions/story_likes.json
story_likes.json-0.7045399852472087,unknown,2026-03-05T12:09:49.000Z,"","","identity","",story_likes.json,/Users/kriskleva/Documents/ModernDayCircusManager/instagram-moderndaycircus-2026-03-09-mDWWVNXF/your_instagram_activity/story_interactions/story_likes.json
story_likes.json-0.4952052032894434,unknown,2026-03-05T12:08:59.000Z,"","","identity","",story_likes.json,/Users/kriskleva/Documents/ModernDayCircusManager/instagram-moderndaycircus-2026-03-09-mDWWVNXF/your_instagram_activity/story_interactions/story_likes.json
story_likes.json-0.3635969867712796,unknown,2026-03-05T12:08:45.000Z,"","","identity","",story_likes.json,/Users/kriskleva/Documents/ModernDayCircusManager/instagram-moderndaycircus-2026-03-09-mDWWVNXF/your_instagram_activity/story_interactions/story_likes.json
story_likes.json-0.33382719319495324,unknown,2026-03-05T12:08:26.000Z,"","","identity","",story_likes.json,/Users/kriskleva/Documents/ModernDayCircusManager/instagram-moderndaycircus-2026-03-09-mDWWVNXF/your_instagram_activity/story_interactions/story_likes.json
story_likes.json-0.7717355256635476,unknown,2026-03-05T12:08:17.000Z,"","","identity","",story_likes.json,/Users/kriskleva/Documents/ModernDayCircusManager/instagram-moderndaycircus-2026-03-09-mDWWVNXF/your_instagram_activity/story_interactions/story_likes.json
story_likes.json-0.5247254477324581,unknown,2026-03-05T12:08:16.000Z,"","","identity","",story_likes.json,/Users/kriskleva/Documents/ModernDayCircusManager/instagram-moderndaycircus-2026-03-09-mDWWVNXF/your_instagram_activity/story_interactions/story_likes.json
story_likes.json-0.9094959101940185,unknown,2026-03-05T12:08:11.000Z,"","","identity","",story_likes.json,/Users/kriskleva/Documents/ModernDayCircusManager/instagram-moderndaycircus-2026-03-09-mDWWVNXF/your_instagram_activity/story_interactions/story_likes.json
story_likes.json-0.7748691629916871,unknown,2026-03-05T12:07:58.000Z,"","","identity","",story_likes.json,/Users/kriskleva/Documents/ModernDayCircusManager/instagram-moderndaycircus-2026-03-09-mDWWVNXF/your_instagram_activity/story_interactions/story_likes.json
story_likes.json-0.802077041876307,unknown,2026-03-05T11:58:57.000Z,"","","identity","",story_likes.json,/Users/kriskleva/Documents/ModernDayCircusManager/instagram-moderndaycircus-2026-03-09-mDWWVNXF/your_instagram_activity/story_interactions/story_likes.json
story_likes.json-0.9221465471654746,unknown,2026-03-05T11:32:44.000Z,"","","identity","",story_likes.json,/Users/kriskleva/Documents/ModernDayCircusManager/instagram-moderndaycircus-2026-03-09-mDWWVNXF/your_instagram_activity/story_interactions/story_likes.json
story_likes.json-0.9767349787552826,unknown,2026-03-04T18:05:17.000Z,"","","identity","",story_likes.json,/Users/kriskleva/Documents/ModernDayCircusManager/instagram-moderndaycircus-2026-03-09-mDWWVNXF/your_instagram_activity/story_interactions/story_likes.json
story_likes.json-0.8801802356209736,unknown,2026-03-04T12:19:37.000Z,"","","identity","",story_likes.json,/Users/kriskleva/Documents/ModernDayCircusManager/instagram-moderndaycircus-2026-03-09-mDWWVNXF/your_instagram_activity/story_interactions/story_likes.json
story_likes.json-0.41625481184667845,unknown,2026-03-02T17:56:49.000Z,"","","identity","",story_likes.json,/Users/kriskleva/Documents/ModernDayCircusManager/instagram-moderndaycircus-2026-03-09-mDWWVNXF/your_instagram_activity/story_interactions/story_likes.json
story_likes.json-0.7760962608493456,unknown,2026-03-02T17:55:19.000Z,"","","identity","",story_likes.json,/Users/kriskleva/Documents/ModernDayCircusManager/instagram-moderndaycircus-2026-03-09-mDWWVNXF/your_instagram_activity/story_interactions/story_likes.json
story_likes.json-0.8109425770674832,unknown,2026-03-02T17:55:08.000Z,"","","identity","",story_likes.json,/Users/kriskleva/Documents/ModernDayCircusManager/instagram-moderndaycircus-2026-03-09-mDWWVNXF/your_instagram_activity/story_interactions/story_likes.json
story_likes.json-0.32247285345920496,unknown,2026-03-02T17:54:54.000Z,"","","identity","",story_likes.json,/Users/kriskleva/Documents/ModernDayCircusManager/instagram-moderndaycircus-2026-03-09-mDWWVNXF/your_instagram_activity/story_interactions/story_likes.json
story_likes.json-0.09488433849472155,unknown,2026-03-02T11:45:19.000Z,"","","identity","",story_likes.json,/Users/kriskleva/Documents/ModernDayCircusManager/instagram-moderndaycircus-2026-03-09-mDWWVNXF/your_instagram_activity/story_interactions/story_likes.json
story_likes.json-0.5008769980606707,unknown,2026-03-02T11:45:14.000Z,"","","identity","",story_likes.json,/Users/kriskleva/Documents/ModernDayCircusManager/instagram-moderndaycircus-2026-03-09-mDWWVNXF/your_instagram_activity/story_interactions/story_likes.json
story_likes.json-0.7867060085244626,unknown,2026-03-02T11:44:55.000Z,"","","identity","",story_likes.json,/Users/kriskleva/Documents/ModernDayCircusManager/instagram-moderndaycircus-2026-03-09-mDWWVNXF/your_instagram_activity/story_interactions/story_likes.json
story_likes.json-0.37462187871998864,unknown,2026-03-02T11:44:32.000Z,"","","identity","",story_likes.json,/Users/kriskleva/Documents/ModernDayCircusManager/instagram-moderndaycircus-2026-03-09-mDWWVNXF/your_instagram_activity/story_interactions/story_likes.json
story_likes.json-0.0775902892311735,unknown,2026-03-02T11:44:11.000Z,"","","identity","",story_likes.json,/Users/kriskleva/Documents/ModernDayCircusManager/instagram-moderndaycircus-2026-03-09-mDWWVNXF/your_instagram_activity/story_interactions/story_likes.json
story_likes.json-0.938039390415172,unknown,2026-03-02T11:44:06.000Z,"","","identity","",story_likes.json,/Users/kriskleva/Documents/ModernDayCircusManager/instagram-moderndaycircus-2026-03-09-mDWWVNXF/your_instagram_activity/story_interactions/story_likes.json
story_likes.json-0.7945975254213229,unknown,2026-03-02T11:44:03.000Z,"","","identity","",story_likes.json,/Users/kriskleva/Documents/ModernDayCircusManager/instagram-moderndaycircus-2026-03-09-mDWWVNXF/your_instagram_activity/story_interactions/story_likes.json
story_likes.json-0.7073337502554979,unknown,2026-03-02T11:44:02.000Z,"","","identity","",story_likes.json,/Users/kriskleva/Documents/ModernDayCircusManager/instagram-moderndaycircus-2026-03-09-mDWWVNXF/your_instagram_activity/story_interactions/story_likes.json
story_likes.json-0.8047898637594757,unknown,2026-03-02T11:43:56.000Z,"","","identity","",story_likes.json,/Users/kriskleva/Documents/ModernDayCircusManager/instagram-moderndaycircus-2026-03-09-mDWWVNXF/your_instagram_activity/story_interactions/story_likes.json
story_likes.json-0.17507092271291502,unknown,2026-03-02T11:43:29.000Z,"","","identity","",story_likes.json,/Users/kriskleva/Documents/ModernDayCircusManager/instagram-moderndaycircus-2026-03-09-mDWWVNXF/your_instagram_activity/story_interactions/story_likes.json
story_likes.json-0.28027709065562956,unknown,2026-03-02T11:38:25.000Z,"","","identity","",story_likes.json,/Users/kriskleva/Documents/ModernDayCircusManager/instagram-moderndaycircus-2026-03-09-mDWWVNXF/your_instagram_activity/story_interactions/story_likes.json
story_likes.json-0.35601808885526576,unknown,2026-03-02T11:38:09.000Z,"","","identity","",story_likes.json,/Users/kriskleva/Documents/ModernDayCircusManager/instagram-moderndaycircus-2026-03-09-mDWWVNXF/your_instagram_activity/story_interactions/story_likes.json
story_likes.json-0.5765848827998235,unknown,2026-03-02T11:37:40.000Z,"","","identity","",story_likes.json,/Users/kriskleva/Documents/ModernDayCircusManager/instagram-moderndaycircus-2026-03-09-mDWWVNXF/your_instagram_activity/story_interactions/story_likes.json
story_likes.json-0.769039994281649,unknown,2026-03-02T11:37:38.000Z,"","","identity","",story_likes.json,/Users/kriskleva/Documents/ModernDayCircusManager/instagram-moderndaycircus-2026-03-09-mDWWVNXF/your_instagram_activity/story_interactions/story_likes.json
story_likes.json-0.9553480911222736,unknown,2026-03-02T11:15:48.000Z,"","","identity","",story_likes.json,/Users/kriskleva/Documents/ModernDayCircusManager/instagram-moderndaycircus-2026-03-09-mDWWVNXF/your_instagram_activity/story_interactions/story_likes.json
story_likes.json-0.30817407307422484,unknown,2026-03-02T11:15:38.000Z,"","","identity","",story_likes.json,/Users/kriskleva/Documents/ModernDayCircusManager/instagram-moderndaycircus-2026-03-09-mDWWVNXF/your_instagram_activity/story_interactions/story_likes.json
story_likes.json-0.3467162711166858,unknown,2026-03-02T11:13:30.000Z,"","","identity","",story_likes.json,/Users/kriskleva/Documents/ModernDayCircusManager/instagram-moderndaycircus-2026-03-09-mDWWVNXF/your_instagram_activity/story_interactions/story_likes.json
story_likes.json-0.515605757872756,unknown,2026-03-02T03:38:57.000Z,"","","identity","",story_likes.json,/Users/kriskleva/Documents/ModernDayCircusManager/instagram-moderndaycircus-2026-03-09-mDWWVNXF/your_instagram_activity/story_interactions/story_likes.json
story_likes.json-0.5581920546703285,unknown,2026-03-02T03:20:11.000Z,"","","identity","",story_likes.json,/Users/kriskleva/Documents/ModernDayCircusManager/instagram-moderndaycircus-2026-03-09-mDWWVNXF/your_instagram_activity/story_interactions/story_likes.json
story_likes.json-0.8758486421657703,unknown,2026-03-01T20:57:24.000Z,"","","identity","",story_likes.json,/Users/kriskleva/Documents/ModernDayCircusManager/instagram-moderndaycircus-2026-03-09-mDWWVNXF/your_instagram_activity/story_interactions/story_likes.json
story_likes.json-0.22045795188370598,unknown,2026-03-01T20:56:50.000Z,"","","identity","",story_likes.json,/Users/kriskleva/Documents/ModernDayCircusManager/instagram-moderndaycircus-2026-03-09-mDWWVNXF/your_instagram_activity/story_interactions/story_likes.json
story_likes.json-0.008744579923663842,unknown,2026-03-01T20:56:11.000Z,"","","identity","",story_likes.json,/Users/kriskleva/Documents/ModernDayCircusManager/instagram-moderndaycircus-2026-03-09-mDWWVNXF/your_instagram_activity/story_interactions/story_likes.json
story_likes.json-0.2762896404165984,unknown,2026-03-01T20:56:01.000Z,"","","identity","",story_likes.json,/Users/kriskleva/Documents/ModernDayCircusManager/instagram-moderndaycircus-2026-03-09-mDWWVNXF/your_instagram_activity/story_interactions/story_likes.json
story_likes.json-0.6084023561699938,unknown,2026-02-28T03:53:54.000Z,"","","identity","",story_likes.json,/Users/kriskleva/Documents/ModernDayCircusManager/instagram-moderndaycircus-2026-03-09-mDWWVNXF/your_instagram_activity/story_interactions/story_likes.json
story_likes.json-0.5211702995323961,unknown,2026-02-28T00:13:30.000Z,"","","identity","",story_likes.json,/Users/kriskleva/Documents/ModernDayCircusManager/instagram-moderndaycircus-2026-03-09-mDWWVNXF/your_instagram_activity/story_interactions/story_likes.json
story_likes.json-0.13511112157266325,unknown,2026-02-28T00:12:49.000Z,"","","identity","",story_likes.json,/Users/kriskleva/Documents/ModernDayCircusManager/instagram-moderndaycircus-2026-03-09-mDWWVNXF/your_instagram_activity/story_interactions/story_likes.json
story_likes.json-0.1461114108217192,unknown,2026-02-28T00:12:31.000Z,"","","identity","",story_likes.json,/Users/kriskleva/Documents/ModernDayCircusManager/instagram-moderndaycircus-2026-03-09-mDWWVNXF/your_instagram_activity/story_interactions/story_likes.json
story_likes.json-0.6185210058703465,unknown,2026-02-28T00:12:24.000Z,"","","identity","",story_likes.json,/Users/kriskleva/Documents/ModernDayCircusManager/instagram-moderndaycircus-2026-03-09-mDWWVNXF/your_instagram_activity/story_interactions/story_likes.json
story_likes.json-0.8578446361553012,unknown,2026-02-26T19:33:18.000Z,"","","identity","",story_likes.json,/Users/kriskleva/Documents/ModernDayCircusManager/instagram-moderndaycircus-2026-03-09-mDWWVNXF/your_instagram_activity/story_interactions/story_likes.json
story_likes.json-0.5369750022578261,unknown,2026-02-26T14:54:01.000Z,"","","identity","",story_likes.json,/Users/kriskleva/Documents/ModernDayCircusManager/instagram-moderndaycircus-2026-03-09-mDWWVNXF/your_instagram_activity/story_interactions/story_likes.json
story_likes.json-0.9167791271441208,unknown,2026-02-26T14:53:39.000Z,"","","identity","",story_likes.json,/Users/kriskleva/Documents/ModernDayCircusManager/instagram-moderndaycircus-2026-03-09-mDWWVNXF/your_instagram_activity/story_interactions/story_likes.json
story_likes.json-0.4081555659539271,unknown,2026-02-26T14:53:04.000Z,"","","identity","",story_likes.json,/Users/kriskleva/Documents/ModernDayCircusManager/instagram-moderndaycircus-2026-03-09-mDWWVNXF/your_instagram_activity/story_interactions/story_likes.json
story_likes.json-0.825897135603247,unknown,2026-02-26T02:29:32.000Z,"","","identity","",story_likes.json,/Users/kriskleva/Documents/ModernDayCircusManager/instagram-moderndaycircus-2026-03-09-mDWWVNXF/your_instagram_activity/story_interactions/story_likes.json
story_likes.json-0.07609959338516847,unknown,2026-02-25T11:24:41.000Z,"","","identity","",story_likes.json,/Users/kriskleva/Documents/ModernDayCircusManager/instagram-moderndaycircus-2026-03-09-mDWWVNXF/your_instagram_activity/story_interactions/story_likes.json
story_likes.json-0.999860554875351,unknown,2026-02-25T11:22:30.000Z,"","","identity","",story_likes.json,/Users/kriskleva/Documents/ModernDayCircusManager/instagram-moderndaycircus-2026-03-09-mDWWVNXF/your_instagram_activity/story_interactions/story_likes.json
story_likes.json-0.6811545206834198,unknown,2026-02-25T11:16:30.000Z,"","","identity","",story_likes.json,/Users/kriskleva/Documents/ModernDayCircusManager/instagram-moderndaycircus-2026-03-09-mDWWVNXF/your_instagram_activity/story_interactions/story_likes.json
story_likes.json-0.3823107705862758,unknown,2026-02-25T11:15:38.000Z,"","","identity","",story_likes.json,/Users/kriskleva/Documents/ModernDayCircusManager/instagram-moderndaycircus-2026-03-09-mDWWVNXF/your_instagram_activity/story_interactions/story_likes.json
story_likes.json-0.2423661880691892,unknown,2026-02-24T11:02:05.000Z,"","","identity","",story_likes.json,/Users/kriskleva/Documents/ModernDayCircusManager/instagram-moderndaycircus-2026-03-09-mDWWVNXF/your_instagram_activity/story_interactions/story_likes.json
story_likes.json-0.6579178533170984,unknown,2026-02-24T09:19:47.000Z,"","","identity","",story_likes.json,/Users/kriskleva/Documents/ModernDayCircusManager/instagram-moderndaycircus-2026-03-09-mDWWVNXF/your_instagram_activity/story_interactions/story_likes.json
story_likes.json-0.8025893397003587,unknown,2026-02-21T14:25:02.000Z,"","","identity","",story_likes.json,/Users/kriskleva/Documents/ModernDayCircusManager/instagram-moderndaycircus-2026-03-09-mDWWVNXF/your_instagram_activity/story_interactions/story_likes.json
story_likes.json-0.5987884981172023,unknown,2026-02-21T11:18:46.000Z,"","","identity","",story_likes.json,/Users/kriskleva/Documents/ModernDayCircusManager/instagram-moderndaycircus-2026-03-09-mDWWVNXF/your_instagram_activity/story_interactions/story_likes.json
story_likes.json-0.8230592638872485,unknown,2026-02-21T11:17:37.000Z,"","","identity","",story_likes.json,/Users/kriskleva/Documents/ModernDayCircusManager/instagram-moderndaycircus-2026-03-09-mDWWVNXF/your_instagram_activity/story_interactions/story_likes.json
story_likes.json-0.08173064844295297,unknown,2026-02-21T11:17:36.000Z,"","","identity","",story_likes.json,/Users/kriskleva/Documents/ModernDayCircusManager/instagram-moderndaycircus-2026-03-09-mDWWVNXF/your_instagram_activity/story_interactions/story_likes.json
story_likes.json-0.9939536117809873,unknown,2026-02-20T14:45:42.000Z,"","","identity","",story_likes.json,/Users/kriskleva/Documents/ModernDayCircusManager/instagram-moderndaycircus-2026-03-09-mDWWVNXF/your_instagram_activity/story_interactions/story_likes.json
story_likes.json-0.6334164481233071,unknown,2026-02-20T14:45:32.000Z,"","","identity","",story_likes.json,/Users/kriskleva/Documents/ModernDayCircusManager/instagram-moderndaycircus-2026-03-09-mDWWVNXF/your_instagram_activity/story_interactions/story_likes.json
story_likes.json-0.9513978584924112,unknown,2026-02-20T06:11:16.000Z,"","","identity","",story_likes.json,/Users/kriskleva/Documents/ModernDayCircusManager/instagram-moderndaycircus-2026-03-09-mDWWVNXF/your_instagram_activity/story_interactions/story_likes.json
story_likes.json-0.676959751589101,unknown,2026-02-20T06:11:09.000Z,"","","identity","",story_likes.json,/Users/kriskleva/Documents/ModernDayCircusManager/instagram-moderndaycircus-2026-03-09-mDWWVNXF/your_instagram_activity/story_interactions/story_likes.json
story_likes.json-0.2458231896991887,unknown,2026-02-20T06:10:56.000Z,"","","identity","",story_likes.json,/Users/kriskleva/Documents/ModernDayCircusManager/instagram-moderndaycircus-2026-03-09-mDWWVNXF/your_instagram_activity/story_interactions/story_likes.json
story_likes.json-0.6404009090372718,unknown,2026-02-20T06:10:50.000Z,"","","identity","",story_likes.json,/Users/kriskleva/Documents/ModernDayCircusManager/instagram-moderndaycircus-2026-03-09-mDWWVNXF/your_instagram_activity/story_interactions/story_likes.json
story_likes.json-0.7219433960527957,unknown,2026-02-20T06:09:53.000Z,"","","identity","",story_likes.json,/Users/kriskleva/Documents/ModernDayCircusManager/instagram-moderndaycircus-2026-03-09-mDWWVNXF/your_instagram_activity/story_interactions/story_likes.json
story_likes.json-0.5635746174493228,unknown,2026-02-20T06:09:27.000Z,"","","identity","",story_likes.json,/Users/kriskleva/Documents/ModernDayCircusManager/instagram-moderndaycircus-2026-03-09-mDWWVNXF/your_instagram_activity/story_interactions/story_likes.json
story_likes.json-0.36062401010516854,unknown,2026-02-20T06:09:21.000Z,"","","identity","",story_likes.json,/Users/kriskleva/Documents/ModernDayCircusManager/instagram-moderndaycircus-2026-03-09-mDWWVNXF/your_instagram_activity/story_interactions/story_likes.json
story_likes.json-0.28385168534681005,unknown,2026-02-20T06:09:18.000Z,"","","identity","",story_likes.json,/Users/kriskleva/Documents/ModernDayCircusManager/instagram-moderndaycircus-2026-03-09-mDWWVNXF/your_instagram_activity/story_interactions/story_likes.json
story_likes.json-0.7099281108358524,unknown,2026-02-20T06:09:08.000Z,"","","identity","",story_likes.json,/Users/kriskleva/Documents/ModernDayCircusManager/instagram-moderndaycircus-2026-03-09-mDWWVNXF/your_instagram_activity/story_interactions/story_likes.json
story_likes.json-0.6770590917523711,unknown,2026-02-20T06:09:05.000Z,"","","identity","",story_likes.json,/Users/kriskleva/Documents/ModernDayCircusManager/instagram-moderndaycircus-2026-03-09-mDWWVNXF/your_instagram_activity/story_interactions/story_likes.json
story_likes.json-0.6300527721855984,unknown,2026-02-20T06:09:03.000Z,"","","identity","",story_likes.json,/Users/kriskleva/Documents/ModernDayCircusManager/instagram-moderndaycircus-2026-03-09-mDWWVNXF/your_instagram_activity/story_interactions/story_likes.json
story_likes.json-0.4805690604808397,unknown,2026-02-20T06:08:59.000Z,"","","identity","",story_likes.json,/Users/kriskleva/Documents/ModernDayCircusManager/instagram-moderndaycircus-2026-03-09-mDWWVNXF/your_instagram_activity/story_interactions/story_likes.json
story_likes.json-0.9034980819678455,unknown,2026-02-20T06:08:58.000Z,"","","identity","",story_likes.json,/Users/kriskleva/Documents/ModernDayCircusManager/instagram-moderndaycircus-2026-03-09-mDWWVNXF/your_instagram_activity/story_interactions/story_likes.json
story_likes.json-0.21462817990076988,unknown,2026-02-20T06:08:56.000Z,"","","identity","",story_likes.json,/Users/kriskleva/Documents/ModernDayCircusManager/instagram-moderndaycircus-2026-03-09-mDWWVNXF/your_instagram_activity/story_interactions/story_likes.json
story_likes.json-0.6389471824079116,unknown,2026-02-20T06:08:53.000Z,"","","identity","",story_likes.json,/Users/kriskleva/Documents/ModernDayCircusManager/instagram-moderndaycircus-2026-03-09-mDWWVNXF/your_instagram_activity/story_interactions/story_likes.json
story_likes.json-0.8034884151183348,unknown,2026-02-20T06:08:51.000Z,"","","identity","",story_likes.json,/Users/kriskleva/Documents/ModernDayCircusManager/instagram-moderndaycircus-2026-03-09-mDWWVNXF/your_instagram_activity/story_interactions/story_likes.json
story_likes.json-0.8515134713954786,unknown,2026-02-20T06:02:25.000Z,"","","identity","",story_likes.json,/Users/kriskleva/Documents/ModernDayCircusManager/instagram-moderndaycircus-2026-03-09-mDWWVNXF/your_instagram_activity/story_interactions/story_likes.json
story_likes.json-0.4506211760858676,unknown,2026-02-19T16:52:12.000Z,"","","identity","",story_likes.json,/Users/kriskleva/Documents/ModernDayCircusManager/instagram-moderndaycircus-2026-03-09-mDWWVNXF/your_instagram_activity/story_interactions/story_likes.json
story_likes.json-0.011050064326537656,unknown,2026-02-19T04:00:47.000Z,"","","identity","",story_likes.json,/Users/kriskleva/Documents/ModernDayCircusManager/instagram-moderndaycircus-2026-03-09-mDWWVNXF/your_instagram_activity/story_interactions/story_likes.json
story_likes.json-0.40310228930010394,unknown,2026-02-19T04:00:42.000Z,"","","identity","",story_likes.json,/Users/kriskleva/Documents/ModernDayCircusManager/instagram-moderndaycircus-2026-03-09-mDWWVNXF/your_instagram_activity/story_interactions/story_likes.json
story_likes.json-0.4738946094667089,unknown,2026-02-19T04:00:35.000Z,"","","identity","",story_likes.json,/Users/kriskleva/Documents/ModernDayCircusManager/instagram-moderndaycircus-2026-03-09-mDWWVNXF/your_instagram_activity/story_interactions/story_likes.json
story_likes.json-0.17312147570397474,unknown,2026-02-19T04:00:27.000Z,"","","identity","",story_likes.json,/Users/kriskleva/Documents/ModernDayCircusManager/instagram-moderndaycircus-2026-03-09-mDWWVNXF/your_instagram_activity/story_interactions/story_likes.json
story_likes.json-0.5329142647927043,unknown,2026-02-19T04:00:26.000Z,"","","identity","",story_likes.json,/Users/kriskleva/Documents/ModernDayCircusManager/instagram-moderndaycircus-2026-03-09-mDWWVNXF/your_instagram_activity/story_interactions/story_likes.json
story_likes.json-0.050562579558293574,unknown,2026-02-19T04:00:24.000Z,"","","identity","",story_likes.json,/Users/kriskleva/Documents/ModernDayCircusManager/instagram-moderndaycircus-2026-03-09-mDWWVNXF/your_instagram_activity/story_interactions/story_likes.json
story_likes.json-0.3020381675135524,unknown,2026-02-19T04:00:24.000Z,"","","identity","",story_likes.json,/Users/kriskleva/Documents/ModernDayCircusManager/instagram-moderndaycircus-2026-03-09-mDWWVNXF/your_instagram_activity/story_interactions/story_likes.json
story_likes.json-0.4239101620163719,unknown,2026-02-17T19:02:48.000Z,"","","identity","",story_likes.json,/Users/kriskleva/Documents/ModernDayCircusManager/instagram-moderndaycircus-2026-03-09-mDWWVNXF/your_instagram_activity/story_interactions/story_likes.json
story_likes.json-0.13929164525996796,unknown,2026-02-17T19:02:01.000Z,"","","identity","",story_likes.json,/Users/kriskleva/Documents/ModernDayCircusManager/instagram-moderndaycircus-2026-03-09-mDWWVNXF/your_instagram_activity/story_interactions/story_likes.json
story_likes.json-0.9144172245776654,unknown,2026-02-17T19:01:56.000Z,"","","identity","",story_likes.json,/Users/kriskleva/Documents/ModernDayCircusManager/instagram-moderndaycircus-2026-03-09-mDWWVNXF/your_instagram_activity/story_interactions/story_likes.json
story_likes.json-0.30842012506646643,unknown,2026-02-17T19:00:46.000Z,"","","identity","",story_likes.json,/Users/kriskleva/Documents/ModernDayCircusManager/instagram-moderndaycircus-2026-03-09-mDWWVNXF/your_instagram_activity/story_interactions/story_likes.json
story_likes.json-0.5172970446554244,unknown,2026-02-17T19:00:45.000Z,"","","identity","",story_likes.json,/Users/kriskleva/Documents/ModernDayCircusManager/instagram-moderndaycircus-2026-03-09-mDWWVNXF/your_instagram_activity/story_interactions/story_likes.json
story_likes.json-0.727453761099289,unknown,2026-02-17T19:00:39.000Z,"","","identity","",story_likes.json,/Users/kriskleva/Documents/ModernDayCircusManager/instagram-moderndaycircus-2026-03-09-mDWWVNXF/your_instagram_activity/story_interactions/story_likes.json
story_likes.json-0.5783333379554629,unknown,2026-02-17T19:00:31.000Z,"","","identity","",story_likes.json,/Users/kriskleva/Documents/ModernDayCircusManager/instagram-moderndaycircus-2026-03-09-mDWWVNXF/your_instagram_activity/story_interactions/story_likes.json
story_likes.json-0.39159849753210163,unknown,2026-02-17T17:03:39.000Z,"","","identity","",story_likes.json,/Users/kriskleva/Documents/ModernDayCircusManager/instagram-moderndaycircus-2026-03-09-mDWWVNXF/your_instagram_activity/story_interactions/story_likes.json
story_likes.json-0.7274519549834602,unknown,2026-02-17T17:02:55.000Z,"","","identity","",story_likes.json,/Users/kriskleva/Documents/ModernDayCircusManager/instagram-moderndaycircus-2026-03-09-mDWWVNXF/your_instagram_activity/story_interactions/story_likes.json
story_likes.json-0.796717057907351,unknown,2026-02-17T17:02:38.000Z,"","","identity","",story_likes.json,/Users/kriskleva/Documents/ModernDayCircusManager/instagram-moderndaycircus-2026-03-09-mDWWVNXF/your_instagram_activity/story_interactions/story_likes.json
story_likes.json-0.3260562581558031,unknown,2026-02-17T17:02:20.000Z,"","","identity","",story_likes.json,/Users/kriskleva/Documents/ModernDayCircusManager/instagram-moderndaycircus-2026-03-09-mDWWVNXF/your_instagram_activity/story_interactions/story_likes.json
story_likes.json-0.2686531377475312,unknown,2026-02-17T17:00:54.000Z,"","","identity","",story_likes.json,/Users/kriskleva/Documents/ModernDayCircusManager/instagram-moderndaycircus-2026-03-09-mDWWVNXF/your_instagram_activity/story_interactions/story_likes.json
story_likes.json-0.595514006820957,unknown,2026-02-17T17:00:53.000Z,"","","identity","",story_likes.json,/Users/kriskleva/Documents/ModernDayCircusManager/instagram-moderndaycircus-2026-03-09-mDWWVNXF/your_instagram_activity/story_interactions/story_likes.json
story_likes.json-0.1831813986964279,unknown,2026-02-17T09:07:12.000Z,"","","identity","",story_likes.json,/Users/kriskleva/Documents/ModernDayCircusManager/instagram-moderndaycircus-2026-03-09-mDWWVNXF/your_instagram_activity/story_interactions/story_likes.json
story_likes.json-0.6221881107494618,unknown,2026-02-17T09:06:47.000Z,"","","identity","",story_likes.json,/Users/kriskleva/Documents/ModernDayCircusManager/instagram-moderndaycircus-2026-03-09-mDWWVNXF/your_instagram_activity/story_interactions/story_likes.json
story_likes.json-0.8282204147642,unknown,2026-02-17T01:52:59.000Z,"","","identity","",story_likes.json,/Users/kriskleva/Documents/ModernDayCircusManager/instagram-moderndaycircus-2026-03-09-mDWWVNXF/your_instagram_activity/story_interactions/story_likes.json
story_likes.json-0.3152970205821022,unknown,2026-02-16T17:32:05.000Z,"","","identity","",story_likes.json,/Users/kriskleva/Documents/ModernDayCircusManager/instagram-moderndaycircus-2026-03-09-mDWWVNXF/your_instagram_activity/story_interactions/story_likes.json
story_likes.json-0.38336967238467046,unknown,2026-02-16T17:31:45.000Z,"","","identity","",story_likes.json,/Users/kriskleva/Documents/ModernDayCircusManager/instagram-moderndaycircus-2026-03-09-mDWWVNXF/your_instagram_activity/story_interactions/story_likes.json
story_likes.json-0.05025020162957228,unknown,2026-02-16T17:30:41.000Z,"","","identity","",story_likes.json,/Users/kriskleva/Documents/ModernDayCircusManager/instagram-moderndaycircus-2026-03-09-mDWWVNXF/your_instagram_activity/story_interactions/story_likes.json
story_likes.json-0.20022170139461393,unknown,2026-02-16T17:30:10.000Z,"","","identity","",story_likes.json,/Users/kriskleva/Documents/ModernDayCircusManager/instagram-moderndaycircus-2026-03-09-mDWWVNXF/your_instagram_activity/story_interactions/story_likes.json
story_likes.json-0.07971298177417685,unknown,2026-02-16T17:29:56.000Z,"","","identity","",story_likes.json,/Users/kriskleva/Documents/ModernDayCircusManager/instagram-moderndaycircus-2026-03-09-mDWWVNXF/your_instagram_activity/story_interactions/story_likes.json
story_likes.json-0.1623393772517745,unknown,2026-02-16T17:29:49.000Z,"","","identity","",story_likes.json,/Users/kriskleva/Documents/ModernDayCircusManager/instagram-moderndaycircus-2026-03-09-mDWWVNXF/your_instagram_activity/story_interactions/story_likes.json
story_likes.json-0.8056319895458175,unknown,2026-02-16T17:29:47.000Z,"","","identity","",story_likes.json,/Users/kriskleva/Documents/ModernDayCircusManager/instagram-moderndaycircus-2026-03-09-mDWWVNXF/your_instagram_activity/story_interactions/story_likes.json
story_likes.json-0.5165967212763718,unknown,2026-02-16T17:29:43.000Z,"","","identity","",story_likes.json,/Users/kriskleva/Documents/ModernDayCircusManager/instagram-moderndaycircus-2026-03-09-mDWWVNXF/your_instagram_activity/story_interactions/story_likes.json
story_likes.json-0.6646734327849213,unknown,2026-02-16T17:29:09.000Z,"","","identity","",story_likes.json,/Users/kriskleva/Documents/ModernDayCircusManager/instagram-moderndaycircus-2026-03-09-mDWWVNXF/your_instagram_activity/story_interactions/story_likes.json
story_likes.json-0.507056556572518,unknown,2026-02-16T10:50:52.000Z,"","","identity","",story_likes.json,/Users/kriskleva/Documents/ModernDayCircusManager/instagram-moderndaycircus-2026-03-09-mDWWVNXF/your_instagram_activity/story_interactions/story_likes.json
story_likes.json-0.06623592743334838,unknown,2026-02-16T10:50:44.000Z,"","","identity","",story_likes.json,/Users/kriskleva/Documents/ModernDayCircusManager/instagram-moderndaycircus-2026-03-09-mDWWVNXF/your_instagram_activity/story_interactions/story_likes.json
story_likes.json-0.07961505900911958,unknown,2026-02-16T10:33:49.000Z,"","","identity","",story_likes.json,/Users/kriskleva/Documents/ModernDayCircusManager/instagram-moderndaycircus-2026-03-09-mDWWVNXF/your_instagram_activity/story_interactions/story_likes.json
story_likes.json-0.2952151666509881,unknown,2026-02-16T10:07:55.000Z,"","","identity","",story_likes.json,/Users/kriskleva/Documents/ModernDayCircusManager/instagram-moderndaycircus-2026-03-09-mDWWVNXF/your_instagram_activity/story_interactions/story_likes.json
story_likes.json-0.5113191442060252,unknown,2026-02-16T10:07:38.000Z,"","","identity","",story_likes.json,/Users/kriskleva/Documents/ModernDayCircusManager/instagram-moderndaycircus-2026-03-09-mDWWVNXF/your_instagram_activity/story_interactions/story_likes.json
story_likes.json-0.1384116309207173,unknown,2026-02-16T10:07:17.000Z,"","","identity","",story_likes.json,/Users/kriskleva/Documents/ModernDayCircusManager/instagram-moderndaycircus-2026-03-09-mDWWVNXF/your_instagram_activity/story_interactions/story_likes.json
story_likes.json-0.3293269825038243,unknown,2026-02-16T10:07:09.000Z,"","","identity","",story_likes.json,/Users/kriskleva/Documents/ModernDayCircusManager/instagram-moderndaycircus-2026-03-09-mDWWVNXF/your_instagram_activity/story_interactions/story_likes.json
story_likes.json-0.1903906202014638,unknown,2026-02-16T10:06:56.000Z,"","","identity","",story_likes.json,/Users/kriskleva/Documents/ModernDayCircusManager/instagram-moderndaycircus-2026-03-09-mDWWVNXF/your_instagram_activity/story_interactions/story_likes.json
story_likes.json-0.94420583046484,unknown,2026-02-16T10:06:06.000Z,"","","identity","",story_likes.json,/Users/kriskleva/Documents/ModernDayCircusManager/instagram-moderndaycircus-2026-03-09-mDWWVNXF/your_instagram_activity/story_interactions/story_likes.json
story_likes.json-0.7802314789572127,unknown,2026-02-16T10:06:03.000Z,"","","identity","",story_likes.json,/Users/kriskleva/Documents/ModernDayCircusManager/instagram-moderndaycircus-2026-03-09-mDWWVNXF/your_instagram_activity/story_interactions/story_likes.json
story_likes.json-0.7862335440235875,unknown,2026-02-16T10:04:31.000Z,"","","identity","",story_likes.json,/Users/kriskleva/Documents/ModernDayCircusManager/instagram-moderndaycircus-2026-03-09-mDWWVNXF/your_instagram_activity/story_interactions/story_likes.json
story_likes.json-0.2189855831469374,unknown,2026-02-16T10:03:19.000Z,"","","identity","",story_likes.json,/Users/kriskleva/Documents/ModernDayCircusManager/instagram-moderndaycircus-2026-03-09-mDWWVNXF/your_instagram_activity/story_interactions/story_likes.json
story_likes.json-0.7586653472361984,unknown,2026-02-16T10:00:51.000Z,"","","identity","",story_likes.json,/Users/kriskleva/Documents/ModernDayCircusManager/instagram-moderndaycircus-2026-03-09-mDWWVNXF/your_instagram_activity/story_interactions/story_likes.json
story_likes.json-0.08314942542653347,unknown,2026-02-16T10:00:36.000Z,"","","identity","",story_likes.json,/Users/kriskleva/Documents/ModernDayCircusManager/instagram-moderndaycircus-2026-03-09-mDWWVNXF/your_instagram_activity/story_interactions/story_likes.json
story_likes.json-0.24067663163114483,unknown,2026-02-16T09:59:25.000Z,"","","identity","",story_likes.json,/Users/kriskleva/Documents/ModernDayCircusManager/instagram-moderndaycircus-2026-03-09-mDWWVNXF/your_instagram_activity/story_interactions/story_likes.json
story_likes.json-0.9031477942500739,unknown,2026-02-16T09:58:35.000Z,"","","identity","",story_likes.json,/Users/kriskleva/Documents/ModernDayCircusManager/instagram-moderndaycircus-2026-03-09-mDWWVNXF/your_instagram_activity/story_interactions/story_likes.json
story_likes.json-0.7225467424449752,unknown,2026-02-15T19:52:58.000Z,"","","identity","",story_likes.json,/Users/kriskleva/Documents/ModernDayCircusManager/instagram-moderndaycircus-2026-03-09-mDWWVNXF/your_instagram_activity/story_interactions/story_likes.json
story_likes.json-0.36072719263906494,unknown,2026-02-15T19:52:45.000Z,"","","identity","",story_likes.json,/Users/kriskleva/Documents/ModernDayCircusManager/instagram-moderndaycircus-2026-03-09-mDWWVNXF/your_instagram_activity/story_interactions/story_likes.json
story_likes.json-0.4263140603485849,unknown,2026-02-15T19:52:01.000Z,"","","identity","",story_likes.json,/Users/kriskleva/Documents/ModernDayCircusManager/instagram-moderndaycircus-2026-03-09-mDWWVNXF/your_instagram_activity/story_interactions/story_likes.json
story_likes.json-0.5733315515093902,unknown,2026-02-15T19:51:52.000Z,"","","identity","",story_likes.json,/Users/kriskleva/Documents/ModernDayCircusManager/instagram-moderndaycircus-2026-03-09-mDWWVNXF/your_instagram_activity/story_interactions/story_likes.json
story_likes.json-0.33978982693810744,unknown,2026-02-15T16:56:39.000Z,"","","identity","",story_likes.json,/Users/kriskleva/Documents/ModernDayCircusManager/instagram-moderndaycircus-2026-03-09-mDWWVNXF/your_instagram_activity/story_interactions/story_likes.json
story_likes.json-0.1837202213674216,unknown,2026-02-15T16:56:16.000Z,"","","identity","",story_likes.json,/Users/kriskleva/Documents/ModernDayCircusManager/instagram-moderndaycircus-2026-03-09-mDWWVNXF/your_instagram_activity/story_interactions/story_likes.json
story_likes.json-0.879026961025227,unknown,2026-02-15T14:55:01.000Z,"","","identity","",story_likes.json,/Users/kriskleva/Documents/ModernDayCircusManager/instagram-moderndaycircus-2026-03-09-mDWWVNXF/your_instagram_activity/story_interactions/story_likes.json
story_likes.json-0.9486522957834582,unknown,2026-02-15T14:54:57.000Z,"","","identity","",story_likes.json,/Users/kriskleva/Documents/ModernDayCircusManager/instagram-moderndaycircus-2026-03-09-mDWWVNXF/your_instagram_activity/story_interactions/story_likes.json
story_likes.json-0.3941835720110478,unknown,2026-02-15T14:38:40.000Z,"","","identity","",story_likes.json,/Users/kriskleva/Documents/ModernDayCircusManager/instagram-moderndaycircus-2026-03-09-mDWWVNXF/your_instagram_activity/story_interactions/story_likes.json
story_likes.json-0.24739166041867655,unknown,2026-02-15T14:37:44.000Z,"","","identity","",story_likes.json,/Users/kriskleva/Documents/ModernDayCircusManager/instagram-moderndaycircus-2026-03-09-mDWWVNXF/your_instagram_activity/story_interactions/story_likes.json
story_likes.json-0.4360052589947685,unknown,2026-02-15T04:44:18.000Z,"","","identity","",story_likes.json,/Users/kriskleva/Documents/ModernDayCircusManager/instagram-moderndaycircus-2026-03-09-mDWWVNXF/your_instagram_activity/story_interactions/story_likes.json
story_likes.json-0.6692916134445333,unknown,2026-02-15T04:41:26.000Z,"","","identity","",story_likes.json,/Users/kriskleva/Documents/ModernDayCircusManager/instagram-moderndaycircus-2026-03-09-mDWWVNXF/your_instagram_activity/story_interactions/story_likes.json
story_likes.json-0.3161464427360057,unknown,2026-02-15T04:37:53.000Z,"","","identity","",story_likes.json,/Users/kriskleva/Documents/ModernDayCircusManager/instagram-moderndaycircus-2026-03-09-mDWWVNXF/your_instagram_activity/story_interactions/story_likes.json
story_likes.json-0.17765543924706662,unknown,2026-02-15T04:37:47.000Z,"","","identity","",story_likes.json,/Users/kriskleva/Documents/ModernDayCircusManager/instagram-moderndaycircus-2026-03-09-mDWWVNXF/your_instagram_activity/story_interactions/story_likes.json
story_likes.json-0.8400474389078245,unknown,2026-02-15T02:08:42.000Z,"","","identity","",story_likes.json,/Users/kriskleva/Documents/ModernDayCircusManager/instagram-moderndaycircus-2026-03-09-mDWWVNXF/your_instagram_activity/story_interactions/story_likes.json
story_likes.json-0.5630232590878927,unknown,2026-02-15T02:07:48.000Z,"","","identity","",story_likes.json,/Users/kriskleva/Documents/ModernDayCircusManager/instagram-moderndaycircus-2026-03-09-mDWWVNXF/your_instagram_activity/story_interactions/story_likes.json
story_likes.json-0.6700709968117018,unknown,2026-02-15T02:07:15.000Z,"","","identity","",story_likes.json,/Users/kriskleva/Documents/ModernDayCircusManager/instagram-moderndaycircus-2026-03-09-mDWWVNXF/your_instagram_activity/story_interactions/story_likes.json
story_likes.json-0.13419522062949873,unknown,2026-02-14T19:56:16.000Z,"","","identity","",story_likes.json,/Users/kriskleva/Documents/ModernDayCircusManager/instagram-moderndaycircus-2026-03-09-mDWWVNXF/your_instagram_activity/story_interactions/story_likes.json
story_likes.json-0.05020088192196681,unknown,2026-02-14T19:44:09.000Z,"","","identity","",story_likes.json,/Users/kriskleva/Documents/ModernDayCircusManager/instagram-moderndaycircus-2026-03-09-mDWWVNXF/your_instagram_activity/story_interactions/story_likes.json
story_likes.json-0.42203107594335854,unknown,2026-02-14T19:44:06.000Z,"","","identity","",story_likes.json,/Users/kriskleva/Documents/ModernDayCircusManager/instagram-moderndaycircus-2026-03-09-mDWWVNXF/your_instagram_activity/story_interactions/story_likes.json
story_likes.json-0.9648118718434149,unknown,2026-02-14T19:43:57.000Z,"","","identity","",story_likes.json,/Users/kriskleva/Documents/ModernDayCircusManager/instagram-moderndaycircus-2026-03-09-mDWWVNXF/your_instagram_activity/story_interactions/story_likes.json
story_likes.json-0.5609898666927418,unknown,2026-02-14T19:43:53.000Z,"","","identity","",story_likes.json,/Users/kriskleva/Documents/ModernDayCircusManager/instagram-moderndaycircus-2026-03-09-mDWWVNXF/your_instagram_activity/story_interactions/story_likes.json
story_likes.json-0.6073319772745429,unknown,2026-02-14T17:47:02.000Z,"","","identity","",story_likes.json,/Users/kriskleva/Documents/ModernDayCircusManager/instagram-moderndaycircus-2026-03-09-mDWWVNXF/your_instagram_activity/story_interactions/story_likes.json
story_likes.json-0.28633336614118576,unknown,2026-02-14T17:46:59.000Z,"","","identity","",story_likes.json,/Users/kriskleva/Documents/ModernDayCircusManager/instagram-moderndaycircus-2026-03-09-mDWWVNXF/your_instagram_activity/story_interactions/story_likes.json
story_likes.json-0.8480160288177272,unknown,2026-02-13T23:45:35.000Z,"","","identity","",story_likes.json,/Users/kriskleva/Documents/ModernDayCircusManager/instagram-moderndaycircus-2026-03-09-mDWWVNXF/your_instagram_activity/story_interactions/story_likes.json
story_likes.json-0.9990172907225798,unknown,2026-02-13T23:45:30.000Z,"","","identity","",story_likes.json,/Users/kriskleva/Documents/ModernDayCircusManager/instagram-moderndaycircus-2026-03-09-mDWWVNXF/your_instagram_activity/story_interactions/story_likes.json
story_likes.json-0.2014182904826607,unknown,2026-02-12T16:19:27.000Z,"","","identity","",story_likes.json,/Users/kriskleva/Documents/ModernDayCircusManager/instagram-moderndaycircus-2026-03-09-mDWWVNXF/your_instagram_activity/story_interactions/story_likes.json
story_likes.json-0.9979094506000374,unknown,2026-02-12T16:19:19.000Z,"","","identity","",story_likes.json,/Users/kriskleva/Documents/ModernDayCircusManager/instagram-moderndaycircus-2026-03-09-mDWWVNXF/your_instagram_activity/story_interactions/story_likes.json
story_likes.json-0.6355017937430663,unknown,2026-02-12T16:19:12.000Z,"","","identity","",story_likes.json,/Users/kriskleva/Documents/ModernDayCircusManager/instagram-moderndaycircus-2026-03-09-mDWWVNXF/your_instagram_activity/story_interactions/story_likes.json
story_likes.json-0.6019260621710456,unknown,2026-02-12T16:19:08.000Z,"","","identity","",story_likes.json,/Users/kriskleva/Documents/ModernDayCircusManager/instagram-moderndaycircus-2026-03-09-mDWWVNXF/your_instagram_activity/story_interactions/story_likes.json
story_likes.json-0.7983818001908871,unknown,2026-02-11T22:37:33.000Z,"","","identity","",story_likes.json,/Users/kriskleva/Documents/ModernDayCircusManager/instagram-moderndaycircus-2026-03-09-mDWWVNXF/your_instagram_activity/story_interactions/story_likes.json
story_likes.json-0.45930053474511934,unknown,2026-02-11T11:58:54.000Z,"","","identity","",story_likes.json,/Users/kriskleva/Documents/ModernDayCircusManager/instagram-moderndaycircus-2026-03-09-mDWWVNXF/your_instagram_activity/story_interactions/story_likes.json
story_likes.json-0.4155874045494905,unknown,2026-02-11T11:58:52.000Z,"","","identity","",story_likes.json,/Users/kriskleva/Documents/ModernDayCircusManager/instagram-moderndaycircus-2026-03-09-mDWWVNXF/your_instagram_activity/story_interactions/story_likes.json
story_likes.json-0.23967255776453733,unknown,2026-02-11T11:58:51.000Z,"","","identity","",story_likes.json,/Users/kriskleva/Documents/ModernDayCircusManager/instagram-moderndaycircus-2026-03-09-mDWWVNXF/your_instagram_activity/story_interactions/story_likes.json
story_likes.json-0.9535609051317464,unknown,2026-02-11T11:58:46.000Z,"","","identity","",story_likes.json,/Users/kriskleva/Documents/ModernDayCircusManager/instagram-moderndaycircus-2026-03-09-mDWWVNXF/your_instagram_activity/story_interactions/story_likes.json
story_likes.json-0.08322356456841451,unknown,2026-02-11T11:58:39.000Z,"","","identity","",story_likes.json,/Users/kriskleva/Documents/ModernDayCircusManager/instagram-moderndaycircus-2026-03-09-mDWWVNXF/your_instagram_activity/story_interactions/story_likes.json
story_likes.json-0.21745405670995388,unknown,2026-02-11T11:58:10.000Z,"","","identity","",story_likes.json,/Users/kriskleva/Documents/ModernDayCircusManager/instagram-moderndaycircus-2026-03-09-mDWWVNXF/your_instagram_activity/story_interactions/story_likes.json
story_likes.json-0.19987393254964503,unknown,2026-02-11T11:58:09.000Z,"","","identity","",story_likes.json,/Users/kriskleva/Documents/ModernDayCircusManager/instagram-moderndaycircus-2026-03-09-mDWWVNXF/your_instagram_activity/story_interactions/story_likes.json
story_likes.json-0.9617813763737653,unknown,2026-02-11T11:58:02.000Z,"","","identity","",story_likes.json,/Users/kriskleva/Documents/ModernDayCircusManager/instagram-moderndaycircus-2026-03-09-mDWWVNXF/your_instagram_activity/story_interactions/story_likes.json
story_likes.json-0.6427969194838403,unknown,2026-02-11T11:58:00.000Z,"","","identity","",story_likes.json,/Users/kriskleva/Documents/ModernDayCircusManager/instagram-moderndaycircus-2026-03-09-mDWWVNXF/your_instagram_activity/story_interactions/story_likes.json
story_likes.json-0.6315238415604205,unknown,2026-02-11T11:57:46.000Z,"","","identity","",story_likes.json,/Users/kriskleva/Documents/ModernDayCircusManager/instagram-moderndaycircus-2026-03-09-mDWWVNXF/your_instagram_activity/story_interactions/story_likes.json
story_likes.json-0.5228992109066908,unknown,2026-02-11T11:57:40.000Z,"","","identity","",story_likes.json,/Users/kriskleva/Documents/ModernDayCircusManager/instagram-moderndaycircus-2026-03-09-mDWWVNXF/your_instagram_activity/story_interactions/story_likes.json
story_likes.json-0.9735960798765806,unknown,2026-02-11T09:44:41.000Z,"","","identity","",story_likes.json,/Users/kriskleva/Documents/ModernDayCircusManager/instagram-moderndaycircus-2026-03-09-mDWWVNXF/your_instagram_activity/story_interactions/story_likes.json
story_likes.json-0.2749951006416189,unknown,2026-02-10T20:09:22.000Z,"","","identity","",story_likes.json,/Users/kriskleva/Documents/ModernDayCircusManager/instagram-moderndaycircus-2026-03-09-mDWWVNXF/your_instagram_activity/story_interactions/story_likes.json
story_likes.json-0.5534938523626687,unknown,2026-02-10T20:09:17.000Z,"","","identity","",story_likes.json,/Users/kriskleva/Documents/ModernDayCircusManager/instagram-moderndaycircus-2026-03-09-mDWWVNXF/your_instagram_activity/story_interactions/story_likes.json
story_likes.json-0.933851139982681,unknown,2026-02-10T19:39:39.000Z,"","","identity","",story_likes.json,/Users/kriskleva/Documents/ModernDayCircusManager/instagram-moderndaycircus-2026-03-09-mDWWVNXF/your_instagram_activity/story_interactions/story_likes.json
story_likes.json-0.519757140282131,unknown,2026-02-10T17:31:04.000Z,"","","identity","",story_likes.json,/Users/kriskleva/Documents/ModernDayCircusManager/instagram-moderndaycircus-2026-03-09-mDWWVNXF/your_instagram_activity/story_interactions/story_likes.json
story_likes.json-0.36377861688150936,unknown,2026-02-10T17:30:36.000Z,"","","identity","",story_likes.json,/Users/kriskleva/Documents/ModernDayCircusManager/instagram-moderndaycircus-2026-03-09-mDWWVNXF/your_instagram_activity/story_interactions/story_likes.json
story_likes.json-0.25078744819190435,unknown,2026-02-10T01:40:52.000Z,"","","identity","",story_likes.json,/Users/kriskleva/Documents/ModernDayCircusManager/instagram-moderndaycircus-2026-03-09-mDWWVNXF/your_instagram_activity/story_interactions/story_likes.json
story_likes.json-0.6236850632028474,unknown,2026-02-10T01:40:49.000Z,"","","identity","",story_likes.json,/Users/kriskleva/Documents/ModernDayCircusManager/instagram-moderndaycircus-2026-03-09-mDWWVNXF/your_instagram_activity/story_interactions/story_likes.json
story_likes.json-0.8711065056758247,unknown,2026-02-09T17:23:46.000Z,"","","identity","",story_likes.json,/Users/kriskleva/Documents/ModernDayCircusManager/instagram-moderndaycircus-2026-03-09-mDWWVNXF/your_instagram_activity/story_interactions/story_likes.json
story_likes.json-0.9978872238947083,unknown,2026-02-08T14:26:45.000Z,"","","identity","",story_likes.json,/Users/kriskleva/Documents/ModernDayCircusManager/instagram-moderndaycircus-2026-03-09-mDWWVNXF/your_instagram_activity/story_interactions/story_likes.json
story_likes.json-0.5924986264884784,unknown,2026-02-08T14:22:03.000Z,"","","identity","",story_likes.json,/Users/kriskleva/Documents/ModernDayCircusManager/instagram-moderndaycircus-2026-03-09-mDWWVNXF/your_instagram_activity/story_interactions/story_likes.json
story_likes.json-0.6751932818464739,unknown,2026-02-08T14:22:01.000Z,"","","identity","",story_likes.json,/Users/kriskleva/Documents/ModernDayCircusManager/instagram-moderndaycircus-2026-03-09-mDWWVNXF/your_instagram_activity/story_interactions/story_likes.json
story_likes.json-0.76387607724239,unknown,2026-02-07T22:18:20.000Z,"","","identity","",story_likes.json,/Users/kriskleva/Documents/ModernDayCircusManager/instagram-moderndaycircus-2026-03-09-mDWWVNXF/your_instagram_activity/story_interactions/story_likes.json
story_likes.json-0.29274679983306595,unknown,2026-02-07T19:10:57.000Z,"","","identity","",story_likes.json,/Users/kriskleva/Documents/ModernDayCircusManager/instagram-moderndaycircus-2026-03-09-mDWWVNXF/your_instagram_activity/story_interactions/story_likes.json
story_likes.json-0.08140332888166424,unknown,2026-02-06T21:02:05.000Z,"","","identity","",story_likes.json,/Users/kriskleva/Documents/ModernDayCircusManager/instagram-moderndaycircus-2026-03-09-mDWWVNXF/your_instagram_activity/story_interactions/story_likes.json
story_likes.json-0.8792818483182081,unknown,2026-02-06T04:16:06.000Z,"","","identity","",story_likes.json,/Users/kriskleva/Documents/ModernDayCircusManager/instagram-moderndaycircus-2026-03-09-mDWWVNXF/your_instagram_activity/story_interactions/story_likes.json
story_likes.json-0.7331331141188144,unknown,2026-02-06T00:19:02.000Z,"","","identity","",story_likes.json,/Users/kriskleva/Documents/ModernDayCircusManager/instagram-moderndaycircus-2026-03-09-mDWWVNXF/your_instagram_activity/story_interactions/story_likes.json
story_likes.json-0.7484536046041181,unknown,2026-02-05T21:20:57.000Z,"","","identity","",story_likes.json,/Users/kriskleva/Documents/ModernDayCircusManager/instagram-moderndaycircus-2026-03-09-mDWWVNXF/your_instagram_activity/story_interactions/story_likes.json
story_likes.json-0.03414321529571018,unknown,2026-02-05T21:20:49.000Z,"","","identity","",story_likes.json,/Users/kriskleva/Documents/ModernDayCircusManager/instagram-moderndaycircus-2026-03-09-mDWWVNXF/your_instagram_activity/story_interactions/story_likes.json
story_likes.json-0.12028392121565235,unknown,2026-02-05T21:20:32.000Z,"","","identity","",story_likes.json,/Users/kriskleva/Documents/ModernDayCircusManager/instagram-moderndaycircus-2026-03-09-mDWWVNXF/your_instagram_activity/story_interactions/story_likes.json
story_likes.json-0.08368790294463535,unknown,2026-02-05T21:18:23.000Z,"","","identity","",story_likes.json,/Users/kriskleva/Documents/ModernDayCircusManager/instagram-moderndaycircus-2026-03-09-mDWWVNXF/your_instagram_activity/story_interactions/story_likes.json
story_likes.json-0.6705730706686932,unknown,2026-02-05T12:17:47.000Z,"","","identity","",story_likes.json,/Users/kriskleva/Documents/ModernDayCircusManager/instagram-moderndaycircus-2026-03-09-mDWWVNXF/your_instagram_activity/story_interactions/story_likes.json
story_likes.json-0.28940259889380027,unknown,2026-02-05T12:17:40.000Z,"","","identity","",story_likes.json,/Users/kriskleva/Documents/ModernDayCircusManager/instagram-moderndaycircus-2026-03-09-mDWWVNXF/your_instagram_activity/story_interactions/story_likes.json
story_likes.json-0.9441829994492412,unknown,2026-02-03T13:29:02.000Z,"","","identity","",story_likes.json,/Users/kriskleva/Documents/ModernDayCircusManager/instagram-moderndaycircus-2026-03-09-mDWWVNXF/your_instagram_activity/story_interactions/story_likes.json
story_likes.json-0.3718700281191467,unknown,2026-02-03T13:16:28.000Z,"","","identity","",story_likes.json,/Users/kriskleva/Documents/ModernDayCircusManager/instagram-moderndaycircus-2026-03-09-mDWWVNXF/your_instagram_activity/story_interactions/story_likes.json
story_likes.json-0.43814240334435084,unknown,2026-02-03T13:14:38.000Z,"","","identity","",story_likes.json,/Users/kriskleva/Documents/ModernDayCircusManager/instagram-moderndaycircus-2026-03-09-mDWWVNXF/your_instagram_activity/story_interactions/story_likes.json
story_likes.json-0.6995039712826443,unknown,2026-02-03T13:14:35.000Z,"","","identity","",story_likes.json,/Users/kriskleva/Documents/ModernDayCircusManager/instagram-moderndaycircus-2026-03-09-mDWWVNXF/your_instagram_activity/story_interactions/story_likes.json
story_likes.json-0.09964523964038463,unknown,2026-02-03T12:22:51.000Z,"","","identity","",story_likes.json,/Users/kriskleva/Documents/ModernDayCircusManager/instagram-moderndaycircus-2026-03-09-mDWWVNXF/your_instagram_activity/story_interactions/story_likes.json
story_likes.json-0.5852121409276074,unknown,2026-02-01T12:18:18.000Z,"","","identity","",story_likes.json,/Users/kriskleva/Documents/ModernDayCircusManager/instagram-moderndaycircus-2026-03-09-mDWWVNXF/your_instagram_activity/story_interactions/story_likes.json
story_likes.json-0.3761566784699262,unknown,2026-02-01T02:18:16.000Z,"","","identity","",story_likes.json,/Users/kriskleva/Documents/ModernDayCircusManager/instagram-moderndaycircus-2026-03-09-mDWWVNXF/your_instagram_activity/story_interactions/story_likes.json
story_likes.json-0.15830300613978054,unknown,2026-01-31T14:48:49.000Z,"","","identity","",story_likes.json,/Users/kriskleva/Documents/ModernDayCircusManager/instagram-moderndaycircus-2026-03-09-mDWWVNXF/your_instagram_activity/story_interactions/story_likes.json
story_likes.json-0.2986429951829166,unknown,2026-01-31T14:48:21.000Z,"","","identity","",story_likes.json,/Users/kriskleva/Documents/ModernDayCircusManager/instagram-moderndaycircus-2026-03-09-mDWWVNXF/your_instagram_activity/story_interactions/story_likes.json
story_likes.json-0.325303818889521,unknown,2026-01-31T14:45:10.000Z,"","","identity","",story_likes.json,/Users/kriskleva/Documents/ModernDayCircusManager/instagram-moderndaycircus-2026-03-09-mDWWVNXF/your_instagram_activity/story_interactions/story_likes.json
story_likes.json-0.88071179308939,unknown,2026-01-29T20:10:45.000Z,"","","identity","",story_likes.json,/Users/kriskleva/Documents/ModernDayCircusManager/instagram-moderndaycircus-2026-03-09-mDWWVNXF/your_instagram_activity/story_interactions/story_likes.json
story_likes.json-0.38406119513231163,unknown,2026-01-28T20:15:50.000Z,"","","identity","",story_likes.json,/Users/kriskleva/Documents/ModernDayCircusManager/instagram-moderndaycircus-2026-03-09-mDWWVNXF/your_instagram_activity/story_interactions/story_likes.json
story_likes.json-0.34070334775528344,unknown,2026-01-27T23:53:00.000Z,"","","identity","",story_likes.json,/Users/kriskleva/Documents/ModernDayCircusManager/instagram-moderndaycircus-2026-03-09-mDWWVNXF/your_instagram_activity/story_interactions/story_likes.json
story_likes.json-0.6985728180665207,unknown,2026-01-27T09:18:02.000Z,"","","identity","",story_likes.json,/Users/kriskleva/Documents/ModernDayCircusManager/instagram-moderndaycircus-2026-03-09-mDWWVNXF/your_instagram_activity/story_interactions/story_likes.json
story_likes.json-0.13193544939538482,unknown,2026-01-26T19:29:06.000Z,"","","identity","",story_likes.json,/Users/kriskleva/Documents/ModernDayCircusManager/instagram-moderndaycircus-2026-03-09-mDWWVNXF/your_instagram_activity/story_interactions/story_likes.json
story_likes.json-0.7367180807248797,unknown,2026-01-25T18:28:37.000Z,"","","identity","",story_likes.json,/Users/kriskleva/Documents/ModernDayCircusManager/instagram-moderndaycircus-2026-03-09-mDWWVNXF/your_instagram_activity/story_interactions/story_likes.json
story_likes.json-0.4917183968900969,unknown,2026-01-24T10:49:58.000Z,"","","identity","",story_likes.json,/Users/kriskleva/Documents/ModernDayCircusManager/instagram-moderndaycircus-2026-03-09-mDWWVNXF/your_instagram_activity/story_interactions/story_likes.json
story_likes.json-0.04955515909940278,unknown,2026-01-24T10:38:11.000Z,"","","identity","",story_likes.json,/Users/kriskleva/Documents/ModernDayCircusManager/instagram-moderndaycircus-2026-03-09-mDWWVNXF/your_instagram_activity/story_interactions/story_likes.json
story_likes.json-0.6148544457569551,unknown,2026-01-24T10:37:58.000Z,"","","identity","",story_likes.json,/Users/kriskleva/Documents/ModernDayCircusManager/instagram-moderndaycircus-2026-03-09-mDWWVNXF/your_instagram_activity/story_interactions/story_likes.json
story_likes.json-0.5936274557589949,unknown,2026-01-24T04:33:40.000Z,"","","identity","",story_likes.json,/Users/kriskleva/Documents/ModernDayCircusManager/instagram-moderndaycircus-2026-03-09-mDWWVNXF/your_instagram_activity/story_interactions/story_likes.json
story_likes.json-0.2185399818169511,unknown,2026-01-24T04:33:13.000Z,"","","identity","",story_likes.json,/Users/kriskleva/Documents/ModernDayCircusManager/instagram-moderndaycircus-2026-03-09-mDWWVNXF/your_instagram_activity/story_interactions/story_likes.json
story_likes.json-0.3015113981278832,unknown,2026-01-23T21:20:41.000Z,"","","identity","",story_likes.json,/Users/kriskleva/Documents/ModernDayCircusManager/instagram-moderndaycircus-2026-03-09-mDWWVNXF/your_instagram_activity/story_interactions/story_likes.json
story_likes.json-0.6227189180050989,unknown,2026-01-23T21:20:38.000Z,"","","identity","",story_likes.json,/Users/kriskleva/Documents/ModernDayCircusManager/instagram-moderndaycircus-2026-03-09-mDWWVNXF/your_instagram_activity/story_interactions/story_likes.json
story_likes.json-0.5666418388905297,unknown,2026-01-23T21:19:46.000Z,"","","identity","",story_likes.json,/Users/kriskleva/Documents/ModernDayCircusManager/instagram-moderndaycircus-2026-03-09-mDWWVNXF/your_instagram_activity/story_interactions/story_likes.json
story_likes.json-0.006585486135692875,unknown,2026-01-23T08:26:04.000Z,"","","identity","",story_likes.json,/Users/kriskleva/Documents/ModernDayCircusManager/instagram-moderndaycircus-2026-03-09-mDWWVNXF/your_instagram_activity/story_interactions/story_likes.json
story_likes.json-0.3486718879469304,unknown,2026-01-22T17:46:32.000Z,"","","identity","",story_likes.json,/Users/kriskleva/Documents/ModernDayCircusManager/instagram-moderndaycircus-2026-03-09-mDWWVNXF/your_instagram_activity/story_interactions/story_likes.json
story_likes.json-0.2961672634058614,unknown,2026-01-22T17:45:24.000Z,"","","identity","",story_likes.json,/Users/kriskleva/Documents/ModernDayCircusManager/instagram-moderndaycircus-2026-03-09-mDWWVNXF/your_instagram_activity/story_interactions/story_likes.json
story_likes.json-0.09074557090936874,unknown,2026-01-22T14:58:49.000Z,"","","identity","",story_likes.json,/Users/kriskleva/Documents/ModernDayCircusManager/instagram-moderndaycircus-2026-03-09-mDWWVNXF/your_instagram_activity/story_interactions/story_likes.json
story_likes.json-0.9508509261074565,unknown,2026-01-22T02:29:32.000Z,"","","identity","",story_likes.json,/Users/kriskleva/Documents/ModernDayCircusManager/instagram-moderndaycircus-2026-03-09-mDWWVNXF/your_instagram_activity/story_interactions/story_likes.json
story_likes.json-0.7915734271320012,unknown,2026-01-20T15:18:48.000Z,"","","identity","",story_likes.json,/Users/kriskleva/Documents/ModernDayCircusManager/instagram-moderndaycircus-2026-03-09-mDWWVNXF/your_instagram_activity/story_interactions/story_likes.json
story_likes.json-0.8361290617665988,unknown,2026-01-20T07:29:33.000Z,"","","identity","",story_likes.json,/Users/kriskleva/Documents/ModernDayCircusManager/instagram-moderndaycircus-2026-03-09-mDWWVNXF/your_instagram_activity/story_interactions/story_likes.json
story_likes.json-0.7785166333866322,unknown,2026-01-19T15:44:00.000Z,"","","identity","",story_likes.json,/Users/kriskleva/Documents/ModernDayCircusManager/instagram-moderndaycircus-2026-03-09-mDWWVNXF/your_instagram_activity/story_interactions/story_likes.json
story_likes.json-0.6832507549149618,unknown,2026-01-17T22:15:04.000Z,"","","identity","",story_likes.json,/Users/kriskleva/Documents/ModernDayCircusManager/instagram-moderndaycircus-2026-03-09-mDWWVNXF/your_instagram_activity/story_interactions/story_likes.json
story_likes.json-0.989114592120935,unknown,2026-01-17T22:14:48.000Z,"","","identity","",story_likes.json,/Users/kriskleva/Documents/ModernDayCircusManager/instagram-moderndaycircus-2026-03-09-mDWWVNXF/your_instagram_activity/story_interactions/story_likes.json
story_likes.json-0.8479451587443134,unknown,2026-01-17T14:52:04.000Z,"","","identity","",story_likes.json,/Users/kriskleva/Documents/ModernDayCircusManager/instagram-moderndaycircus-2026-03-09-mDWWVNXF/your_instagram_activity/story_interactions/story_likes.json
story_likes.json-0.022477404166155734,unknown,2026-01-17T14:52:02.000Z,"","","identity","",story_likes.json,/Users/kriskleva/Documents/ModernDayCircusManager/instagram-moderndaycircus-2026-03-09-mDWWVNXF/your_instagram_activity/story_interactions/story_likes.json
story_likes.json-0.7459613541810197,unknown,2026-01-17T14:51:48.000Z,"","","identity","",story_likes.json,/Users/kriskleva/Documents/ModernDayCircusManager/instagram-moderndaycircus-2026-03-09-mDWWVNXF/your_instagram_activity/story_interactions/story_likes.json
story_likes.json-0.7201889769209315,unknown,2026-01-17T14:45:33.000Z,"","","identity","",story_likes.json,/Users/kriskleva/Documents/ModernDayCircusManager/instagram-moderndaycircus-2026-03-09-mDWWVNXF/your_instagram_activity/story_interactions/story_likes.json
story_likes.json-0.36439768777965065,unknown,2026-01-17T14:43:00.000Z,"","","identity","",story_likes.json,/Users/kriskleva/Documents/ModernDayCircusManager/instagram-moderndaycircus-2026-03-09-mDWWVNXF/your_instagram_activity/story_interactions/story_likes.json
story_likes.json-0.9870162129992515,unknown,2026-01-17T14:42:33.000Z,"","","identity","",story_likes.json,/Users/kriskleva/Documents/ModernDayCircusManager/instagram-moderndaycircus-2026-03-09-mDWWVNXF/your_instagram_activity/story_interactions/story_likes.json
story_likes.json-0.7323136453570276,unknown,2026-01-17T14:42:17.000Z,"","","identity","",story_likes.json,/Users/kriskleva/Documents/ModernDayCircusManager/instagram-moderndaycircus-2026-03-09-mDWWVNXF/your_instagram_activity/story_interactions/story_likes.json
story_likes.json-0.3591953647008521,unknown,2026-01-17T03:17:52.000Z,"","","identity","",story_likes.json,/Users/kriskleva/Documents/ModernDayCircusManager/instagram-moderndaycircus-2026-03-09-mDWWVNXF/your_instagram_activity/story_interactions/story_likes.json
story_likes.json-0.0934689541776077,unknown,2026-01-17T03:17:43.000Z,"","","identity","",story_likes.json,/Users/kriskleva/Documents/ModernDayCircusManager/instagram-moderndaycircus-2026-03-09-mDWWVNXF/your_instagram_activity/story_interactions/story_likes.json
story_likes.json-0.26406723276925703,unknown,2026-01-17T03:17:34.000Z,"","","identity","",story_likes.json,/Users/kriskleva/Documents/ModernDayCircusManager/instagram-moderndaycircus-2026-03-09-mDWWVNXF/your_instagram_activity/story_interactions/story_likes.json
story_likes.json-0.727314583151597,unknown,2026-01-17T02:09:05.000Z,"","","identity","",story_likes.json,/Users/kriskleva/Documents/ModernDayCircusManager/instagram-moderndaycircus-2026-03-09-mDWWVNXF/your_instagram_activity/story_interactions/story_likes.json
story_likes.json-0.23513540886240247,unknown,2026-01-17T01:33:20.000Z,"","","identity","",story_likes.json,/Users/kriskleva/Documents/ModernDayCircusManager/instagram-moderndaycircus-2026-03-09-mDWWVNXF/your_instagram_activity/story_interactions/story_likes.json
story_likes.json-0.6821158121456039,unknown,2026-01-17T01:33:07.000Z,"","","identity","",story_likes.json,/Users/kriskleva/Documents/ModernDayCircusManager/instagram-moderndaycircus-2026-03-09-mDWWVNXF/your_instagram_activity/story_interactions/story_likes.json
story_likes.json-0.03147168207260309,unknown,2026-01-17T01:33:01.000Z,"","","identity","",story_likes.json,/Users/kriskleva/Documents/ModernDayCircusManager/instagram-moderndaycircus-2026-03-09-mDWWVNXF/your_instagram_activity/story_interactions/story_likes.json
story_likes.json-0.37172221845116726,unknown,2026-01-17T01:32:45.000Z,"","","identity","",story_likes.json,/Users/kriskleva/Documents/ModernDayCircusManager/instagram-moderndaycircus-2026-03-09-mDWWVNXF/your_instagram_activity/story_interactions/story_likes.json
story_likes.json-0.4117597631676888,unknown,2026-01-16T15:52:23.000Z,"","","identity","",story_likes.json,/Users/kriskleva/Documents/ModernDayCircusManager/instagram-moderndaycircus-2026-03-09-mDWWVNXF/your_instagram_activity/story_interactions/story_likes.json
story_likes.json-0.8047203981587163,unknown,2026-01-16T12:17:45.000Z,"","","identity","",story_likes.json,/Users/kriskleva/Documents/ModernDayCircusManager/instagram-moderndaycircus-2026-03-09-mDWWVNXF/your_instagram_activity/story_interactions/story_likes.json
story_likes.json-0.6469833863881578,unknown,2026-01-16T04:38:37.000Z,"","","identity","",story_likes.json,/Users/kriskleva/Documents/ModernDayCircusManager/instagram-moderndaycircus-2026-03-09-mDWWVNXF/your_instagram_activity/story_interactions/story_likes.json
story_likes.json-0.17651942678417143,unknown,2026-01-15T17:28:20.000Z,"","","identity","",story_likes.json,/Users/kriskleva/Documents/ModernDayCircusManager/instagram-moderndaycircus-2026-03-09-mDWWVNXF/your_instagram_activity/story_interactions/story_likes.json
story_likes.json-0.8302535247565745,unknown,2026-01-14T23:52:51.000Z,"","","identity","",story_likes.json,/Users/kriskleva/Documents/ModernDayCircusManager/instagram-moderndaycircus-2026-03-09-mDWWVNXF/your_instagram_activity/story_interactions/story_likes.json
story_likes.json-0.7070705055847402,unknown,2026-01-14T18:09:00.000Z,"","","identity","",story_likes.json,/Users/kriskleva/Documents/ModernDayCircusManager/instagram-moderndaycircus-2026-03-09-mDWWVNXF/your_instagram_activity/story_interactions/story_likes.json
story_likes.json-0.16622749483984722,unknown,2026-01-14T18:08:41.000Z,"","","identity","",story_likes.json,/Users/kriskleva/Documents/ModernDayCircusManager/instagram-moderndaycircus-2026-03-09-mDWWVNXF/your_instagram_activity/story_interactions/story_likes.json
story_likes.json-0.07087690274740654,unknown,2026-01-13T23:00:16.000Z,"","","identity","",story_likes.json,/Users/kriskleva/Documents/ModernDayCircusManager/instagram-moderndaycircus-2026-03-09-mDWWVNXF/your_instagram_activity/story_interactions/story_likes.json
story_likes.json-0.9323096079803324,unknown,2026-01-13T22:59:11.000Z,"","","identity","",story_likes.json,/Users/kriskleva/Documents/ModernDayCircusManager/instagram-moderndaycircus-2026-03-09-mDWWVNXF/your_instagram_activity/story_interactions/story_likes.json
story_likes.json-0.8654905711875822,unknown,2026-01-13T22:51:24.000Z,"","","identity","",story_likes.json,/Users/kriskleva/Documents/ModernDayCircusManager/instagram-moderndaycircus-2026-03-09-mDWWVNXF/your_instagram_activity/story_interactions/story_likes.json
story_likes.json-0.3241199710219185,unknown,2026-01-13T22:48:53.000Z,"","","identity","",story_likes.json,/Users/kriskleva/Documents/ModernDayCircusManager/instagram-moderndaycircus-2026-03-09-mDWWVNXF/your_instagram_activity/story_interactions/story_likes.json
story_likes.json-0.2683515305900861,unknown,2026-01-13T00:40:52.000Z,"","","identity","",story_likes.json,/Users/kriskleva/Documents/ModernDayCircusManager/instagram-moderndaycircus-2026-03-09-mDWWVNXF/your_instagram_activity/story_interactions/story_likes.json
story_likes.json-0.836834520308769,unknown,2026-01-13T00:40:19.000Z,"","","identity","",story_likes.json,/Users/kriskleva/Documents/ModernDayCircusManager/instagram-moderndaycircus-2026-03-09-mDWWVNXF/your_instagram_activity/story_interactions/story_likes.json
story_likes.json-0.7948971213596665,unknown,2026-01-13T00:08:48.000Z,"","","identity","",story_likes.json,/Users/kriskleva/Documents/ModernDayCircusManager/instagram-moderndaycircus-2026-03-09-mDWWVNXF/your_instagram_activity/story_interactions/story_likes.json
story_likes.json-0.6776947603680181,unknown,2026-01-13T00:05:24.000Z,"","","identity","",story_likes.json,/Users/kriskleva/Documents/ModernDayCircusManager/instagram-moderndaycircus-2026-03-09-mDWWVNXF/your_instagram_activity/story_interactions/story_likes.json
story_likes.json-0.7989297707201619,unknown,2026-01-12T23:43:32.000Z,"","","identity","",story_likes.json,/Users/kriskleva/Documents/ModernDayCircusManager/instagram-moderndaycircus-2026-03-09-mDWWVNXF/your_instagram_activity/story_interactions/story_likes.json
story_likes.json-0.290604134845059,unknown,2026-01-12T23:43:20.000Z,"","","identity","",story_likes.json,/Users/kriskleva/Documents/ModernDayCircusManager/instagram-moderndaycircus-2026-03-09-mDWWVNXF/your_instagram_activity/story_interactions/story_likes.json
story_likes.json-0.595927252633049,unknown,2026-01-12T23:43:12.000Z,"","","identity","",story_likes.json,/Users/kriskleva/Documents/ModernDayCircusManager/instagram-moderndaycircus-2026-03-09-mDWWVNXF/your_instagram_activity/story_interactions/story_likes.json
story_likes.json-0.18824277951259893,unknown,2026-01-12T23:43:09.000Z,"","","identity","",story_likes.json,/Users/kriskleva/Documents/ModernDayCircusManager/instagram-moderndaycircus-2026-03-09-mDWWVNXF/your_instagram_activity/story_interactions/story_likes.json
story_likes.json-0.7240653121299483,unknown,2026-01-12T23:42:40.000Z,"","","identity","",story_likes.json,/Users/kriskleva/Documents/ModernDayCircusManager/instagram-moderndaycircus-2026-03-09-mDWWVNXF/your_instagram_activity/story_interactions/story_likes.json
story_likes.json-0.7570348124167616,unknown,2026-01-12T23:42:33.000Z,"","","identity","",story_likes.json,/Users/kriskleva/Documents/ModernDayCircusManager/instagram-moderndaycircus-2026-03-09-mDWWVNXF/your_instagram_activity/story_interactions/story_likes.json
story_likes.json-0.9363684165959674,unknown,2026-01-12T23:41:47.000Z,"","","identity","",story_likes.json,/Users/kriskleva/Documents/ModernDayCircusManager/instagram-moderndaycircus-2026-03-09-mDWWVNXF/your_instagram_activity/story_interactions/story_likes.json
story_likes.json-0.082563308697152,unknown,2026-01-12T23:39:23.000Z,"","","identity","",story_likes.json,/Users/kriskleva/Documents/ModernDayCircusManager/instagram-moderndaycircus-2026-03-09-mDWWVNXF/your_instagram_activity/story_interactions/story_likes.json
story_likes.json-0.2581944132952243,unknown,2026-01-12T23:37:33.000Z,"","","identity","",story_likes.json,/Users/kriskleva/Documents/ModernDayCircusManager/instagram-moderndaycircus-2026-03-09-mDWWVNXF/your_instagram_activity/story_interactions/story_likes.json
story_likes.json-0.9186108988104134,unknown,2026-01-12T23:37:31.000Z,"","","identity","",story_likes.json,/Users/kriskleva/Documents/ModernDayCircusManager/instagram-moderndaycircus-2026-03-09-mDWWVNXF/your_instagram_activity/story_interactions/story_likes.json
story_likes.json-0.6707569372483466,unknown,2026-01-12T23:07:14.000Z,"","","identity","",story_likes.json,/Users/kriskleva/Documents/ModernDayCircusManager/instagram-moderndaycircus-2026-03-09-mDWWVNXF/your_instagram_activity/story_interactions/story_likes.json
story_likes.json-0.9476779336246925,unknown,2026-01-12T12:53:00.000Z,"","","identity","",story_likes.json,/Users/kriskleva/Documents/ModernDayCircusManager/instagram-moderndaycircus-2026-03-09-mDWWVNXF/your_instagram_activity/story_interactions/story_likes.json
story_likes.json-0.932765450277917,unknown,2026-01-12T02:49:08.000Z,"","","identity","",story_likes.json,/Users/kriskleva/Documents/ModernDayCircusManager/instagram-moderndaycircus-2026-03-09-mDWWVNXF/your_instagram_activity/story_interactions/story_likes.json
story_likes.json-0.18669714946348726,unknown,2026-01-12T00:19:59.000Z,"","","identity","",story_likes.json,/Users/kriskleva/Documents/ModernDayCircusManager/instagram-moderndaycircus-2026-03-09-mDWWVNXF/your_instagram_activity/story_interactions/story_likes.json
story_likes.json-0.005741328224686981,unknown,2026-01-11T22:05:56.000Z,"","","identity","",story_likes.json,/Users/kriskleva/Documents/ModernDayCircusManager/instagram-moderndaycircus-2026-03-09-mDWWVNXF/your_instagram_activity/story_interactions/story_likes.json
story_likes.json-0.7168193576841271,unknown,2026-01-11T22:05:50.000Z,"","","identity","",story_likes.json,/Users/kriskleva/Documents/ModernDayCircusManager/instagram-moderndaycircus-2026-03-09-mDWWVNXF/your_instagram_activity/story_interactions/story_likes.json
story_likes.json-0.41950319596422747,unknown,2026-01-10T23:42:34.000Z,"","","identity","",story_likes.json,/Users/kriskleva/Documents/ModernDayCircusManager/instagram-moderndaycircus-2026-03-09-mDWWVNXF/your_instagram_activity/story_interactions/story_likes.json
story_likes.json-0.5820284225524719,unknown,2026-01-10T11:47:37.000Z,"","","identity","",story_likes.json,/Users/kriskleva/Documents/ModernDayCircusManager/instagram-moderndaycircus-2026-03-09-mDWWVNXF/your_instagram_activity/story_interactions/story_likes.json
story_likes.json-0.9670608081113188,unknown,2026-01-10T11:47:01.000Z,"","","identity","",story_likes.json,/Users/kriskleva/Documents/ModernDayCircusManager/instagram-moderndaycircus-2026-03-09-mDWWVNXF/your_instagram_activity/story_interactions/story_likes.json
story_likes.json-0.14087120047508606,unknown,2026-01-10T11:39:00.000Z,"","","identity","",story_likes.json,/Users/kriskleva/Documents/ModernDayCircusManager/instagram-moderndaycircus-2026-03-09-mDWWVNXF/your_instagram_activity/story_interactions/story_likes.json
story_likes.json-0.08973250048020165,unknown,2026-01-10T11:37:46.000Z,"","","identity","",story_likes.json,/Users/kriskleva/Documents/ModernDayCircusManager/instagram-moderndaycircus-2026-03-09-mDWWVNXF/your_instagram_activity/story_interactions/story_likes.json
story_likes.json-0.26039081078572623,unknown,2026-01-10T11:34:16.000Z,"","","identity","",story_likes.json,/Users/kriskleva/Documents/ModernDayCircusManager/instagram-moderndaycircus-2026-03-09-mDWWVNXF/your_instagram_activity/story_interactions/story_likes.json
story_likes.json-0.03948835949188312,unknown,2026-01-10T11:33:33.000Z,"","","identity","",story_likes.json,/Users/kriskleva/Documents/ModernDayCircusManager/instagram-moderndaycircus-2026-03-09-mDWWVNXF/your_instagram_activity/story_interactions/story_likes.json
story_likes.json-0.6098013914466212,unknown,2026-01-10T11:33:27.000Z,"","","identity","",story_likes.json,/Users/kriskleva/Documents/ModernDayCircusManager/instagram-moderndaycircus-2026-03-09-mDWWVNXF/your_instagram_activity/story_interactions/story_likes.json
story_likes.json-0.9096094960631886,unknown,2026-01-08T21:48:45.000Z,"","","identity","",story_likes.json,/Users/kriskleva/Documents/ModernDayCircusManager/instagram-moderndaycircus-2026-03-09-mDWWVNXF/your_instagram_activity/story_interactions/story_likes.json
story_likes.json-0.2844292205258756,unknown,2026-01-08T16:45:54.000Z,"","","identity","",story_likes.json,/Users/kriskleva/Documents/ModernDayCircusManager/instagram-moderndaycircus-2026-03-09-mDWWVNXF/your_instagram_activity/story_interactions/story_likes.json
story_likes.json-0.6406867522895012,unknown,2026-01-08T10:58:31.000Z,"","","identity","",story_likes.json,/Users/kriskleva/Documents/ModernDayCircusManager/instagram-moderndaycircus-2026-03-09-mDWWVNXF/your_instagram_activity/story_interactions/story_likes.json
story_likes.json-0.6497456182289243,unknown,2026-01-08T10:58:18.000Z,"","","identity","",story_likes.json,/Users/kriskleva/Documents/ModernDayCircusManager/instagram-moderndaycircus-2026-03-09-mDWWVNXF/your_instagram_activity/story_interactions/story_likes.json
story_likes.json-0.9426509081388763,unknown,2026-01-07T23:07:17.000Z,"","","identity","",story_likes.json,/Users/kriskleva/Documents/ModernDayCircusManager/instagram-moderndaycircus-2026-03-09-mDWWVNXF/your_instagram_activity/story_interactions/story_likes.json
story_likes.json-0.9183462542073193,unknown,2026-01-07T22:32:28.000Z,"","","identity","",story_likes.json,/Users/kriskleva/Documents/ModernDayCircusManager/instagram-moderndaycircus-2026-03-09-mDWWVNXF/your_instagram_activity/story_interactions/story_likes.json
story_likes.json-0.9047783603140009,unknown,2026-01-07T14:24:53.000Z,"","","identity","",story_likes.json,/Users/kriskleva/Documents/ModernDayCircusManager/instagram-moderndaycircus-2026-03-09-mDWWVNXF/your_instagram_activity/story_interactions/story_likes.json
story_likes.json-0.4591127005685254,unknown,2026-01-07T14:24:50.000Z,"","","identity","",story_likes.json,/Users/kriskleva/Documents/ModernDayCircusManager/instagram-moderndaycircus-2026-03-09-mDWWVNXF/your_instagram_activity/story_interactions/story_likes.json
story_likes.json-0.7903111392051347,unknown,2026-01-07T14:24:17.000Z,"","","identity","",story_likes.json,/Users/kriskleva/Documents/ModernDayCircusManager/instagram-moderndaycircus-2026-03-09-mDWWVNXF/your_instagram_activity/story_interactions/story_likes.json
story_likes.json-0.9625640258663781,unknown,2026-01-07T14:24:12.000Z,"","","identity","",story_likes.json,/Users/kriskleva/Documents/ModernDayCircusManager/instagram-moderndaycircus-2026-03-09-mDWWVNXF/your_instagram_activity/story_interactions/story_likes.json
story_likes.json-0.12440122845066703,unknown,2026-01-07T14:23:04.000Z,"","","identity","",story_likes.json,/Users/kriskleva/Documents/ModernDayCircusManager/instagram-moderndaycircus-2026-03-09-mDWWVNXF/your_instagram_activity/story_interactions/story_likes.json
story_likes.json-0.14534947859591485,unknown,2026-01-06T22:40:00.000Z,"","","identity","",story_likes.json,/Users/kriskleva/Documents/ModernDayCircusManager/instagram-moderndaycircus-2026-03-09-mDWWVNXF/your_instagram_activity/story_interactions/story_likes.json
story_likes.json-0.3629338024265565,unknown,2026-01-06T22:39:27.000Z,"","","identity","",story_likes.json,/Users/kriskleva/Documents/ModernDayCircusManager/instagram-moderndaycircus-2026-03-09-mDWWVNXF/your_instagram_activity/story_interactions/story_likes.json
story_likes.json-0.4461115654135577,unknown,2026-01-06T22:39:11.000Z,"","","identity","",story_likes.json,/Users/kriskleva/Documents/ModernDayCircusManager/instagram-moderndaycircus-2026-03-09-mDWWVNXF/your_instagram_activity/story_interactions/story_likes.json
story_likes.json-0.8033323155147827,unknown,2026-01-06T22:38:23.000Z,"","","identity","",story_likes.json,/Users/kriskleva/Documents/ModernDayCircusManager/instagram-moderndaycircus-2026-03-09-mDWWVNXF/your_instagram_activity/story_interactions/story_likes.json
story_likes.json-0.7780815924697098,unknown,2026-01-06T21:22:43.000Z,"","","identity","",story_likes.json,/Users/kriskleva/Documents/ModernDayCircusManager/instagram-moderndaycircus-2026-03-09-mDWWVNXF/your_instagram_activity/story_interactions/story_likes.json
story_likes.json-0.38058476707636113,unknown,2026-01-06T21:22:41.000Z,"","","identity","",story_likes.json,/Users/kriskleva/Documents/ModernDayCircusManager/instagram-moderndaycircus-2026-03-09-mDWWVNXF/your_instagram_activity/story_interactions/story_likes.json
story_likes.json-0.24560983141100312,unknown,2026-01-06T21:22:34.000Z,"","","identity","",story_likes.json,/Users/kriskleva/Documents/ModernDayCircusManager/instagram-moderndaycircus-2026-03-09-mDWWVNXF/your_instagram_activity/story_interactions/story_likes.json
story_likes.json-0.1866127025258928,unknown,2026-01-06T09:50:20.000Z,"","","identity","",story_likes.json,/Users/kriskleva/Documents/ModernDayCircusManager/instagram-moderndaycircus-2026-03-09-mDWWVNXF/your_instagram_activity/story_interactions/story_likes.json
story_likes.json-0.9264304656842139,unknown,2026-01-06T09:50:04.000Z,"","","identity","",story_likes.json,/Users/kriskleva/Documents/ModernDayCircusManager/instagram-moderndaycircus-2026-03-09-mDWWVNXF/your_instagram_activity/story_interactions/story_likes.json
story_likes.json-0.7361026399849786,unknown,2026-01-06T01:02:50.000Z,"","","identity","",story_likes.json,/Users/kriskleva/Documents/ModernDayCircusManager/instagram-moderndaycircus-2026-03-09-mDWWVNXF/your_instagram_activity/story_interactions/story_likes.json
story_likes.json-0.6083445301772761,unknown,2026-01-05T21:33:14.000Z,"","","identity","",story_likes.json,/Users/kriskleva/Documents/ModernDayCircusManager/instagram-moderndaycircus-2026-03-09-mDWWVNXF/your_instagram_activity/story_interactions/story_likes.json
story_likes.json-0.9934139072957116,unknown,2026-01-05T12:58:48.000Z,"","","identity","",story_likes.json,/Users/kriskleva/Documents/ModernDayCircusManager/instagram-moderndaycircus-2026-03-09-mDWWVNXF/your_instagram_activity/story_interactions/story_likes.json
story_likes.json-0.46965803105485415,unknown,2026-01-05T10:12:56.000Z,"","","identity","",story_likes.json,/Users/kriskleva/Documents/ModernDayCircusManager/instagram-moderndaycircus-2026-03-09-mDWWVNXF/your_instagram_activity/story_interactions/story_likes.json
story_likes.json-0.4738520379865132,unknown,2026-01-05T00:16:57.000Z,"","","identity","",story_likes.json,/Users/kriskleva/Documents/ModernDayCircusManager/instagram-moderndaycircus-2026-03-09-mDWWVNXF/your_instagram_activity/story_interactions/story_likes.json
story_likes.json-0.506856382221545,unknown,2026-01-04T12:36:21.000Z,"","","identity","",story_likes.json,/Users/kriskleva/Documents/ModernDayCircusManager/instagram-moderndaycircus-2026-03-09-mDWWVNXF/your_instagram_activity/story_interactions/story_likes.json
story_likes.json-0.27849873889641596,unknown,2026-01-04T12:12:38.000Z,"","","identity","",story_likes.json,/Users/kriskleva/Documents/ModernDayCircusManager/instagram-moderndaycircus-2026-03-09-mDWWVNXF/your_instagram_activity/story_interactions/story_likes.json
story_likes.json-0.7890390229676085,unknown,2026-01-03T11:44:21.000Z,"","","identity","",story_likes.json,/Users/kriskleva/Documents/ModernDayCircusManager/instagram-moderndaycircus-2026-03-09-mDWWVNXF/your_instagram_activity/story_interactions/story_likes.json
story_likes.json-0.7254405277853406,unknown,2026-01-03T11:42:52.000Z,"","","identity","",story_likes.json,/Users/kriskleva/Documents/ModernDayCircusManager/instagram-moderndaycircus-2026-03-09-mDWWVNXF/your_instagram_activity/story_interactions/story_likes.json
story_likes.json-0.19266012362296414,unknown,2026-01-03T11:40:08.000Z,"","","identity","",story_likes.json,/Users/kriskleva/Documents/ModernDayCircusManager/instagram-moderndaycircus-2026-03-09-mDWWVNXF/your_instagram_activity/story_interactions/story_likes.json
story_likes.json-0.04556769286548645,unknown,2026-01-02T23:46:32.000Z,"","","identity","",story_likes.json,/Users/kriskleva/Documents/ModernDayCircusManager/instagram-moderndaycircus-2026-03-09-mDWWVNXF/your_instagram_activity/story_interactions/story_likes.json
story_likes.json-0.5622071870978798,unknown,2026-01-02T18:05:46.000Z,"","","identity","",story_likes.json,/Users/kriskleva/Documents/ModernDayCircusManager/instagram-moderndaycircus-2026-03-09-mDWWVNXF/your_instagram_activity/story_interactions/story_likes.json
story_likes.json-0.760184440233707,unknown,2026-01-02T17:40:36.000Z,"","","identity","",story_likes.json,/Users/kriskleva/Documents/ModernDayCircusManager/instagram-moderndaycircus-2026-03-09-mDWWVNXF/your_instagram_activity/story_interactions/story_likes.json
story_likes.json-0.953581777129245,unknown,2026-01-02T16:52:22.000Z,"","","identity","",story_likes.json,/Users/kriskleva/Documents/ModernDayCircusManager/instagram-moderndaycircus-2026-03-09-mDWWVNXF/your_instagram_activity/story_interactions/story_likes.json
story_likes.json-0.857738724477296,unknown,2026-01-02T09:54:37.000Z,"","","identity","",story_likes.json,/Users/kriskleva/Documents/ModernDayCircusManager/instagram-moderndaycircus-2026-03-09-mDWWVNXF/your_instagram_activity/story_interactions/story_likes.json
story_likes.json-0.30031614164317655,unknown,2026-01-02T09:43:37.000Z,"","","identity","",story_likes.json,/Users/kriskleva/Documents/ModernDayCircusManager/instagram-moderndaycircus-2026-03-09-mDWWVNXF/your_instagram_activity/story_interactions/story_likes.json
story_likes.json-0.2946688961717927,unknown,2026-01-02T09:42:59.000Z,"","","identity","",story_likes.json,/Users/kriskleva/Documents/ModernDayCircusManager/instagram-moderndaycircus-2026-03-09-mDWWVNXF/your_instagram_activity/story_interactions/story_likes.json
story_likes.json-0.7821838630841227,unknown,2026-01-02T09:42:46.000Z,"","","identity","",story_likes.json,/Users/kriskleva/Documents/ModernDayCircusManager/instagram-moderndaycircus-2026-03-09-mDWWVNXF/your_instagram_activity/story_interactions/story_likes.json
story_likes.json-0.94616942918618,unknown,2025-12-31T17:40:03.000Z,"","","identity","",story_likes.json,/Users/kriskleva/Documents/ModernDayCircusManager/instagram-moderndaycircus-2026-03-09-mDWWVNXF/your_instagram_activity/story_interactions/story_likes.json
story_likes.json-0.8417433414024031,unknown,2025-12-31T17:38:56.000Z,"","","identity","",story_likes.json,/Users/kriskleva/Documents/ModernDayCircusManager/instagram-moderndaycircus-2026-03-09-mDWWVNXF/your_instagram_activity/story_interactions/story_likes.json
story_likes.json-0.7174325673512281,unknown,2025-12-31T17:38:49.000Z,"","","identity","",story_likes.json,/Users/kriskleva/Documents/ModernDayCircusManager/instagram-moderndaycircus-2026-03-09-mDWWVNXF/your_instagram_activity/story_interactions/story_likes.json
story_likes.json-0.12923684797770973,unknown,2025-12-31T17:37:43.000Z,"","","identity","",story_likes.json,/Users/kriskleva/Documents/ModernDayCircusManager/instagram-moderndaycircus-2026-03-09-mDWWVNXF/your_instagram_activity/story_interactions/story_likes.json
story_likes.json-0.09782607095151197,unknown,2025-12-31T17:37:42.000Z,"","","identity","",story_likes.json,/Users/kriskleva/Documents/ModernDayCircusManager/instagram-moderndaycircus-2026-03-09-mDWWVNXF/your_instagram_activity/story_interactions/story_likes.json
story_likes.json-0.7089987460611165,unknown,2025-12-31T17:37:40.000Z,"","","identity","",story_likes.json,/Users/kriskleva/Documents/ModernDayCircusManager/instagram-moderndaycircus-2026-03-09-mDWWVNXF/your_instagram_activity/story_interactions/story_likes.json
story_likes.json-0.6470611138180009,unknown,2025-12-31T16:40:29.000Z,"","","identity","",story_likes.json,/Users/kriskleva/Documents/ModernDayCircusManager/instagram-moderndaycircus-2026-03-09-mDWWVNXF/your_instagram_activity/story_interactions/story_likes.json
story_likes.json-0.3828800256039373,unknown,2025-12-31T12:34:35.000Z,"","","identity","",story_likes.json,/Users/kriskleva/Documents/ModernDayCircusManager/instagram-moderndaycircus-2026-03-09-mDWWVNXF/your_instagram_activity/story_interactions/story_likes.json
story_likes.json-0.5515224088764061,unknown,2025-12-31T12:34:02.000Z,"","","identity","",story_likes.json,/Users/kriskleva/Documents/ModernDayCircusManager/instagram-moderndaycircus-2026-03-09-mDWWVNXF/your_instagram_activity/story_interactions/story_likes.json
story_likes.json-0.06857883871072223,unknown,2025-12-31T12:33:02.000Z,"","","identity","",story_likes.json,/Users/kriskleva/Documents/ModernDayCircusManager/instagram-moderndaycircus-2026-03-09-mDWWVNXF/your_instagram_activity/story_interactions/story_likes.json
story_likes.json-0.7214663196586562,unknown,2025-12-31T11:50:57.000Z,"","","identity","",story_likes.json,/Users/kriskleva/Documents/ModernDayCircusManager/instagram-moderndaycircus-2026-03-09-mDWWVNXF/your_instagram_activity/story_interactions/story_likes.json
story_likes.json-0.3874951349840825,unknown,2025-12-31T11:49:48.000Z,"","","identity","",story_likes.json,/Users/kriskleva/Documents/ModernDayCircusManager/instagram-moderndaycircus-2026-03-09-mDWWVNXF/your_instagram_activity/story_interactions/story_likes.json
story_likes.json-0.6408918497944922,unknown,2025-12-31T11:46:14.000Z,"","","identity","",story_likes.json,/Users/kriskleva/Documents/ModernDayCircusManager/instagram-moderndaycircus-2026-03-09-mDWWVNXF/your_instagram_activity/story_interactions/story_likes.json
story_likes.json-0.1754418517416454,unknown,2025-12-31T11:46:11.000Z,"","","identity","",story_likes.json,/Users/kriskleva/Documents/ModernDayCircusManager/instagram-moderndaycircus-2026-03-09-mDWWVNXF/your_instagram_activity/story_interactions/story_likes.json
story_likes.json-0.2331446052260462,unknown,2025-12-31T11:43:18.000Z,"","","identity","",story_likes.json,/Users/kriskleva/Documents/ModernDayCircusManager/instagram-moderndaycircus-2026-03-09-mDWWVNXF/your_instagram_activity/story_interactions/story_likes.json
story_likes.json-0.2599430483773495,unknown,2025-12-31T11:40:57.000Z,"","","identity","",story_likes.json,/Users/kriskleva/Documents/ModernDayCircusManager/instagram-moderndaycircus-2026-03-09-mDWWVNXF/your_instagram_activity/story_interactions/story_likes.json
story_likes.json-0.9282906746970268,unknown,2025-12-31T11:40:56.000Z,"","","identity","",story_likes.json,/Users/kriskleva/Documents/ModernDayCircusManager/instagram-moderndaycircus-2026-03-09-mDWWVNXF/your_instagram_activity/story_interactions/story_likes.json
story_likes.json-0.7665408156236067,unknown,2025-12-31T11:40:54.000Z,"","","identity","",story_likes.json,/Users/kriskleva/Documents/ModernDayCircusManager/instagram-moderndaycircus-2026-03-09-mDWWVNXF/your_instagram_activity/story_interactions/story_likes.json
story_likes.json-0.9139761628506626,unknown,2025-12-30T20:06:57.000Z,"","","identity","",story_likes.json,/Users/kriskleva/Documents/ModernDayCircusManager/instagram-moderndaycircus-2026-03-09-mDWWVNXF/your_instagram_activity/story_interactions/story_likes.json
story_likes.json-0.34605556229028434,unknown,2025-12-30T20:06:37.000Z,"","","identity","",story_likes.json,/Users/kriskleva/Documents/ModernDayCircusManager/instagram-moderndaycircus-2026-03-09-mDWWVNXF/your_instagram_activity/story_interactions/story_likes.json
story_likes.json-0.4389329856221471,unknown,2025-12-30T20:04:36.000Z,"","","identity","",story_likes.json,/Users/kriskleva/Documents/ModernDayCircusManager/instagram-moderndaycircus-2026-03-09-mDWWVNXF/your_instagram_activity/story_interactions/story_likes.json
story_likes.json-0.602348291769164,unknown,2025-12-30T20:04:03.000Z,"","","identity","",story_likes.json,/Users/kriskleva/Documents/ModernDayCircusManager/instagram-moderndaycircus-2026-03-09-mDWWVNXF/your_instagram_activity/story_interactions/story_likes.json
story_likes.json-0.20516715893465887,unknown,2025-12-30T18:52:39.000Z,"","","identity","",story_likes.json,/Users/kriskleva/Documents/ModernDayCircusManager/instagram-moderndaycircus-2026-03-09-mDWWVNXF/your_instagram_activity/story_interactions/story_likes.json
story_likes.json-0.8866811153920158,unknown,2025-12-30T17:53:15.000Z,"","","identity","",story_likes.json,/Users/kriskleva/Documents/ModernDayCircusManager/instagram-moderndaycircus-2026-03-09-mDWWVNXF/your_instagram_activity/story_interactions/story_likes.json
story_likes.json-0.864125018618283,unknown,2025-12-30T17:53:08.000Z,"","","identity","",story_likes.json,/Users/kriskleva/Documents/ModernDayCircusManager/instagram-moderndaycircus-2026-03-09-mDWWVNXF/your_instagram_activity/story_interactions/story_likes.json
story_likes.json-0.2712466096176176,unknown,2025-12-30T12:06:19.000Z,"","","identity","",story_likes.json,/Users/kriskleva/Documents/ModernDayCircusManager/instagram-moderndaycircus-2026-03-09-mDWWVNXF/your_instagram_activity/story_interactions/story_likes.json
story_likes.json-0.6908927152857309,unknown,2025-12-29T10:18:27.000Z,"","","identity","",story_likes.json,/Users/kriskleva/Documents/ModernDayCircusManager/instagram-moderndaycircus-2026-03-09-mDWWVNXF/your_instagram_activity/story_interactions/story_likes.json
story_likes.json-0.12973163490892103,unknown,2025-12-29T04:18:31.000Z,"","","identity","",story_likes.json,/Users/kriskleva/Documents/ModernDayCircusManager/instagram-moderndaycircus-2026-03-09-mDWWVNXF/your_instagram_activity/story_interactions/story_likes.json
story_likes.json-0.3590799318711686,unknown,2025-12-28T20:39:19.000Z,"","","identity","",story_likes.json,/Users/kriskleva/Documents/ModernDayCircusManager/instagram-moderndaycircus-2026-03-09-mDWWVNXF/your_instagram_activity/story_interactions/story_likes.json
story_likes.json-0.13925496930589487,unknown,2025-12-28T20:39:05.000Z,"","","identity","",story_likes.json,/Users/kriskleva/Documents/ModernDayCircusManager/instagram-moderndaycircus-2026-03-09-mDWWVNXF/your_instagram_activity/story_interactions/story_likes.json
story_likes.json-0.3040960084538211,unknown,2025-12-28T20:38:48.000Z,"","","identity","",story_likes.json,/Users/kriskleva/Documents/ModernDayCircusManager/instagram-moderndaycircus-2026-03-09-mDWWVNXF/your_instagram_activity/story_interactions/story_likes.json
story_likes.json-0.7441490669729114,unknown,2025-12-28T20:38:45.000Z,"","","identity","",story_likes.json,/Users/kriskleva/Documents/ModernDayCircusManager/instagram-moderndaycircus-2026-03-09-mDWWVNXF/your_instagram_activity/story_interactions/story_likes.json
story_likes.json-0.6418517041196088,unknown,2025-12-28T17:02:27.000Z,"","","identity","",story_likes.json,/Users/kriskleva/Documents/ModernDayCircusManager/instagram-moderndaycircus-2026-03-09-mDWWVNXF/your_instagram_activity/story_interactions/story_likes.json
story_likes.json-0.998404013588722,unknown,2025-12-28T17:02:21.000Z,"","","identity","",story_likes.json,/Users/kriskleva/Documents/ModernDayCircusManager/instagram-moderndaycircus-2026-03-09-mDWWVNXF/your_instagram_activity/story_interactions/story_likes.json
story_likes.json-0.839946931580795,unknown,2025-12-28T16:59:29.000Z,"","","identity","",story_likes.json,/Users/kriskleva/Documents/ModernDayCircusManager/instagram-moderndaycircus-2026-03-09-mDWWVNXF/your_instagram_activity/story_interactions/story_likes.json
story_likes.json-0.6174381629132153,unknown,2025-12-28T00:46:11.000Z,"","","identity","",story_likes.json,/Users/kriskleva/Documents/ModernDayCircusManager/instagram-moderndaycircus-2026-03-09-mDWWVNXF/your_instagram_activity/story_interactions/story_likes.json
story_likes.json-0.7928619999139233,unknown,2025-12-27T01:02:31.000Z,"","","identity","",story_likes.json,/Users/kriskleva/Documents/ModernDayCircusManager/instagram-moderndaycircus-2026-03-09-mDWWVNXF/your_instagram_activity/story_interactions/story_likes.json
story_likes.json-0.767814345843796,unknown,2025-12-27T01:02:18.000Z,"","","identity","",story_likes.json,/Users/kriskleva/Documents/ModernDayCircusManager/instagram-moderndaycircus-2026-03-09-mDWWVNXF/your_instagram_activity/story_interactions/story_likes.json
story_likes.json-0.886488905421309,unknown,2025-12-26T20:17:19.000Z,"","","identity","",story_likes.json,/Users/kriskleva/Documents/ModernDayCircusManager/instagram-moderndaycircus-2026-03-09-mDWWVNXF/your_instagram_activity/story_interactions/story_likes.json
story_likes.json-0.060120244094929776,unknown,2025-12-26T20:17:03.000Z,"","","identity","",story_likes.json,/Users/kriskleva/Documents/ModernDayCircusManager/instagram-moderndaycircus-2026-03-09-mDWWVNXF/your_instagram_activity/story_interactions/story_likes.json
story_likes.json-0.06622874614696683,unknown,2025-12-26T20:16:59.000Z,"","","identity","",story_likes.json,/Users/kriskleva/Documents/ModernDayCircusManager/instagram-moderndaycircus-2026-03-09-mDWWVNXF/your_instagram_activity/story_interactions/story_likes.json
story_likes.json-0.8937154986684956,unknown,2025-12-26T20:16:49.000Z,"","","identity","",story_likes.json,/Users/kriskleva/Documents/ModernDayCircusManager/instagram-moderndaycircus-2026-03-09-mDWWVNXF/your_instagram_activity/story_interactions/story_likes.json
story_likes.json-0.6618754106130251,unknown,2025-12-26T20:16:18.000Z,"","","identity","",story_likes.json,/Users/kriskleva/Documents/ModernDayCircusManager/instagram-moderndaycircus-2026-03-09-mDWWVNXF/your_instagram_activity/story_interactions/story_likes.json
story_likes.json-0.8287989616331866,unknown,2025-12-26T11:56:37.000Z,"","","identity","",story_likes.json,/Users/kriskleva/Documents/ModernDayCircusManager/instagram-moderndaycircus-2026-03-09-mDWWVNXF/your_instagram_activity/story_interactions/story_likes.json
story_likes.json-0.08918290785674321,unknown,2025-12-26T11:56:36.000Z,"","","identity","",story_likes.json,/Users/kriskleva/Documents/ModernDayCircusManager/instagram-moderndaycircus-2026-03-09-mDWWVNXF/your_instagram_activity/story_interactions/story_likes.json
story_likes.json-0.6563487471321159,unknown,2025-12-26T11:56:35.000Z,"","","identity","",story_likes.json,/Users/kriskleva/Documents/ModernDayCircusManager/instagram-moderndaycircus-2026-03-09-mDWWVNXF/your_instagram_activity/story_interactions/story_likes.json
story_likes.json-0.7841575697168248,unknown,2025-12-26T11:56:34.000Z,"","","identity","",story_likes.json,/Users/kriskleva/Documents/ModernDayCircusManager/instagram-moderndaycircus-2026-03-09-mDWWVNXF/your_instagram_activity/story_interactions/story_likes.json
story_likes.json-0.29894628201050755,unknown,2025-12-26T11:56:33.000Z,"","","identity","",story_likes.json,/Users/kriskleva/Documents/ModernDayCircusManager/instagram-moderndaycircus-2026-03-09-mDWWVNXF/your_instagram_activity/story_interactions/story_likes.json
story_likes.json-0.5829777796888649,unknown,2025-12-26T11:56:31.000Z,"","","identity","",story_likes.json,/Users/kriskleva/Documents/ModernDayCircusManager/instagram-moderndaycircus-2026-03-09-mDWWVNXF/your_instagram_activity/story_interactions/story_likes.json
story_likes.json-0.09418067412823206,unknown,2025-12-26T11:17:42.000Z,"","","identity","",story_likes.json,/Users/kriskleva/Documents/ModernDayCircusManager/instagram-moderndaycircus-2026-03-09-mDWWVNXF/your_instagram_activity/story_interactions/story_likes.json
story_likes.json-0.5538657907897089,unknown,2025-12-26T11:17:38.000Z,"","","identity","",story_likes.json,/Users/kriskleva/Documents/ModernDayCircusManager/instagram-moderndaycircus-2026-03-09-mDWWVNXF/your_instagram_activity/story_interactions/story_likes.json
story_likes.json-0.07562166757569067,unknown,2025-12-26T11:17:32.000Z,"","","identity","",story_likes.json,/Users/kriskleva/Documents/ModernDayCircusManager/instagram-moderndaycircus-2026-03-09-mDWWVNXF/your_instagram_activity/story_interactions/story_likes.json
story_likes.json-0.04771060620142986,unknown,2025-12-26T07:47:03.000Z,"","","identity","",story_likes.json,/Users/kriskleva/Documents/ModernDayCircusManager/instagram-moderndaycircus-2026-03-09-mDWWVNXF/your_instagram_activity/story_interactions/story_likes.json
story_likes.json-0.7896956006375162,unknown,2025-12-25T21:40:14.000Z,"","","identity","",story_likes.json,/Users/kriskleva/Documents/ModernDayCircusManager/instagram-moderndaycircus-2026-03-09-mDWWVNXF/your_instagram_activity/story_interactions/story_likes.json
story_likes.json-0.22205769958799437,unknown,2025-12-25T21:09:07.000Z,"","","identity","",story_likes.json,/Users/kriskleva/Documents/ModernDayCircusManager/instagram-moderndaycircus-2026-03-09-mDWWVNXF/your_instagram_activity/story_interactions/story_likes.json
story_likes.json-0.23416576209189577,unknown,2025-12-25T19:18:47.000Z,"","","identity","",story_likes.json,/Users/kriskleva/Documents/ModernDayCircusManager/instagram-moderndaycircus-2026-03-09-mDWWVNXF/your_instagram_activity/story_interactions/story_likes.json
story_likes.json-0.593866897363375,unknown,2025-12-25T19:18:41.000Z,"","","identity","",story_likes.json,/Users/kriskleva/Documents/ModernDayCircusManager/instagram-moderndaycircus-2026-03-09-mDWWVNXF/your_instagram_activity/story_interactions/story_likes.json
story_likes.json-0.6427758966915991,unknown,2025-12-25T19:18:38.000Z,"","","identity","",story_likes.json,/Users/kriskleva/Documents/ModernDayCircusManager/instagram-moderndaycircus-2026-03-09-mDWWVNXF/your_instagram_activity/story_interactions/story_likes.json
story_likes.json-0.6604638796405344,unknown,2025-12-25T14:25:52.000Z,"","","identity","",story_likes.json,/Users/kriskleva/Documents/ModernDayCircusManager/instagram-moderndaycircus-2026-03-09-mDWWVNXF/your_instagram_activity/story_interactions/story_likes.json
story_likes.json-0.5268365793274001,unknown,2025-12-25T14:25:38.000Z,"","","identity","",story_likes.json,/Users/kriskleva/Documents/ModernDayCircusManager/instagram-moderndaycircus-2026-03-09-mDWWVNXF/your_instagram_activity/story_interactions/story_likes.json
story_likes.json-0.5950456520623999,unknown,2025-12-25T14:25:24.000Z,"","","identity","",story_likes.json,/Users/kriskleva/Documents/ModernDayCircusManager/instagram-moderndaycircus-2026-03-09-mDWWVNXF/your_instagram_activity/story_interactions/story_likes.json
story_likes.json-0.446295788879679,unknown,2025-12-25T14:25:23.000Z,"","","identity","",story_likes.json,/Users/kriskleva/Documents/ModernDayCircusManager/instagram-moderndaycircus-2026-03-09-mDWWVNXF/your_instagram_activity/story_interactions/story_likes.json
story_likes.json-0.08107447569937665,unknown,2025-12-25T14:25:04.000Z,"","","identity","",story_likes.json,/Users/kriskleva/Documents/ModernDayCircusManager/instagram-moderndaycircus-2026-03-09-mDWWVNXF/your_instagram_activity/story_interactions/story_likes.json
story_likes.json-0.5920073916436444,unknown,2025-12-25T14:24:42.000Z,"","","identity","",story_likes.json,/Users/kriskleva/Documents/ModernDayCircusManager/instagram-moderndaycircus-2026-03-09-mDWWVNXF/your_instagram_activity/story_interactions/story_likes.json
story_likes.json-0.10303850154101224,unknown,2025-12-25T14:24:35.000Z,"","","identity","",story_likes.json,/Users/kriskleva/Documents/ModernDayCircusManager/instagram-moderndaycircus-2026-03-09-mDWWVNXF/your_instagram_activity/story_interactions/story_likes.json
story_likes.json-0.6889314938760431,unknown,2025-12-25T14:24:31.000Z,"","","identity","",story_likes.json,/Users/kriskleva/Documents/ModernDayCircusManager/instagram-moderndaycircus-2026-03-09-mDWWVNXF/your_instagram_activity/story_interactions/story_likes.json
story_likes.json-0.6126789110234658,unknown,2025-12-25T14:24:27.000Z,"","","identity","",story_likes.json,/Users/kriskleva/Documents/ModernDayCircusManager/instagram-moderndaycircus-2026-03-09-mDWWVNXF/your_instagram_activity/story_interactions/story_likes.json
story_likes.json-0.19921602237913505,unknown,2025-12-25T14:24:23.000Z,"","","identity","",story_likes.json,/Users/kriskleva/Documents/ModernDayCircusManager/instagram-moderndaycircus-2026-03-09-mDWWVNXF/your_instagram_activity/story_interactions/story_likes.json
story_likes.json-0.7741890438306,unknown,2025-12-25T14:23:59.000Z,"","","identity","",story_likes.json,/Users/kriskleva/Documents/ModernDayCircusManager/instagram-moderndaycircus-2026-03-09-mDWWVNXF/your_instagram_activity/story_interactions/story_likes.json
story_likes.json-0.03167342992190392,unknown,2025-12-25T14:23:53.000Z,"","","identity","",story_likes.json,/Users/kriskleva/Documents/ModernDayCircusManager/instagram-moderndaycircus-2026-03-09-mDWWVNXF/your_instagram_activity/story_interactions/story_likes.json
story_likes.json-0.6000779083482013,unknown,2025-12-25T14:23:51.000Z,"","","identity","",story_likes.json,/Users/kriskleva/Documents/ModernDayCircusManager/instagram-moderndaycircus-2026-03-09-mDWWVNXF/your_instagram_activity/story_interactions/story_likes.json
story_likes.json-0.6717225585366702,unknown,2025-12-25T14:23:40.000Z,"","","identity","",story_likes.json,/Users/kriskleva/Documents/ModernDayCircusManager/instagram-moderndaycircus-2026-03-09-mDWWVNXF/your_instagram_activity/story_interactions/story_likes.json
story_likes.json-0.9707176438102771,unknown,2025-12-25T14:23:21.000Z,"","","identity","",story_likes.json,/Users/kriskleva/Documents/ModernDayCircusManager/instagram-moderndaycircus-2026-03-09-mDWWVNXF/your_instagram_activity/story_interactions/story_likes.json
story_likes.json-0.11076752058144002,unknown,2025-12-25T14:23:14.000Z,"","","identity","",story_likes.json,/Users/kriskleva/Documents/ModernDayCircusManager/instagram-moderndaycircus-2026-03-09-mDWWVNXF/your_instagram_activity/story_interactions/story_likes.json
story_likes.json-0.029162751359696593,unknown,2025-12-25T14:23:04.000Z,"","","identity","",story_likes.json,/Users/kriskleva/Documents/ModernDayCircusManager/instagram-moderndaycircus-2026-03-09-mDWWVNXF/your_instagram_activity/story_interactions/story_likes.json
story_likes.json-0.8218462212407285,unknown,2025-12-25T14:23:00.000Z,"","","identity","",story_likes.json,/Users/kriskleva/Documents/ModernDayCircusManager/instagram-moderndaycircus-2026-03-09-mDWWVNXF/your_instagram_activity/story_interactions/story_likes.json
story_likes.json-0.44786794842484046,unknown,2025-12-25T14:22:53.000Z,"","","identity","",story_likes.json,/Users/kriskleva/Documents/ModernDayCircusManager/instagram-moderndaycircus-2026-03-09-mDWWVNXF/your_instagram_activity/story_interactions/story_likes.json
story_likes.json-0.0356932477454559,unknown,2025-12-25T14:22:42.000Z,"","","identity","",story_likes.json,/Users/kriskleva/Documents/ModernDayCircusManager/instagram-moderndaycircus-2026-03-09-mDWWVNXF/your_instagram_activity/story_interactions/story_likes.json
story_likes.json-0.19468847397990374,unknown,2025-12-25T14:22:33.000Z,"","","identity","",story_likes.json,/Users/kriskleva/Documents/ModernDayCircusManager/instagram-moderndaycircus-2026-03-09-mDWWVNXF/your_instagram_activity/story_interactions/story_likes.json
story_likes.json-0.20935893683914952,unknown,2025-12-25T14:22:24.000Z,"","","identity","",story_likes.json,/Users/kriskleva/Documents/ModernDayCircusManager/instagram-moderndaycircus-2026-03-09-mDWWVNXF/your_instagram_activity/story_interactions/story_likes.json
story_likes.json-0.48496967200739727,unknown,2025-12-25T14:22:15.000Z,"","","identity","",story_likes.json,/Users/kriskleva/Documents/ModernDayCircusManager/instagram-moderndaycircus-2026-03-09-mDWWVNXF/your_instagram_activity/story_interactions/story_likes.json
story_likes.json-0.41037096115225613,unknown,2025-12-25T14:22:07.000Z,"","","identity","",story_likes.json,/Users/kriskleva/Documents/ModernDayCircusManager/instagram-moderndaycircus-2026-03-09-mDWWVNXF/your_instagram_activity/story_interactions/story_likes.json
story_likes.json-0.7554170881847111,unknown,2025-12-25T14:22:05.000Z,"","","identity","",story_likes.json,/Users/kriskleva/Documents/ModernDayCircusManager/instagram-moderndaycircus-2026-03-09-mDWWVNXF/your_instagram_activity/story_interactions/story_likes.json
story_likes.json-0.48001859456276663,unknown,2025-12-25T14:21:30.000Z,"","","identity","",story_likes.json,/Users/kriskleva/Documents/ModernDayCircusManager/instagram-moderndaycircus-2026-03-09-mDWWVNXF/your_instagram_activity/story_interactions/story_likes.json
story_likes.json-0.1981508178780782,unknown,2025-12-25T14:21:08.000Z,"","","identity","",story_likes.json,/Users/kriskleva/Documents/ModernDayCircusManager/instagram-moderndaycircus-2026-03-09-mDWWVNXF/your_instagram_activity/story_interactions/story_likes.json
story_likes.json-0.5399077844035465,unknown,2025-12-25T14:21:03.000Z,"","","identity","",story_likes.json,/Users/kriskleva/Documents/ModernDayCircusManager/instagram-moderndaycircus-2026-03-09-mDWWVNXF/your_instagram_activity/story_interactions/story_likes.json
story_likes.json-0.15623410020600503,unknown,2025-12-25T14:20:54.000Z,"","","identity","",story_likes.json,/Users/kriskleva/Documents/ModernDayCircusManager/instagram-moderndaycircus-2026-03-09-mDWWVNXF/your_instagram_activity/story_interactions/story_likes.json
story_likes.json-0.3698539675232957,unknown,2025-12-24T07:49:21.000Z,"","","identity","",story_likes.json,/Users/kriskleva/Documents/ModernDayCircusManager/instagram-moderndaycircus-2026-03-09-mDWWVNXF/your_instagram_activity/story_interactions/story_likes.json
story_likes.json-0.48834312163757265,unknown,2025-12-23T17:03:47.000Z,"","","identity","",story_likes.json,/Users/kriskleva/Documents/ModernDayCircusManager/instagram-moderndaycircus-2026-03-09-mDWWVNXF/your_instagram_activity/story_interactions/story_likes.json
story_likes.json-0.689524242272519,unknown,2025-12-23T10:56:37.000Z,"","","identity","",story_likes.json,/Users/kriskleva/Documents/ModernDayCircusManager/instagram-moderndaycircus-2026-03-09-mDWWVNXF/your_instagram_activity/story_interactions/story_likes.json
story_likes.json-0.3692563264764095,unknown,2025-12-23T10:56:32.000Z,"","","identity","",story_likes.json,/Users/kriskleva/Documents/ModernDayCircusManager/instagram-moderndaycircus-2026-03-09-mDWWVNXF/your_instagram_activity/story_interactions/story_likes.json
story_likes.json-0.05801592806786582,unknown,2025-12-23T10:55:29.000Z,"","","identity","",story_likes.json,/Users/kriskleva/Documents/ModernDayCircusManager/instagram-moderndaycircus-2026-03-09-mDWWVNXF/your_instagram_activity/story_interactions/story_likes.json
story_likes.json-0.4066326880211528,unknown,2025-12-22T11:39:43.000Z,"","","identity","",story_likes.json,/Users/kriskleva/Documents/ModernDayCircusManager/instagram-moderndaycircus-2026-03-09-mDWWVNXF/your_instagram_activity/story_interactions/story_likes.json
story_likes.json-0.14692238130318658,unknown,2025-12-22T11:39:42.000Z,"","","identity","",story_likes.json,/Users/kriskleva/Documents/ModernDayCircusManager/instagram-moderndaycircus-2026-03-09-mDWWVNXF/your_instagram_activity/story_interactions/story_likes.json
story_likes.json-0.8214362411747729,unknown,2025-12-22T11:21:46.000Z,"","","identity","",story_likes.json,/Users/kriskleva/Documents/ModernDayCircusManager/instagram-moderndaycircus-2026-03-09-mDWWVNXF/your_instagram_activity/story_interactions/story_likes.json
story_likes.json-0.8150342886574162,unknown,2025-12-22T11:21:32.000Z,"","","identity","",story_likes.json,/Users/kriskleva/Documents/ModernDayCircusManager/instagram-moderndaycircus-2026-03-09-mDWWVNXF/your_instagram_activity/story_interactions/story_likes.json
story_likes.json-0.7322523266108281,unknown,2025-12-21T14:08:17.000Z,"","","identity","",story_likes.json,/Users/kriskleva/Documents/ModernDayCircusManager/instagram-moderndaycircus-2026-03-09-mDWWVNXF/your_instagram_activity/story_interactions/story_likes.json
story_likes.json-0.845150911964194,unknown,2025-12-21T14:08:10.000Z,"","","identity","",story_likes.json,/Users/kriskleva/Documents/ModernDayCircusManager/instagram-moderndaycircus-2026-03-09-mDWWVNXF/your_instagram_activity/story_interactions/story_likes.json
story_likes.json-0.5876631687243214,unknown,2025-12-21T06:49:16.000Z,"","","identity","",story_likes.json,/Users/kriskleva/Documents/ModernDayCircusManager/instagram-moderndaycircus-2026-03-09-mDWWVNXF/your_instagram_activity/story_interactions/story_likes.json
story_likes.json-0.6510348210591161,unknown,2025-12-20T20:08:47.000Z,"","","identity","",story_likes.json,/Users/kriskleva/Documents/ModernDayCircusManager/instagram-moderndaycircus-2026-03-09-mDWWVNXF/your_instagram_activity/story_interactions/story_likes.json
story_likes.json-0.6047079163056079,unknown,2025-12-20T20:08:44.000Z,"","","identity","",story_likes.json,/Users/kriskleva/Documents/ModernDayCircusManager/instagram-moderndaycircus-2026-03-09-mDWWVNXF/your_instagram_activity/story_interactions/story_likes.json
story_likes.json-0.819129577762306,unknown,2025-12-20T20:08:41.000Z,"","","identity","",story_likes.json,/Users/kriskleva/Documents/ModernDayCircusManager/instagram-moderndaycircus-2026-03-09-mDWWVNXF/your_instagram_activity/story_interactions/story_likes.json
story_likes.json-0.8686156967340122,unknown,2025-12-20T16:54:54.000Z,"","","identity","",story_likes.json,/Users/kriskleva/Documents/ModernDayCircusManager/instagram-moderndaycircus-2026-03-09-mDWWVNXF/your_instagram_activity/story_interactions/story_likes.json
story_likes.json-0.5240371868870435,unknown,2025-12-20T16:54:42.000Z,"","","identity","",story_likes.json,/Users/kriskleva/Documents/ModernDayCircusManager/instagram-moderndaycircus-2026-03-09-mDWWVNXF/your_instagram_activity/story_interactions/story_likes.json
story_likes.json-0.22651796114209954,unknown,2025-12-20T16:54:32.000Z,"","","identity","",story_likes.json,/Users/kriskleva/Documents/ModernDayCircusManager/instagram-moderndaycircus-2026-03-09-mDWWVNXF/your_instagram_activity/story_interactions/story_likes.json
story_likes.json-0.9544781798079542,unknown,2025-12-20T08:20:20.000Z,"","","identity","",story_likes.json,/Users/kriskleva/Documents/ModernDayCircusManager/instagram-moderndaycircus-2026-03-09-mDWWVNXF/your_instagram_activity/story_interactions/story_likes.json
story_likes.json-0.14875244148697253,unknown,2025-12-18T14:28:56.000Z,"","","identity","",story_likes.json,/Users/kriskleva/Documents/ModernDayCircusManager/instagram-moderndaycircus-2026-03-09-mDWWVNXF/your_instagram_activity/story_interactions/story_likes.json
story_likes.json-0.7773435212213275,unknown,2025-12-18T09:56:40.000Z,"","","identity","",story_likes.json,/Users/kriskleva/Documents/ModernDayCircusManager/instagram-moderndaycircus-2026-03-09-mDWWVNXF/your_instagram_activity/story_interactions/story_likes.json
story_likes.json-0.7088209890366299,unknown,2025-12-18T09:56:33.000Z,"","","identity","",story_likes.json,/Users/kriskleva/Documents/ModernDayCircusManager/instagram-moderndaycircus-2026-03-09-mDWWVNXF/your_instagram_activity/story_interactions/story_likes.json
story_likes.json-0.4693769393928453,unknown,2025-12-18T09:55:34.000Z,"","","identity","",story_likes.json,/Users/kriskleva/Documents/ModernDayCircusManager/instagram-moderndaycircus-2026-03-09-mDWWVNXF/your_instagram_activity/story_interactions/story_likes.json
story_likes.json-0.5035593871534636,unknown,2025-12-18T08:03:01.000Z,"","","identity","",story_likes.json,/Users/kriskleva/Documents/ModernDayCircusManager/instagram-moderndaycircus-2026-03-09-mDWWVNXF/your_instagram_activity/story_interactions/story_likes.json
story_likes.json-0.2751456194962423,unknown,2025-12-17T20:42:50.000Z,"","","identity","",story_likes.json,/Users/kriskleva/Documents/ModernDayCircusManager/instagram-moderndaycircus-2026-03-09-mDWWVNXF/your_instagram_activity/story_interactions/story_likes.json
story_likes.json-0.7438834276580497,unknown,2025-12-17T20:42:48.000Z,"","","identity","",story_likes.json,/Users/kriskleva/Documents/ModernDayCircusManager/instagram-moderndaycircus-2026-03-09-mDWWVNXF/your_instagram_activity/story_interactions/story_likes.json
story_likes.json-0.848804966218963,unknown,2025-12-17T20:42:45.000Z,"","","identity","",story_likes.json,/Users/kriskleva/Documents/ModernDayCircusManager/instagram-moderndaycircus-2026-03-09-mDWWVNXF/your_instagram_activity/story_interactions/story_likes.json
story_likes.json-0.36668589477539637,unknown,2025-12-17T20:42:43.000Z,"","","identity","",story_likes.json,/Users/kriskleva/Documents/ModernDayCircusManager/instagram-moderndaycircus-2026-03-09-mDWWVNXF/your_instagram_activity/story_interactions/story_likes.json
story_likes.json-0.7158056738173857,unknown,2025-12-17T20:42:39.000Z,"","","identity","",story_likes.json,/Users/kriskleva/Documents/ModernDayCircusManager/instagram-moderndaycircus-2026-03-09-mDWWVNXF/your_instagram_activity/story_interactions/story_likes.json
story_likes.json-0.7065917691278254,unknown,2025-12-17T20:42:37.000Z,"","","identity","",story_likes.json,/Users/kriskleva/Documents/ModernDayCircusManager/instagram-moderndaycircus-2026-03-09-mDWWVNXF/your_instagram_activity/story_interactions/story_likes.json
story_likes.json-0.3347866937559565,unknown,2025-12-17T20:27:51.000Z,"","","identity","",story_likes.json,/Users/kriskleva/Documents/ModernDayCircusManager/instagram-moderndaycircus-2026-03-09-mDWWVNXF/your_instagram_activity/story_interactions/story_likes.json
story_likes.json-0.08394908353961661,unknown,2025-12-17T15:17:16.000Z,"","","identity","",story_likes.json,/Users/kriskleva/Documents/ModernDayCircusManager/instagram-moderndaycircus-2026-03-09-mDWWVNXF/your_instagram_activity/story_interactions/story_likes.json
story_likes.json-0.997523516221295,unknown,2025-12-17T07:45:25.000Z,"","","identity","",story_likes.json,/Users/kriskleva/Documents/ModernDayCircusManager/instagram-moderndaycircus-2026-03-09-mDWWVNXF/your_instagram_activity/story_interactions/story_likes.json
story_likes.json-0.6108723237453639,unknown,2025-12-17T07:44:48.000Z,"","","identity","",story_likes.json,/Users/kriskleva/Documents/ModernDayCircusManager/instagram-moderndaycircus-2026-03-09-mDWWVNXF/your_instagram_activity/story_interactions/story_likes.json
story_likes.json-0.5780686069118686,unknown,2025-12-17T07:44:32.000Z,"","","identity","",story_likes.json,/Users/kriskleva/Documents/ModernDayCircusManager/instagram-moderndaycircus-2026-03-09-mDWWVNXF/your_instagram_activity/story_interactions/story_likes.json
story_likes.json-0.2059896267707484,unknown,2025-12-17T07:44:13.000Z,"","","identity","",story_likes.json,/Users/kriskleva/Documents/ModernDayCircusManager/instagram-moderndaycircus-2026-03-09-mDWWVNXF/your_instagram_activity/story_interactions/story_likes.json
story_likes.json-0.9686643261188734,unknown,2025-12-17T07:44:07.000Z,"","","identity","",story_likes.json,/Users/kriskleva/Documents/ModernDayCircusManager/instagram-moderndaycircus-2026-03-09-mDWWVNXF/your_instagram_activity/story_interactions/story_likes.json
story_likes.json-0.03945872622768465,unknown,2025-12-17T07:29:59.000Z,"","","identity","",story_likes.json,/Users/kriskleva/Documents/ModernDayCircusManager/instagram-moderndaycircus-2026-03-09-mDWWVNXF/your_instagram_activity/story_interactions/story_likes.json
story_likes.json-0.32791026591808214,unknown,2025-12-17T07:27:05.000Z,"","","identity","",story_likes.json,/Users/kriskleva/Documents/ModernDayCircusManager/instagram-moderndaycircus-2026-03-09-mDWWVNXF/your_instagram_activity/story_interactions/story_likes.json
story_likes.json-0.46659936690997794,unknown,2025-12-17T07:26:57.000Z,"","","identity","",story_likes.json,/Users/kriskleva/Documents/ModernDayCircusManager/instagram-moderndaycircus-2026-03-09-mDWWVNXF/your_instagram_activity/story_interactions/story_likes.json
story_likes.json-0.6821933435981598,unknown,2025-12-17T07:26:45.000Z,"","","identity","",story_likes.json,/Users/kriskleva/Documents/ModernDayCircusManager/instagram-moderndaycircus-2026-03-09-mDWWVNXF/your_instagram_activity/story_interactions/story_likes.json
story_likes.json-0.7444810156031654,unknown,2025-12-17T04:15:02.000Z,"","","identity","",story_likes.json,/Users/kriskleva/Documents/ModernDayCircusManager/instagram-moderndaycircus-2026-03-09-mDWWVNXF/your_instagram_activity/story_interactions/story_likes.json
story_likes.json-0.028443347419736753,unknown,2025-12-17T04:14:54.000Z,"","","identity","",story_likes.json,/Users/kriskleva/Documents/ModernDayCircusManager/instagram-moderndaycircus-2026-03-09-mDWWVNXF/your_instagram_activity/story_interactions/story_likes.json
story_likes.json-0.16582448206733003,unknown,2025-12-17T04:14:41.000Z,"","","identity","",story_likes.json,/Users/kriskleva/Documents/ModernDayCircusManager/instagram-moderndaycircus-2026-03-09-mDWWVNXF/your_instagram_activity/story_interactions/story_likes.json
story_likes.json-0.8281309573123707,unknown,2025-12-15T19:42:32.000Z,"","","identity","",story_likes.json,/Users/kriskleva/Documents/ModernDayCircusManager/instagram-moderndaycircus-2026-03-09-mDWWVNXF/your_instagram_activity/story_interactions/story_likes.json
story_likes.json-0.7377696347777867,unknown,2025-12-15T10:27:59.000Z,"","","identity","",story_likes.json,/Users/kriskleva/Documents/ModernDayCircusManager/instagram-moderndaycircus-2026-03-09-mDWWVNXF/your_instagram_activity/story_interactions/story_likes.json
story_likes.json-0.010054399399023417,unknown,2025-12-15T10:27:56.000Z,"","","identity","",story_likes.json,/Users/kriskleva/Documents/ModernDayCircusManager/instagram-moderndaycircus-2026-03-09-mDWWVNXF/your_instagram_activity/story_interactions/story_likes.json
story_likes.json-0.4667256815439407,unknown,2025-12-14T10:50:54.000Z,"","","identity","",story_likes.json,/Users/kriskleva/Documents/ModernDayCircusManager/instagram-moderndaycircus-2026-03-09-mDWWVNXF/your_instagram_activity/story_interactions/story_likes.json
story_likes.json-0.5212497639460898,unknown,2025-12-14T10:45:25.000Z,"","","identity","",story_likes.json,/Users/kriskleva/Documents/ModernDayCircusManager/instagram-moderndaycircus-2026-03-09-mDWWVNXF/your_instagram_activity/story_interactions/story_likes.json
story_likes.json-0.03611707464236691,unknown,2025-12-14T10:44:36.000Z,"","","identity","",story_likes.json,/Users/kriskleva/Documents/ModernDayCircusManager/instagram-moderndaycircus-2026-03-09-mDWWVNXF/your_instagram_activity/story_interactions/story_likes.json
story_likes.json-0.8657057666292372,unknown,2025-12-14T10:44:27.000Z,"","","identity","",story_likes.json,/Users/kriskleva/Documents/ModernDayCircusManager/instagram-moderndaycircus-2026-03-09-mDWWVNXF/your_instagram_activity/story_interactions/story_likes.json
story_likes.json-0.304140520042651,unknown,2025-12-14T10:42:26.000Z,"","","identity","",story_likes.json,/Users/kriskleva/Documents/ModernDayCircusManager/instagram-moderndaycircus-2026-03-09-mDWWVNXF/your_instagram_activity/story_interactions/story_likes.json
story_likes.json-0.09085768787366999,unknown,2025-12-14T10:40:56.000Z,"","","identity","",story_likes.json,/Users/kriskleva/Documents/ModernDayCircusManager/instagram-moderndaycircus-2026-03-09-mDWWVNXF/your_instagram_activity/story_interactions/story_likes.json
story_likes.json-0.27088619758198207,unknown,2025-12-14T10:39:44.000Z,"","","identity","",story_likes.json,/Users/kriskleva/Documents/ModernDayCircusManager/instagram-moderndaycircus-2026-03-09-mDWWVNXF/your_instagram_activity/story_interactions/story_likes.json
story_likes.json-0.7788739900549828,unknown,2025-12-13T21:23:51.000Z,"","","identity","",story_likes.json,/Users/kriskleva/Documents/ModernDayCircusManager/instagram-moderndaycircus-2026-03-09-mDWWVNXF/your_instagram_activity/story_interactions/story_likes.json
story_likes.json-0.45299779707316534,unknown,2025-12-13T21:23:37.000Z,"","","identity","",story_likes.json,/Users/kriskleva/Documents/ModernDayCircusManager/instagram-moderndaycircus-2026-03-09-mDWWVNXF/your_instagram_activity/story_interactions/story_likes.json
story_likes.json-0.5114685550727311,unknown,2025-12-13T21:23:34.000Z,"","","identity","",story_likes.json,/Users/kriskleva/Documents/ModernDayCircusManager/instagram-moderndaycircus-2026-03-09-mDWWVNXF/your_instagram_activity/story_interactions/story_likes.json
story_likes.json-0.1748884757347937,unknown,2025-12-13T21:23:33.000Z,"","","identity","",story_likes.json,/Users/kriskleva/Documents/ModernDayCircusManager/instagram-moderndaycircus-2026-03-09-mDWWVNXF/your_instagram_activity/story_interactions/story_likes.json
story_likes.json-0.00041171078973123443,unknown,2025-12-13T21:23:24.000Z,"","","identity","",story_likes.json,/Users/kriskleva/Documents/ModernDayCircusManager/instagram-moderndaycircus-2026-03-09-mDWWVNXF/your_instagram_activity/story_interactions/story_likes.json
story_likes.json-0.3479471755208605,unknown,2025-12-13T20:38:03.000Z,"","","identity","",story_likes.json,/Users/kriskleva/Documents/ModernDayCircusManager/instagram-moderndaycircus-2026-03-09-mDWWVNXF/your_instagram_activity/story_interactions/story_likes.json
story_likes.json-0.5845398663907468,unknown,2025-12-13T19:37:24.000Z,"","","identity","",story_likes.json,/Users/kriskleva/Documents/ModernDayCircusManager/instagram-moderndaycircus-2026-03-09-mDWWVNXF/your_instagram_activity/story_interactions/story_likes.json
story_likes.json-0.8459013794707682,unknown,2025-12-13T19:36:56.000Z,"","","identity","",story_likes.json,/Users/kriskleva/Documents/ModernDayCircusManager/instagram-moderndaycircus-2026-03-09-mDWWVNXF/your_instagram_activity/story_interactions/story_likes.json
story_likes.json-0.5006434680009628,unknown,2025-12-13T19:36:52.000Z,"","","identity","",story_likes.json,/Users/kriskleva/Documents/ModernDayCircusManager/instagram-moderndaycircus-2026-03-09-mDWWVNXF/your_instagram_activity/story_interactions/story_likes.json
story_likes.json-0.9671625714710117,unknown,2025-12-12T17:41:13.000Z,"","","identity","",story_likes.json,/Users/kriskleva/Documents/ModernDayCircusManager/instagram-moderndaycircus-2026-03-09-mDWWVNXF/your_instagram_activity/story_interactions/story_likes.json
story_likes.json-0.4563261286460625,unknown,2025-12-12T17:41:02.000Z,"","","identity","",story_likes.json,/Users/kriskleva/Documents/ModernDayCircusManager/instagram-moderndaycircus-2026-03-09-mDWWVNXF/your_instagram_activity/story_interactions/story_likes.json
story_likes.json-0.3480968300039202,unknown,2025-12-12T17:40:44.000Z,"","","identity","",story_likes.json,/Users/kriskleva/Documents/ModernDayCircusManager/instagram-moderndaycircus-2026-03-09-mDWWVNXF/your_instagram_activity/story_interactions/story_likes.json
story_likes.json-0.10725059673453896,unknown,2025-12-12T17:40:27.000Z,"","","identity","",story_likes.json,/Users/kriskleva/Documents/ModernDayCircusManager/instagram-moderndaycircus-2026-03-09-mDWWVNXF/your_instagram_activity/story_interactions/story_likes.json
story_likes.json-0.059135234585969254,unknown,2025-12-11T13:51:48.000Z,"","","identity","",story_likes.json,/Users/kriskleva/Documents/ModernDayCircusManager/instagram-moderndaycircus-2026-03-09-mDWWVNXF/your_instagram_activity/story_interactions/story_likes.json
story_likes.json-0.8890215120069995,unknown,2025-12-11T08:55:47.000Z,"","","identity","",story_likes.json,/Users/kriskleva/Documents/ModernDayCircusManager/instagram-moderndaycircus-2026-03-09-mDWWVNXF/your_instagram_activity/story_interactions/story_likes.json
story_likes.json-0.7236274879146956,unknown,2025-12-11T08:54:27.000Z,"","","identity","",story_likes.json,/Users/kriskleva/Documents/ModernDayCircusManager/instagram-moderndaycircus-2026-03-09-mDWWVNXF/your_instagram_activity/story_interactions/story_likes.json
story_likes.json-0.6406902068650293,unknown,2025-12-11T08:54:01.000Z,"","","identity","",story_likes.json,/Users/kriskleva/Documents/ModernDayCircusManager/instagram-moderndaycircus-2026-03-09-mDWWVNXF/your_instagram_activity/story_interactions/story_likes.json
story_likes.json-0.8555526464453067,unknown,2025-12-11T08:53:59.000Z,"","","identity","",story_likes.json,/Users/kriskleva/Documents/ModernDayCircusManager/instagram-moderndaycircus-2026-03-09-mDWWVNXF/your_instagram_activity/story_interactions/story_likes.json
story_likes.json-0.3675106917874835,unknown,2025-12-11T08:52:37.000Z,"","","identity","",story_likes.json,/Users/kriskleva/Documents/ModernDayCircusManager/instagram-moderndaycircus-2026-03-09-mDWWVNXF/your_instagram_activity/story_interactions/story_likes.json
story_likes.json-0.02795571192115398,unknown,2025-12-11T02:44:49.000Z,"","","identity","",story_likes.json,/Users/kriskleva/Documents/ModernDayCircusManager/instagram-moderndaycircus-2026-03-09-mDWWVNXF/your_instagram_activity/story_interactions/story_likes.json
story_likes.json-0.8059434403827974,unknown,2025-12-10T18:43:49.000Z,"","","identity","",story_likes.json,/Users/kriskleva/Documents/ModernDayCircusManager/instagram-moderndaycircus-2026-03-09-mDWWVNXF/your_instagram_activity/story_interactions/story_likes.json
story_likes.json-0.7382439922216568,unknown,2025-12-10T18:42:46.000Z,"","","identity","",story_likes.json,/Users/kriskleva/Documents/ModernDayCircusManager/instagram-moderndaycircus-2026-03-09-mDWWVNXF/your_instagram_activity/story_interactions/story_likes.json
story_likes.json-0.23726359665072128,unknown,2025-12-10T03:01:50.000Z,"","","identity","",story_likes.json,/Users/kriskleva/Documents/ModernDayCircusManager/instagram-moderndaycircus-2026-03-09-mDWWVNXF/your_instagram_activity/story_interactions/story_likes.json
story_likes.json-0.4765772792752021,unknown,2025-12-09T21:28:05.000Z,"","","identity","",story_likes.json,/Users/kriskleva/Documents/ModernDayCircusManager/instagram-moderndaycircus-2026-03-09-mDWWVNXF/your_instagram_activity/story_interactions/story_likes.json
story_likes.json-0.9626092542022582,unknown,2025-12-09T15:56:19.000Z,"","","identity","",story_likes.json,/Users/kriskleva/Documents/ModernDayCircusManager/instagram-moderndaycircus-2026-03-09-mDWWVNXF/your_instagram_activity/story_interactions/story_likes.json
story_likes.json-0.5126768421977523,unknown,2025-12-09T15:56:17.000Z,"","","identity","",story_likes.json,/Users/kriskleva/Documents/ModernDayCircusManager/instagram-moderndaycircus-2026-03-09-mDWWVNXF/your_instagram_activity/story_interactions/story_likes.json
story_likes.json-0.02182739263847866,unknown,2025-12-09T01:40:31.000Z,"","","identity","",story_likes.json,/Users/kriskleva/Documents/ModernDayCircusManager/instagram-moderndaycircus-2026-03-09-mDWWVNXF/your_instagram_activity/story_interactions/story_likes.json
story_likes.json-0.43803262270026444,unknown,2025-12-09T01:40:23.000Z,"","","identity","",story_likes.json,/Users/kriskleva/Documents/ModernDayCircusManager/instagram-moderndaycircus-2026-03-09-mDWWVNXF/your_instagram_activity/story_interactions/story_likes.json
story_likes.json-0.12018733259218872,unknown,2025-12-09T01:40:21.000Z,"","","identity","",story_likes.json,/Users/kriskleva/Documents/ModernDayCircusManager/instagram-moderndaycircus-2026-03-09-mDWWVNXF/your_instagram_activity/story_interactions/story_likes.json
story_likes.json-0.521764984100028,unknown,2025-12-09T01:40:16.000Z,"","","identity","",story_likes.json,/Users/kriskleva/Documents/ModernDayCircusManager/instagram-moderndaycircus-2026-03-09-mDWWVNXF/your_instagram_activity/story_interactions/story_likes.json
story_likes.json-0.9025161845456355,unknown,2025-12-09T01:40:15.000Z,"","","identity","",story_likes.json,/Users/kriskleva/Documents/ModernDayCircusManager/instagram-moderndaycircus-2026-03-09-mDWWVNXF/your_instagram_activity/story_interactions/story_likes.json
story_likes.json-0.909701195690372,unknown,2025-12-09T01:40:14.000Z,"","","identity","",story_likes.json,/Users/kriskleva/Documents/ModernDayCircusManager/instagram-moderndaycircus-2026-03-09-mDWWVNXF/your_instagram_activity/story_interactions/story_likes.json
story_likes.json-0.8188974522338668,unknown,2025-12-09T01:40:13.000Z,"","","identity","",story_likes.json,/Users/kriskleva/Documents/ModernDayCircusManager/instagram-moderndaycircus-2026-03-09-mDWWVNXF/your_instagram_activity/story_interactions/story_likes.json
story_likes.json-0.35623125845548254,unknown,2025-12-09T01:40:07.000Z,"","","identity","",story_likes.json,/Users/kriskleva/Documents/ModernDayCircusManager/instagram-moderndaycircus-2026-03-09-mDWWVNXF/your_instagram_activity/story_interactions/story_likes.json
story_likes.json-0.9892856440622779,unknown,2025-12-09T01:40:05.000Z,"","","identity","",story_likes.json,/Users/kriskleva/Documents/ModernDayCircusManager/instagram-moderndaycircus-2026-03-09-mDWWVNXF/your_instagram_activity/story_interactions/story_likes.json
story_likes.json-0.7022694450417291,unknown,2025-12-09T01:39:56.000Z,"","","identity","",story_likes.json,/Users/kriskleva/Documents/ModernDayCircusManager/instagram-moderndaycircus-2026-03-09-mDWWVNXF/your_instagram_activity/story_interactions/story_likes.json
story_likes.json-0.6204638259090134,unknown,2025-12-09T01:39:31.000Z,"","","identity","",story_likes.json,/Users/kriskleva/Documents/ModernDayCircusManager/instagram-moderndaycircus-2026-03-09-mDWWVNXF/your_instagram_activity/story_interactions/story_likes.json
story_likes.json-0.8460109185059876,unknown,2025-12-09T01:39:29.000Z,"","","identity","",story_likes.json,/Users/kriskleva/Documents/ModernDayCircusManager/instagram-moderndaycircus-2026-03-09-mDWWVNXF/your_instagram_activity/story_interactions/story_likes.json
story_likes.json-0.6820891987878961,unknown,2025-12-08T00:21:19.000Z,"","","identity","",story_likes.json,/Users/kriskleva/Documents/ModernDayCircusManager/instagram-moderndaycircus-2026-03-09-mDWWVNXF/your_instagram_activity/story_interactions/story_likes.json
story_likes.json-0.20921531483753286,unknown,2025-12-08T00:20:35.000Z,"","","identity","",story_likes.json,/Users/kriskleva/Documents/ModernDayCircusManager/instagram-moderndaycircus-2026-03-09-mDWWVNXF/your_instagram_activity/story_interactions/story_likes.json
story_likes.json-0.05996842136686076,unknown,2025-12-08T00:04:33.000Z,"","","identity","",story_likes.json,/Users/kriskleva/Documents/ModernDayCircusManager/instagram-moderndaycircus-2026-03-09-mDWWVNXF/your_instagram_activity/story_interactions/story_likes.json
story_likes.json-0.7677851907660143,unknown,2025-12-08T00:04:30.000Z,"","","identity","",story_likes.json,/Users/kriskleva/Documents/ModernDayCircusManager/instagram-moderndaycircus-2026-03-09-mDWWVNXF/your_instagram_activity/story_interactions/story_likes.json
story_likes.json-0.9258607806747623,unknown,2025-12-08T00:04:22.000Z,"","","identity","",story_likes.json,/Users/kriskleva/Documents/ModernDayCircusManager/instagram-moderndaycircus-2026-03-09-mDWWVNXF/your_instagram_activity/story_interactions/story_likes.json
story_likes.json-0.09103646817420374,unknown,2025-12-08T00:02:50.000Z,"","","identity","",story_likes.json,/Users/kriskleva/Documents/ModernDayCircusManager/instagram-moderndaycircus-2026-03-09-mDWWVNXF/your_instagram_activity/story_interactions/story_likes.json
story_likes.json-0.8932902956836213,unknown,2025-12-08T00:02:39.000Z,"","","identity","",story_likes.json,/Users/kriskleva/Documents/ModernDayCircusManager/instagram-moderndaycircus-2026-03-09-mDWWVNXF/your_instagram_activity/story_interactions/story_likes.json
story_likes.json-0.851278086217717,unknown,2025-12-07T20:10:12.000Z,"","","identity","",story_likes.json,/Users/kriskleva/Documents/ModernDayCircusManager/instagram-moderndaycircus-2026-03-09-mDWWVNXF/your_instagram_activity/story_interactions/story_likes.json
story_likes.json-0.20688367342105285,unknown,2025-12-07T20:10:11.000Z,"","","identity","",story_likes.json,/Users/kriskleva/Documents/ModernDayCircusManager/instagram-moderndaycircus-2026-03-09-mDWWVNXF/your_instagram_activity/story_interactions/story_likes.json
story_likes.json-0.6624009928352896,unknown,2025-12-07T20:10:10.000Z,"","","identity","",story_likes.json,/Users/kriskleva/Documents/ModernDayCircusManager/instagram-moderndaycircus-2026-03-09-mDWWVNXF/your_instagram_activity/story_interactions/story_likes.json
story_likes.json-0.3393286223203771,unknown,2025-12-07T20:10:07.000Z,"","","identity","",story_likes.json,/Users/kriskleva/Documents/ModernDayCircusManager/instagram-moderndaycircus-2026-03-09-mDWWVNXF/your_instagram_activity/story_interactions/story_likes.json
story_likes.json-0.19843170675668764,unknown,2025-12-07T20:10:07.000Z,"","","identity","",story_likes.json,/Users/kriskleva/Documents/ModernDayCircusManager/instagram-moderndaycircus-2026-03-09-mDWWVNXF/your_instagram_activity/story_interactions/story_likes.json
story_likes.json-0.7117255712542037,unknown,2025-12-07T20:10:07.000Z,"","","identity","",story_likes.json,/Users/kriskleva/Documents/ModernDayCircusManager/instagram-moderndaycircus-2026-03-09-mDWWVNXF/your_instagram_activity/story_interactions/story_likes.json
story_likes.json-0.018517911554421618,unknown,2025-12-07T20:10:06.000Z,"","","identity","",story_likes.json,/Users/kriskleva/Documents/ModernDayCircusManager/instagram-moderndaycircus-2026-03-09-mDWWVNXF/your_instagram_activity/story_interactions/story_likes.json
story_likes.json-0.03247806190859537,unknown,2025-12-07T20:10:05.000Z,"","","identity","",story_likes.json,/Users/kriskleva/Documents/ModernDayCircusManager/instagram-moderndaycircus-2026-03-09-mDWWVNXF/your_instagram_activity/story_interactions/story_likes.json
story_likes.json-0.4884747797064284,unknown,2025-12-07T20:10:05.000Z,"","","identity","",story_likes.json,/Users/kriskleva/Documents/ModernDayCircusManager/instagram-moderndaycircus-2026-03-09-mDWWVNXF/your_instagram_activity/story_interactions/story_likes.json
story_likes.json-0.8563637353477735,unknown,2025-12-07T20:10:00.000Z,"","","identity","",story_likes.json,/Users/kriskleva/Documents/ModernDayCircusManager/instagram-moderndaycircus-2026-03-09-mDWWVNXF/your_instagram_activity/story_interactions/story_likes.json
story_likes.json-0.546842954026465,unknown,2025-12-07T20:08:57.000Z,"","","identity","",story_likes.json,/Users/kriskleva/Documents/ModernDayCircusManager/instagram-moderndaycircus-2026-03-09-mDWWVNXF/your_instagram_activity/story_interactions/story_likes.json
story_likes.json-0.05100159243939095,unknown,2025-12-07T20:08:54.000Z,"","","identity","",story_likes.json,/Users/kriskleva/Documents/ModernDayCircusManager/instagram-moderndaycircus-2026-03-09-mDWWVNXF/your_instagram_activity/story_interactions/story_likes.json
story_likes.json-0.5620703739406105,unknown,2025-12-06T11:45:28.000Z,"","","identity","",story_likes.json,/Users/kriskleva/Documents/ModernDayCircusManager/instagram-moderndaycircus-2026-03-09-mDWWVNXF/your_instagram_activity/story_interactions/story_likes.json
story_likes.json-0.3157344843458556,unknown,2025-12-06T11:43:20.000Z,"","","identity","",story_likes.json,/Users/kriskleva/Documents/ModernDayCircusManager/instagram-moderndaycircus-2026-03-09-mDWWVNXF/your_instagram_activity/story_interactions/story_likes.json
story_likes.json-0.9747983397613527,unknown,2025-12-04T23:39:41.000Z,"","","identity","",story_likes.json,/Users/kriskleva/Documents/ModernDayCircusManager/instagram-moderndaycircus-2026-03-09-mDWWVNXF/your_instagram_activity/story_interactions/story_likes.json
story_likes.json-0.2115689066534845,unknown,2025-12-04T23:39:40.000Z,"","","identity","",story_likes.json,/Users/kriskleva/Documents/ModernDayCircusManager/instagram-moderndaycircus-2026-03-09-mDWWVNXF/your_instagram_activity/story_interactions/story_likes.json
story_likes.json-0.027608964919673573,unknown,2025-12-04T19:17:25.000Z,"","","identity","",story_likes.json,/Users/kriskleva/Documents/ModernDayCircusManager/instagram-moderndaycircus-2026-03-09-mDWWVNXF/your_instagram_activity/story_interactions/story_likes.json
story_likes.json-0.7714626734496892,unknown,2025-12-04T17:53:34.000Z,"","","identity","",story_likes.json,/Users/kriskleva/Documents/ModernDayCircusManager/instagram-moderndaycircus-2026-03-09-mDWWVNXF/your_instagram_activity/story_interactions/story_likes.json
story_likes.json-0.8700647488349436,unknown,2025-12-04T17:51:30.000Z,"","","identity","",story_likes.json,/Users/kriskleva/Documents/ModernDayCircusManager/instagram-moderndaycircus-2026-03-09-mDWWVNXF/your_instagram_activity/story_interactions/story_likes.json
story_likes.json-0.6482785633845329,unknown,2025-12-02T13:12:01.000Z,"","","identity","",story_likes.json,/Users/kriskleva/Documents/ModernDayCircusManager/instagram-moderndaycircus-2026-03-09-mDWWVNXF/your_instagram_activity/story_interactions/story_likes.json
story_likes.json-0.32423974959300916,unknown,2025-12-02T13:11:48.000Z,"","","identity","",story_likes.json,/Users/kriskleva/Documents/ModernDayCircusManager/instagram-moderndaycircus-2026-03-09-mDWWVNXF/your_instagram_activity/story_interactions/story_likes.json
story_likes.json-0.4236517671979487,unknown,2025-11-30T17:50:10.000Z,"","","identity","",story_likes.json,/Users/kriskleva/Documents/ModernDayCircusManager/instagram-moderndaycircus-2026-03-09-mDWWVNXF/your_instagram_activity/story_interactions/story_likes.json
story_likes.json-0.2212880886278923,unknown,2025-11-30T17:47:33.000Z,"","","identity","",story_likes.json,/Users/kriskleva/Documents/ModernDayCircusManager/instagram-moderndaycircus-2026-03-09-mDWWVNXF/your_instagram_activity/story_interactions/story_likes.json
story_likes.json-0.9591173684943477,unknown,2025-11-28T17:38:32.000Z,"","","identity","",story_likes.json,/Users/kriskleva/Documents/ModernDayCircusManager/instagram-moderndaycircus-2026-03-09-mDWWVNXF/your_instagram_activity/story_interactions/story_likes.json
story_likes.json-0.7757536227460231,unknown,2025-11-28T17:38:00.000Z,"","","identity","",story_likes.json,/Users/kriskleva/Documents/ModernDayCircusManager/instagram-moderndaycircus-2026-03-09-mDWWVNXF/your_instagram_activity/story_interactions/story_likes.json
story_likes.json-0.4148493228366614,unknown,2025-11-28T17:37:12.000Z,"","","identity","",story_likes.json,/Users/kriskleva/Documents/ModernDayCircusManager/instagram-moderndaycircus-2026-03-09-mDWWVNXF/your_instagram_activity/story_interactions/story_likes.json
story_likes.json-0.6935117380597888,unknown,2025-11-28T17:36:16.000Z,"","","identity","",story_likes.json,/Users/kriskleva/Documents/ModernDayCircusManager/instagram-moderndaycircus-2026-03-09-mDWWVNXF/your_instagram_activity/story_interactions/story_likes.json
story_likes.json-0.8107817267107671,unknown,2025-11-22T18:56:28.000Z,"","","identity","",story_likes.json,/Users/kriskleva/Documents/ModernDayCircusManager/instagram-moderndaycircus-2026-03-09-mDWWVNXF/your_instagram_activity/story_interactions/story_likes.json
story_likes.json-0.24445858624393413,unknown,2025-11-22T14:12:40.000Z,"","","identity","",story_likes.json,/Users/kriskleva/Documents/ModernDayCircusManager/instagram-moderndaycircus-2026-03-09-mDWWVNXF/your_instagram_activity/story_interactions/story_likes.json
story_likes.json-0.5784959071379836,unknown,2025-11-22T01:40:25.000Z,"","","identity","",story_likes.json,/Users/kriskleva/Documents/ModernDayCircusManager/instagram-moderndaycircus-2026-03-09-mDWWVNXF/your_instagram_activity/story_interactions/story_likes.json
story_likes.json-0.4813077234324974,unknown,2025-11-18T18:50:39.000Z,"","","identity","",story_likes.json,/Users/kriskleva/Documents/ModernDayCircusManager/instagram-moderndaycircus-2026-03-09-mDWWVNXF/your_instagram_activity/story_interactions/story_likes.json
story_likes.json-0.045350538892003245,unknown,2025-11-18T18:50:33.000Z,"","","identity","",story_likes.json,/Users/kriskleva/Documents/ModernDayCircusManager/instagram-moderndaycircus-2026-03-09-mDWWVNXF/your_instagram_activity/story_interactions/story_likes.json
story_likes.json-0.43823206448938534,unknown,2025-11-18T10:02:56.000Z,"","","identity","",story_likes.json,/Users/kriskleva/Documents/ModernDayCircusManager/instagram-moderndaycircus-2026-03-09-mDWWVNXF/your_instagram_activity/story_interactions/story_likes.json
story_likes.json-0.9001898308070451,unknown,2025-11-17T11:16:54.000Z,"","","identity","",story_likes.json,/Users/kriskleva/Documents/ModernDayCircusManager/instagram-moderndaycircus-2026-03-09-mDWWVNXF/your_instagram_activity/story_interactions/story_likes.json
story_likes.json-0.7598399318989699,unknown,2025-11-17T11:02:50.000Z,"","","identity","",story_likes.json,/Users/kriskleva/Documents/ModernDayCircusManager/instagram-moderndaycircus-2026-03-09-mDWWVNXF/your_instagram_activity/story_interactions/story_likes.json
story_likes.json-0.7816473156782564,unknown,2025-11-17T11:02:44.000Z,"","","identity","",story_likes.json,/Users/kriskleva/Documents/ModernDayCircusManager/instagram-moderndaycircus-2026-03-09-mDWWVNXF/your_instagram_activity/story_interactions/story_likes.json
story_likes.json-0.4500080913665625,unknown,2025-11-17T11:01:35.000Z,"","","identity","",story_likes.json,/Users/kriskleva/Documents/ModernDayCircusManager/instagram-moderndaycircus-2026-03-09-mDWWVNXF/your_instagram_activity/story_interactions/story_likes.json
story_likes.json-0.42731163944271366,unknown,2025-11-17T11:01:33.000Z,"","","identity","",story_likes.json,/Users/kriskleva/Documents/ModernDayCircusManager/instagram-moderndaycircus-2026-03-09-mDWWVNXF/your_instagram_activity/story_interactions/story_likes.json
story_likes.json-0.5308285475250567,unknown,2025-11-16T23:39:39.000Z,"","","identity","",story_likes.json,/Users/kriskleva/Documents/ModernDayCircusManager/instagram-moderndaycircus-2026-03-09-mDWWVNXF/your_instagram_activity/story_interactions/story_likes.json
story_likes.json-0.9174855949241445,unknown,2025-11-16T20:55:45.000Z,"","","identity","",story_likes.json,/Users/kriskleva/Documents/ModernDayCircusManager/instagram-moderndaycircus-2026-03-09-mDWWVNXF/your_instagram_activity/story_interactions/story_likes.json
story_likes.json-0.9767684447751792,unknown,2025-11-16T20:16:57.000Z,"","","identity","",story_likes.json,/Users/kriskleva/Documents/ModernDayCircusManager/instagram-moderndaycircus-2026-03-09-mDWWVNXF/your_instagram_activity/story_interactions/story_likes.json
story_likes.json-0.1435413604231217,unknown,2025-11-14T20:23:24.000Z,"","","identity","",story_likes.json,/Users/kriskleva/Documents/ModernDayCircusManager/instagram-moderndaycircus-2026-03-09-mDWWVNXF/your_instagram_activity/story_interactions/story_likes.json
story_likes.json-0.8395298758284611,unknown,2025-11-14T10:17:32.000Z,"","","identity","",story_likes.json,/Users/kriskleva/Documents/ModernDayCircusManager/instagram-moderndaycircus-2026-03-09-mDWWVNXF/your_instagram_activity/story_interactions/story_likes.json
story_likes.json-0.8216149956013732,unknown,2025-11-14T10:17:27.000Z,"","","identity","",story_likes.json,/Users/kriskleva/Documents/ModernDayCircusManager/instagram-moderndaycircus-2026-03-09-mDWWVNXF/your_instagram_activity/story_interactions/story_likes.json
story_likes.json-0.16515924733869536,unknown,2025-11-14T10:17:12.000Z,"","","identity","",story_likes.json,/Users/kriskleva/Documents/ModernDayCircusManager/instagram-moderndaycircus-2026-03-09-mDWWVNXF/your_instagram_activity/story_interactions/story_likes.json
story_likes.json-0.5717812080156419,unknown,2025-11-14T10:17:07.000Z,"","","identity","",story_likes.json,/Users/kriskleva/Documents/ModernDayCircusManager/instagram-moderndaycircus-2026-03-09-mDWWVNXF/your_instagram_activity/story_interactions/story_likes.json
story_likes.json-0.44667885196116086,unknown,2025-11-12T01:32:34.000Z,"","","identity","",story_likes.json,/Users/kriskleva/Documents/ModernDayCircusManager/instagram-moderndaycircus-2026-03-09-mDWWVNXF/your_instagram_activity/story_interactions/story_likes.json
story_likes.json-0.01242338264926346,unknown,2025-11-11T10:45:30.000Z,"","","identity","",story_likes.json,/Users/kriskleva/Documents/ModernDayCircusManager/instagram-moderndaycircus-2026-03-09-mDWWVNXF/your_instagram_activity/story_interactions/story_likes.json
story_likes.json-0.20852282833651525,unknown,2025-11-10T10:27:14.000Z,"","","identity","",story_likes.json,/Users/kriskleva/Documents/ModernDayCircusManager/instagram-moderndaycircus-2026-03-09-mDWWVNXF/your_instagram_activity/story_interactions/story_likes.json
story_likes.json-0.9190120534252191,unknown,2025-11-10T10:26:59.000Z,"","","identity","",story_likes.json,/Users/kriskleva/Documents/ModernDayCircusManager/instagram-moderndaycircus-2026-03-09-mDWWVNXF/your_instagram_activity/story_interactions/story_likes.json
story_likes.json-0.43144709912109924,unknown,2025-11-10T10:26:14.000Z,"","","identity","",story_likes.json,/Users/kriskleva/Documents/ModernDayCircusManager/instagram-moderndaycircus-2026-03-09-mDWWVNXF/your_instagram_activity/story_interactions/story_likes.json
story_likes.json-0.6258215478979849,unknown,2025-11-09T20:30:15.000Z,"","","identity","",story_likes.json,/Users/kriskleva/Documents/ModernDayCircusManager/instagram-moderndaycircus-2026-03-09-mDWWVNXF/your_instagram_activity/story_interactions/story_likes.json
story_likes.json-0.24685107984851506,unknown,2025-11-07T12:13:53.000Z,"","","identity","",story_likes.json,/Users/kriskleva/Documents/ModernDayCircusManager/instagram-moderndaycircus-2026-03-09-mDWWVNXF/your_instagram_activity/story_interactions/story_likes.json
story_likes.json-0.6052252081939511,unknown,2025-11-06T20:19:32.000Z,"","","identity","",story_likes.json,/Users/kriskleva/Documents/ModernDayCircusManager/instagram-moderndaycircus-2026-03-09-mDWWVNXF/your_instagram_activity/story_interactions/story_likes.json
story_likes.json-0.6675758432388164,unknown,2025-11-06T02:04:55.000Z,"","","identity","",story_likes.json,/Users/kriskleva/Documents/ModernDayCircusManager/instagram-moderndaycircus-2026-03-09-mDWWVNXF/your_instagram_activity/story_interactions/story_likes.json
story_likes.json-0.6380670756590168,unknown,2025-11-06T02:04:36.000Z,"","","identity","",story_likes.json,/Users/kriskleva/Documents/ModernDayCircusManager/instagram-moderndaycircus-2026-03-09-mDWWVNXF/your_instagram_activity/story_interactions/story_likes.json
story_likes.json-0.7995886528220684,unknown,2025-11-05T20:23:23.000Z,"","","identity","",story_likes.json,/Users/kriskleva/Documents/ModernDayCircusManager/instagram-moderndaycircus-2026-03-09-mDWWVNXF/your_instagram_activity/story_interactions/story_likes.json
story_likes.json-0.40244079052332515,unknown,2025-11-05T20:22:58.000Z,"","","identity","",story_likes.json,/Users/kriskleva/Documents/ModernDayCircusManager/instagram-moderndaycircus-2026-03-09-mDWWVNXF/your_instagram_activity/story_interactions/story_likes.json
story_likes.json-0.8920543565954144,unknown,2025-11-05T20:22:42.000Z,"","","identity","",story_likes.json,/Users/kriskleva/Documents/ModernDayCircusManager/instagram-moderndaycircus-2026-03-09-mDWWVNXF/your_instagram_activity/story_interactions/story_likes.json
story_likes.json-0.25425443160452654,unknown,2025-11-05T12:59:53.000Z,"","","identity","",story_likes.json,/Users/kriskleva/Documents/ModernDayCircusManager/instagram-moderndaycircus-2026-03-09-mDWWVNXF/your_instagram_activity/story_interactions/story_likes.json
story_likes.json-0.5857894647586177,unknown,2025-11-05T12:53:48.000Z,"","","identity","",story_likes.json,/Users/kriskleva/Documents/ModernDayCircusManager/instagram-moderndaycircus-2026-03-09-mDWWVNXF/your_instagram_activity/story_interactions/story_likes.json
story_likes.json-0.49440868685160577,unknown,2025-11-05T12:53:31.000Z,"","","identity","",story_likes.json,/Users/kriskleva/Documents/ModernDayCircusManager/instagram-moderndaycircus-2026-03-09-mDWWVNXF/your_instagram_activity/story_interactions/story_likes.json
story_likes.json-0.10218774588305357,unknown,2025-11-04T21:08:22.000Z,"","","identity","",story_likes.json,/Users/kriskleva/Documents/ModernDayCircusManager/instagram-moderndaycircus-2026-03-09-mDWWVNXF/your_instagram_activity/story_interactions/story_likes.json
story_likes.json-0.7827268451684666,unknown,2025-11-04T20:09:22.000Z,"","","identity","",story_likes.json,/Users/kriskleva/Documents/ModernDayCircusManager/instagram-moderndaycircus-2026-03-09-mDWWVNXF/your_instagram_activity/story_interactions/story_likes.json
story_likes.json-0.33295685400105857,unknown,2025-11-04T20:08:57.000Z,"","","identity","",story_likes.json,/Users/kriskleva/Documents/ModernDayCircusManager/instagram-moderndaycircus-2026-03-09-mDWWVNXF/your_instagram_activity/story_interactions/story_likes.json
story_likes.json-0.4411146555517944,unknown,2025-11-04T20:08:51.000Z,"","","identity","",story_likes.json,/Users/kriskleva/Documents/ModernDayCircusManager/instagram-moderndaycircus-2026-03-09-mDWWVNXF/your_instagram_activity/story_interactions/story_likes.json
story_likes.json-0.9415656127278675,unknown,2025-11-04T20:08:46.000Z,"","","identity","",story_likes.json,/Users/kriskleva/Documents/ModernDayCircusManager/instagram-moderndaycircus-2026-03-09-mDWWVNXF/your_instagram_activity/story_interactions/story_likes.json
story_likes.json-0.14806886203773173,unknown,2025-11-04T11:17:23.000Z,"","","identity","",story_likes.json,/Users/kriskleva/Documents/ModernDayCircusManager/instagram-moderndaycircus-2026-03-09-mDWWVNXF/your_instagram_activity/story_interactions/story_likes.json
story_likes.json-0.08079513919654668,unknown,2025-11-03T19:30:09.000Z,"","","identity","",story_likes.json,/Users/kriskleva/Documents/ModernDayCircusManager/instagram-moderndaycircus-2026-03-09-mDWWVNXF/your_instagram_activity/story_interactions/story_likes.json
story_likes.json-0.5573656260506898,unknown,2025-11-03T19:30:06.000Z,"","","identity","",story_likes.json,/Users/kriskleva/Documents/ModernDayCircusManager/instagram-moderndaycircus-2026-03-09-mDWWVNXF/your_instagram_activity/story_interactions/story_likes.json
story_likes.json-0.7843430427811275,unknown,2025-11-02T11:41:21.000Z,"","","identity","",story_likes.json,/Users/kriskleva/Documents/ModernDayCircusManager/instagram-moderndaycircus-2026-03-09-mDWWVNXF/your_instagram_activity/story_interactions/story_likes.json
story_likes.json-0.04129425294984124,unknown,2025-10-31T22:18:43.000Z,"","","identity","",story_likes.json,/Users/kriskleva/Documents/ModernDayCircusManager/instagram-moderndaycircus-2026-03-09-mDWWVNXF/your_instagram_activity/story_interactions/story_likes.json
story_likes.json-0.6764418405725634,unknown,2025-10-31T22:18:40.000Z,"","","identity","",story_likes.json,/Users/kriskleva/Documents/ModernDayCircusManager/instagram-moderndaycircus-2026-03-09-mDWWVNXF/your_instagram_activity/story_interactions/story_likes.json
story_likes.json-0.03267034138172353,unknown,2025-10-31T22:12:43.000Z,"","","identity","",story_likes.json,/Users/kriskleva/Documents/ModernDayCircusManager/instagram-moderndaycircus-2026-03-09-mDWWVNXF/your_instagram_activity/story_interactions/story_likes.json
story_likes.json-0.9800101963774033,unknown,2025-10-31T16:26:50.000Z,"","","identity","",story_likes.json,/Users/kriskleva/Documents/ModernDayCircusManager/instagram-moderndaycircus-2026-03-09-mDWWVNXF/your_instagram_activity/story_interactions/story_likes.json
story_likes.json-0.1849127849180776,unknown,2025-10-31T16:26:35.000Z,"","","identity","",story_likes.json,/Users/kriskleva/Documents/ModernDayCircusManager/instagram-moderndaycircus-2026-03-09-mDWWVNXF/your_instagram_activity/story_interactions/story_likes.json
story_likes.json-0.8804856784707604,unknown,2025-10-31T15:58:30.000Z,"","","identity","",story_likes.json,/Users/kriskleva/Documents/ModernDayCircusManager/instagram-moderndaycircus-2026-03-09-mDWWVNXF/your_instagram_activity/story_interactions/story_likes.json
story_likes.json-0.5559976400768991,unknown,2025-10-31T15:57:52.000Z,"","","identity","",story_likes.json,/Users/kriskleva/Documents/ModernDayCircusManager/instagram-moderndaycircus-2026-03-09-mDWWVNXF/your_instagram_activity/story_interactions/story_likes.json
story_likes.json-0.5635360476763698,unknown,2025-10-31T15:42:18.000Z,"","","identity","",story_likes.json,/Users/kriskleva/Documents/ModernDayCircusManager/instagram-moderndaycircus-2026-03-09-mDWWVNXF/your_instagram_activity/story_interactions/story_likes.json
story_likes.json-0.1362511203468284,unknown,2025-10-29T17:25:10.000Z,"","","identity","",story_likes.json,/Users/kriskleva/Documents/ModernDayCircusManager/instagram-moderndaycircus-2026-03-09-mDWWVNXF/your_instagram_activity/story_interactions/story_likes.json
story_likes.json-0.8767449049350693,unknown,2025-10-29T16:46:25.000Z,"","","identity","",story_likes.json,/Users/kriskleva/Documents/ModernDayCircusManager/instagram-moderndaycircus-2026-03-09-mDWWVNXF/your_instagram_activity/story_interactions/story_likes.json
story_likes.json-0.17016707780465246,unknown,2025-10-29T16:46:19.000Z,"","","identity","",story_likes.json,/Users/kriskleva/Documents/ModernDayCircusManager/instagram-moderndaycircus-2026-03-09-mDWWVNXF/your_instagram_activity/story_interactions/story_likes.json
story_likes.json-0.09451315729561682,unknown,2025-10-26T10:13:09.000Z,"","","identity","",story_likes.json,/Users/kriskleva/Documents/ModernDayCircusManager/instagram-moderndaycircus-2026-03-09-mDWWVNXF/your_instagram_activity/story_interactions/story_likes.json
story_likes.json-0.15421284215782927,unknown,2025-10-26T10:09:37.000Z,"","","identity","",story_likes.json,/Users/kriskleva/Documents/ModernDayCircusManager/instagram-moderndaycircus-2026-03-09-mDWWVNXF/your_instagram_activity/story_interactions/story_likes.json
story_likes.json-0.889633043186447,unknown,2025-10-26T10:08:28.000Z,"","","identity","",story_likes.json,/Users/kriskleva/Documents/ModernDayCircusManager/instagram-moderndaycircus-2026-03-09-mDWWVNXF/your_instagram_activity/story_interactions/story_likes.json
story_likes.json-0.6676658904921671,unknown,2025-10-25T17:03:25.000Z,"","","identity","",story_likes.json,/Users/kriskleva/Documents/ModernDayCircusManager/instagram-moderndaycircus-2026-03-09-mDWWVNXF/your_instagram_activity/story_interactions/story_likes.json
story_likes.json-0.3706375470808736,unknown,2025-10-21T08:36:53.000Z,"","","identity","",story_likes.json,/Users/kriskleva/Documents/ModernDayCircusManager/instagram-moderndaycircus-2026-03-09-mDWWVNXF/your_instagram_activity/story_interactions/story_likes.json
story_likes.json-0.24070165006714772,unknown,2025-10-17T18:55:35.000Z,"","","identity","",story_likes.json,/Users/kriskleva/Documents/ModernDayCircusManager/instagram-moderndaycircus-2026-03-09-mDWWVNXF/your_instagram_activity/story_interactions/story_likes.json
story_likes.json-0.4355864585344027,unknown,2025-10-17T18:55:22.000Z,"","","identity","",story_likes.json,/Users/kriskleva/Documents/ModernDayCircusManager/instagram-moderndaycircus-2026-03-09-mDWWVNXF/your_instagram_activity/story_interactions/story_likes.json
story_likes.json-0.7942418573934564,unknown,2025-10-17T18:54:48.000Z,"","","identity","",story_likes.json,/Users/kriskleva/Documents/ModernDayCircusManager/instagram-moderndaycircus-2026-03-09-mDWWVNXF/your_instagram_activity/story_interactions/story_likes.json
story_likes.json-0.12218817862978426,unknown,2025-10-17T18:54:30.000Z,"","","identity","",story_likes.json,/Users/kriskleva/Documents/ModernDayCircusManager/instagram-moderndaycircus-2026-03-09-mDWWVNXF/your_instagram_activity/story_interactions/story_likes.json
story_likes.json-0.7076533293520166,unknown,2025-10-17T18:54:28.000Z,"","","identity","",story_likes.json,/Users/kriskleva/Documents/ModernDayCircusManager/instagram-moderndaycircus-2026-03-09-mDWWVNXF/your_instagram_activity/story_interactions/story_likes.json
story_likes.json-0.026836356471164446,unknown,2025-10-15T09:57:12.000Z,"","","identity","",story_likes.json,/Users/kriskleva/Documents/ModernDayCircusManager/instagram-moderndaycircus-2026-03-09-mDWWVNXF/your_instagram_activity/story_interactions/story_likes.json
story_likes.json-0.9970780968262785,unknown,2025-10-15T09:56:03.000Z,"","","identity","",story_likes.json,/Users/kriskleva/Documents/ModernDayCircusManager/instagram-moderndaycircus-2026-03-09-mDWWVNXF/your_instagram_activity/story_interactions/story_likes.json
story_likes.json-0.8152147723297629,unknown,2025-10-15T09:55:30.000Z,"","","identity","",story_likes.json,/Users/kriskleva/Documents/ModernDayCircusManager/instagram-moderndaycircus-2026-03-09-mDWWVNXF/your_instagram_activity/story_interactions/story_likes.json
story_likes.json-0.18751956519593604,unknown,2025-10-14T12:59:56.000Z,"","","identity","",story_likes.json,/Users/kriskleva/Documents/ModernDayCircusManager/instagram-moderndaycircus-2026-03-09-mDWWVNXF/your_instagram_activity/story_interactions/story_likes.json
story_likes.json-0.40666443513324535,unknown,2025-10-13T22:18:08.000Z,"","","identity","",story_likes.json,/Users/kriskleva/Documents/ModernDayCircusManager/instagram-moderndaycircus-2026-03-09-mDWWVNXF/your_instagram_activity/story_interactions/story_likes.json
story_likes.json-0.4350153465191462,unknown,2025-10-13T21:53:10.000Z,"","","identity","",story_likes.json,/Users/kriskleva/Documents/ModernDayCircusManager/instagram-moderndaycircus-2026-03-09-mDWWVNXF/your_instagram_activity/story_interactions/story_likes.json
story_likes.json-0.10997821175539668,unknown,2025-10-13T09:19:41.000Z,"","","identity","",story_likes.json,/Users/kriskleva/Documents/ModernDayCircusManager/instagram-moderndaycircus-2026-03-09-mDWWVNXF/your_instagram_activity/story_interactions/story_likes.json
story_likes.json-0.5752256960757203,unknown,2025-10-13T09:19:38.000Z,"","","identity","",story_likes.json,/Users/kriskleva/Documents/ModernDayCircusManager/instagram-moderndaycircus-2026-03-09-mDWWVNXF/your_instagram_activity/story_interactions/story_likes.json
story_likes.json-0.1467969021510469,unknown,2025-10-13T09:18:26.000Z,"","","identity","",story_likes.json,/Users/kriskleva/Documents/ModernDayCircusManager/instagram-moderndaycircus-2026-03-09-mDWWVNXF/your_instagram_activity/story_interactions/story_likes.json
story_likes.json-0.6904830960963719,unknown,2025-10-09T22:09:02.000Z,"","","identity","",story_likes.json,/Users/kriskleva/Documents/ModernDayCircusManager/instagram-moderndaycircus-2026-03-09-mDWWVNXF/your_instagram_activity/story_interactions/story_likes.json
story_likes.json-0.8509389518304946,unknown,2025-10-09T22:00:11.000Z,"","","identity","",story_likes.json,/Users/kriskleva/Documents/ModernDayCircusManager/instagram-moderndaycircus-2026-03-09-mDWWVNXF/your_instagram_activity/story_interactions/story_likes.json
story_likes.json-0.15990009996244692,unknown,2025-10-07T12:33:16.000Z,"","","identity","",story_likes.json,/Users/kriskleva/Documents/ModernDayCircusManager/instagram-moderndaycircus-2026-03-09-mDWWVNXF/your_instagram_activity/story_interactions/story_likes.json
story_likes.json-0.7144447899731148,unknown,2025-10-07T11:08:57.000Z,"","","identity","",story_likes.json,/Users/kriskleva/Documents/ModernDayCircusManager/instagram-moderndaycircus-2026-03-09-mDWWVNXF/your_instagram_activity/story_interactions/story_likes.json
story_likes.json-0.39416551351795315,unknown,2025-10-02T10:14:32.000Z,"","","identity","",story_likes.json,/Users/kriskleva/Documents/ModernDayCircusManager/instagram-moderndaycircus-2026-03-09-mDWWVNXF/your_instagram_activity/story_interactions/story_likes.json
story_likes.json-0.2707023132844262,unknown,2025-10-02T10:08:46.000Z,"","","identity","",story_likes.json,/Users/kriskleva/Documents/ModernDayCircusManager/instagram-moderndaycircus-2026-03-09-mDWWVNXF/your_instagram_activity/story_interactions/story_likes.json
story_likes.json-0.10299435070463692,unknown,2025-10-01T10:34:47.000Z,"","","identity","",story_likes.json,/Users/kriskleva/Documents/ModernDayCircusManager/instagram-moderndaycircus-2026-03-09-mDWWVNXF/your_instagram_activity/story_interactions/story_likes.json
story_likes.json-0.16024761930153075,unknown,2025-09-29T18:15:28.000Z,"","","identity","",story_likes.json,/Users/kriskleva/Documents/ModernDayCircusManager/instagram-moderndaycircus-2026-03-09-mDWWVNXF/your_instagram_activity/story_interactions/story_likes.json
story_likes.json-0.9740223633156451,unknown,2025-09-29T11:14:45.000Z,"","","identity","",story_likes.json,/Users/kriskleva/Documents/ModernDayCircusManager/instagram-moderndaycircus-2026-03-09-mDWWVNXF/your_instagram_activity/story_interactions/story_likes.json
story_likes.json-0.3551210810931342,unknown,2025-09-29T11:14:35.000Z,"","","identity","",story_likes.json,/Users/kriskleva/Documents/ModernDayCircusManager/instagram-moderndaycircus-2026-03-09-mDWWVNXF/your_instagram_activity/story_interactions/story_likes.json
story_likes.json-0.9179842810588486,unknown,2025-09-23T10:54:21.000Z,"","","identity","",story_likes.json,/Users/kriskleva/Documents/ModernDayCircusManager/instagram-moderndaycircus-2026-03-09-mDWWVNXF/your_instagram_activity/story_interactions/story_likes.json
story_likes.json-0.8276877859811089,unknown,2025-09-22T18:04:16.000Z,"","","identity","",story_likes.json,/Users/kriskleva/Documents/ModernDayCircusManager/instagram-moderndaycircus-2026-03-09-mDWWVNXF/your_instagram_activity/story_interactions/story_likes.json
story_likes.json-0.5051113039603008,unknown,2025-09-22T12:20:09.000Z,"","","identity","",story_likes.json,/Users/kriskleva/Documents/ModernDayCircusManager/instagram-moderndaycircus-2026-03-09-mDWWVNXF/your_instagram_activity/story_interactions/story_likes.json
story_likes.json-0.21592594810758658,unknown,2025-09-16T12:56:13.000Z,"","","identity","",story_likes.json,/Users/kriskleva/Documents/ModernDayCircusManager/instagram-moderndaycircus-2026-03-09-mDWWVNXF/your_instagram_activity/story_interactions/story_likes.json
story_likes.json-0.09602732631841437,unknown,2025-09-16T12:56:10.000Z,"","","identity","",story_likes.json,/Users/kriskleva/Documents/ModernDayCircusManager/instagram-moderndaycircus-2026-03-09-mDWWVNXF/your_instagram_activity/story_interactions/story_likes.json
story_likes.json-0.27552812237040514,unknown,2025-09-14T00:37:17.000Z,"","","identity","",story_likes.json,/Users/kriskleva/Documents/ModernDayCircusManager/instagram-moderndaycircus-2026-03-09-mDWWVNXF/your_instagram_activity/story_interactions/story_likes.json
story_likes.json-0.350294116740677,unknown,2025-09-14T00:36:50.000Z,"","","identity","",story_likes.json,/Users/kriskleva/Documents/ModernDayCircusManager/instagram-moderndaycircus-2026-03-09-mDWWVNXF/your_instagram_activity/story_interactions/story_likes.json
story_likes.json-0.7790996843668758,unknown,2025-09-14T00:36:16.000Z,"","","identity","",story_likes.json,/Users/kriskleva/Documents/ModernDayCircusManager/instagram-moderndaycircus-2026-03-09-mDWWVNXF/your_instagram_activity/story_interactions/story_likes.json
story_likes.json-0.8756968374110989,unknown,2025-09-14T00:36:14.000Z,"","","identity","",story_likes.json,/Users/kriskleva/Documents/ModernDayCircusManager/instagram-moderndaycircus-2026-03-09-mDWWVNXF/your_instagram_activity/story_interactions/story_likes.json
story_likes.json-0.8655778145333326,unknown,2025-09-14T00:36:10.000Z,"","","identity","",story_likes.json,/Users/kriskleva/Documents/ModernDayCircusManager/instagram-moderndaycircus-2026-03-09-mDWWVNXF/your_instagram_activity/story_interactions/story_likes.json
story_likes.json-0.10577966584120913,unknown,2025-09-12T17:27:35.000Z,"","","identity","",story_likes.json,/Users/kriskleva/Documents/ModernDayCircusManager/instagram-moderndaycircus-2026-03-09-mDWWVNXF/your_instagram_activity/story_interactions/story_likes.json
story_likes.json-0.08020494228331176,unknown,2025-09-12T17:27:13.000Z,"","","identity","",story_likes.json,/Users/kriskleva/Documents/ModernDayCircusManager/instagram-moderndaycircus-2026-03-09-mDWWVNXF/your_instagram_activity/story_interactions/story_likes.json
story_likes.json-0.8164206587768603,unknown,2025-09-12T12:15:00.000Z,"","","identity","",story_likes.json,/Users/kriskleva/Documents/ModernDayCircusManager/instagram-moderndaycircus-2026-03-09-mDWWVNXF/your_instagram_activity/story_interactions/story_likes.json
story_likes.json-0.9086253852937083,unknown,2025-09-10T11:52:46.000Z,"","","identity","",story_likes.json,/Users/kriskleva/Documents/ModernDayCircusManager/instagram-moderndaycircus-2026-03-09-mDWWVNXF/your_instagram_activity/story_interactions/story_likes.json
story_likes.json-0.9429260236080985,unknown,2025-09-10T11:52:28.000Z,"","","identity","",story_likes.json,/Users/kriskleva/Documents/ModernDayCircusManager/instagram-moderndaycircus-2026-03-09-mDWWVNXF/your_instagram_activity/story_interactions/story_likes.json
story_likes.json-0.4313793739253944,unknown,2025-09-08T02:24:17.000Z,"","","identity","",story_likes.json,/Users/kriskleva/Documents/ModernDayCircusManager/instagram-moderndaycircus-2026-03-09-mDWWVNXF/your_instagram_activity/story_interactions/story_likes.json
story_likes.json-0.16167947204466437,unknown,2025-09-08T02:17:49.000Z,"","","identity","",story_likes.json,/Users/kriskleva/Documents/ModernDayCircusManager/instagram-moderndaycircus-2026-03-09-mDWWVNXF/your_instagram_activity/story_interactions/story_likes.json
story_likes.json-0.6547559353403314,unknown,2025-08-25T19:56:10.000Z,"","","identity","",story_likes.json,/Users/kriskleva/Documents/ModernDayCircusManager/instagram-moderndaycircus-2026-03-09-mDWWVNXF/your_instagram_activity/story_interactions/story_likes.json
story_likes.json-0.33040414490253256,unknown,2025-08-25T19:50:34.000Z,"","","identity","",story_likes.json,/Users/kriskleva/Documents/ModernDayCircusManager/instagram-moderndaycircus-2026-03-09-mDWWVNXF/your_instagram_activity/story_interactions/story_likes.json
story_likes.json-0.7017246785963733,unknown,2025-08-25T15:11:49.000Z,"","","identity","",story_likes.json,/Users/kriskleva/Documents/ModernDayCircusManager/instagram-moderndaycircus-2026-03-09-mDWWVNXF/your_instagram_activity/story_interactions/story_likes.json
story_likes.json-0.6533530058571841,unknown,2025-08-24T15:22:38.000Z,"","","identity","",story_likes.json,/Users/kriskleva/Documents/ModernDayCircusManager/instagram-moderndaycircus-2026-03-09-mDWWVNXF/your_instagram_activity/story_interactions/story_likes.json
story_likes.json-0.6857336440192026,unknown,2025-08-23T12:15:39.000Z,"","","identity","",story_likes.json,/Users/kriskleva/Documents/ModernDayCircusManager/instagram-moderndaycircus-2026-03-09-mDWWVNXF/your_instagram_activity/story_interactions/story_likes.json
story_likes.json-0.8102825617546627,unknown,2025-08-23T12:15:36.000Z,"","","identity","",story_likes.json,/Users/kriskleva/Documents/ModernDayCircusManager/instagram-moderndaycircus-2026-03-09-mDWWVNXF/your_instagram_activity/story_interactions/story_likes.json
story_likes.json-0.040363480671447904,unknown,2025-08-23T12:14:37.000Z,"","","identity","",story_likes.json,/Users/kriskleva/Documents/ModernDayCircusManager/instagram-moderndaycircus-2026-03-09-mDWWVNXF/your_instagram_activity/story_interactions/story_likes.json
story_likes.json-0.533306515654284,unknown,2025-08-21T15:20:48.000Z,"","","identity","",story_likes.json,/Users/kriskleva/Documents/ModernDayCircusManager/instagram-moderndaycircus-2026-03-09-mDWWVNXF/your_instagram_activity/story_interactions/story_likes.json
story_likes.json-0.29480299803970356,unknown,2025-08-20T19:47:08.000Z,"","","identity","",story_likes.json,/Users/kriskleva/Documents/ModernDayCircusManager/instagram-moderndaycircus-2026-03-09-mDWWVNXF/your_instagram_activity/story_interactions/story_likes.json
story_likes.json-0.7307867374807135,unknown,2025-08-20T11:40:58.000Z,"","","identity","",story_likes.json,/Users/kriskleva/Documents/ModernDayCircusManager/instagram-moderndaycircus-2026-03-09-mDWWVNXF/your_instagram_activity/story_interactions/story_likes.json
story_likes.json-0.1347605968243275,unknown,2025-08-19T18:53:16.000Z,"","","identity","",story_likes.json,/Users/kriskleva/Documents/ModernDayCircusManager/instagram-moderndaycircus-2026-03-09-mDWWVNXF/your_instagram_activity/story_interactions/story_likes.json
story_likes.json-0.6749998580926011,unknown,2025-08-15T09:34:04.000Z,"","","identity","",story_likes.json,/Users/kriskleva/Documents/ModernDayCircusManager/instagram-moderndaycircus-2026-03-09-mDWWVNXF/your_instagram_activity/story_interactions/story_likes.json
story_likes.json-0.37926649285644043,unknown,2025-08-15T09:17:56.000Z,"","","identity","",story_likes.json,/Users/kriskleva/Documents/ModernDayCircusManager/instagram-moderndaycircus-2026-03-09-mDWWVNXF/your_instagram_activity/story_interactions/story_likes.json
story_likes.json-0.606564681331107,unknown,2025-08-14T19:51:36.000Z,"","","identity","",story_likes.json,/Users/kriskleva/Documents/ModernDayCircusManager/instagram-moderndaycircus-2026-03-09-mDWWVNXF/your_instagram_activity/story_interactions/story_likes.json
story_likes.json-0.24416408167188264,unknown,2025-08-14T13:44:44.000Z,"","","identity","",story_likes.json,/Users/kriskleva/Documents/ModernDayCircusManager/instagram-moderndaycircus-2026-03-09-mDWWVNXF/your_instagram_activity/story_interactions/story_likes.json
story_likes.json-0.8221637568192017,unknown,2025-08-14T13:20:23.000Z,"","","identity","",story_likes.json,/Users/kriskleva/Documents/ModernDayCircusManager/instagram-moderndaycircus-2026-03-09-mDWWVNXF/your_instagram_activity/story_interactions/story_likes.json
story_likes.json-0.9942690219918904,unknown,2025-08-12T20:32:12.000Z,"","","identity","",story_likes.json,/Users/kriskleva/Documents/ModernDayCircusManager/instagram-moderndaycircus-2026-03-09-mDWWVNXF/your_instagram_activity/story_interactions/story_likes.json
story_likes.json-0.2948701863891916,unknown,2025-08-12T20:31:36.000Z,"","","identity","",story_likes.json,/Users/kriskleva/Documents/ModernDayCircusManager/instagram-moderndaycircus-2026-03-09-mDWWVNXF/your_instagram_activity/story_interactions/story_likes.json
story_likes.json-0.6968923842417072,unknown,2025-08-12T20:31:21.000Z,"","","identity","",story_likes.json,/Users/kriskleva/Documents/ModernDayCircusManager/instagram-moderndaycircus-2026-03-09-mDWWVNXF/your_instagram_activity/story_interactions/story_likes.json
story_likes.json-0.4245123368304837,unknown,2025-08-12T20:31:11.000Z,"","","identity","",story_likes.json,/Users/kriskleva/Documents/ModernDayCircusManager/instagram-moderndaycircus-2026-03-09-mDWWVNXF/your_instagram_activity/story_interactions/story_likes.json
story_likes.json-0.48999245638531685,unknown,2025-08-12T19:01:43.000Z,"","","identity","",story_likes.json,/Users/kriskleva/Documents/ModernDayCircusManager/instagram-moderndaycircus-2026-03-09-mDWWVNXF/your_instagram_activity/story_interactions/story_likes.json
story_likes.json-0.5304595930807188,unknown,2025-08-12T18:34:23.000Z,"","","identity","",story_likes.json,/Users/kriskleva/Documents/ModernDayCircusManager/instagram-moderndaycircus-2026-03-09-mDWWVNXF/your_instagram_activity/story_interactions/story_likes.json
story_likes.json-0.5248407707106104,unknown,2025-08-06T01:20:04.000Z,"","","identity","",story_likes.json,/Users/kriskleva/Documents/ModernDayCircusManager/instagram-moderndaycircus-2026-03-09-mDWWVNXF/your_instagram_activity/story_interactions/story_likes.json
story_likes.json-0.17475702481741973,unknown,2025-08-06T01:18:57.000Z,"","","identity","",story_likes.json,/Users/kriskleva/Documents/ModernDayCircusManager/instagram-moderndaycircus-2026-03-09-mDWWVNXF/your_instagram_activity/story_interactions/story_likes.json
story_likes.json-0.39239606939976746,unknown,2025-08-06T01:18:48.000Z,"","","identity","",story_likes.json,/Users/kriskleva/Documents/ModernDayCircusManager/instagram-moderndaycircus-2026-03-09-mDWWVNXF/your_instagram_activity/story_interactions/story_likes.json
story_likes.json-0.36329735340015334,unknown,2025-08-05T18:36:52.000Z,"","","identity","",story_likes.json,/Users/kriskleva/Documents/ModernDayCircusManager/instagram-moderndaycircus-2026-03-09-mDWWVNXF/your_instagram_activity/story_interactions/story_likes.json
story_likes.json-0.8251827854149865,unknown,2025-08-05T18:36:02.000Z,"","","identity","",story_likes.json,/Users/kriskleva/Documents/ModernDayCircusManager/instagram-moderndaycircus-2026-03-09-mDWWVNXF/your_instagram_activity/story_interactions/story_likes.json
story_likes.json-0.037006441167519055,unknown,2025-08-05T18:35:59.000Z,"","","identity","",story_likes.json,/Users/kriskleva/Documents/ModernDayCircusManager/instagram-moderndaycircus-2026-03-09-mDWWVNXF/your_instagram_activity/story_interactions/story_likes.json
story_likes.json-0.8332765172665253,unknown,2025-08-05T09:56:44.000Z,"","","identity","",story_likes.json,/Users/kriskleva/Documents/ModernDayCircusManager/instagram-moderndaycircus-2026-03-09-mDWWVNXF/your_instagram_activity/story_interactions/story_likes.json
story_likes.json-0.6836274206480639,unknown,2025-08-05T09:56:42.000Z,"","","identity","",story_likes.json,/Users/kriskleva/Documents/ModernDayCircusManager/instagram-moderndaycircus-2026-03-09-mDWWVNXF/your_instagram_activity/story_interactions/story_likes.json
story_likes.json-0.6184000839073334,unknown,2025-08-05T09:56:40.000Z,"","","identity","",story_likes.json,/Users/kriskleva/Documents/ModernDayCircusManager/instagram-moderndaycircus-2026-03-09-mDWWVNXF/your_instagram_activity/story_interactions/story_likes.json
story_likes.json-0.5113484504015615,unknown,2025-08-05T09:56:33.000Z,"","","identity","",story_likes.json,/Users/kriskleva/Documents/ModernDayCircusManager/instagram-moderndaycircus-2026-03-09-mDWWVNXF/your_instagram_activity/story_interactions/story_likes.json
story_likes.json-0.7995644584744033,unknown,2025-08-05T09:56:09.000Z,"","","identity","",story_likes.json,/Users/kriskleva/Documents/ModernDayCircusManager/instagram-moderndaycircus-2026-03-09-mDWWVNXF/your_instagram_activity/story_interactions/story_likes.json
story_likes.json-0.5879136141563521,unknown,2025-08-05T09:50:01.000Z,"","","identity","",story_likes.json,/Users/kriskleva/Documents/ModernDayCircusManager/instagram-moderndaycircus-2026-03-09-mDWWVNXF/your_instagram_activity/story_interactions/story_likes.json
story_likes.json-0.7690435195434309,unknown,2025-08-05T09:49:59.000Z,"","","identity","",story_likes.json,/Users/kriskleva/Documents/ModernDayCircusManager/instagram-moderndaycircus-2026-03-09-mDWWVNXF/your_instagram_activity/story_interactions/story_likes.json
story_likes.json-0.515868882849376,unknown,2025-08-05T09:49:54.000Z,"","","identity","",story_likes.json,/Users/kriskleva/Documents/ModernDayCircusManager/instagram-moderndaycircus-2026-03-09-mDWWVNXF/your_instagram_activity/story_interactions/story_likes.json
story_likes.json-0.4511281492067427,unknown,2025-08-05T09:49:51.000Z,"","","identity","",story_likes.json,/Users/kriskleva/Documents/ModernDayCircusManager/instagram-moderndaycircus-2026-03-09-mDWWVNXF/your_instagram_activity/story_interactions/story_likes.json
story_likes.json-0.4066729095813266,unknown,2025-08-04T19:43:56.000Z,"","","identity","",story_likes.json,/Users/kriskleva/Documents/ModernDayCircusManager/instagram-moderndaycircus-2026-03-09-mDWWVNXF/your_instagram_activity/story_interactions/story_likes.json
story_likes.json-0.9978709090845486,unknown,2025-08-04T19:43:55.000Z,"","","identity","",story_likes.json,/Users/kriskleva/Documents/ModernDayCircusManager/instagram-moderndaycircus-2026-03-09-mDWWVNXF/your_instagram_activity/story_interactions/story_likes.json
story_likes.json-0.7399654584040374,unknown,2025-08-04T19:43:54.000Z,"","","identity","",story_likes.json,/Users/kriskleva/Documents/ModernDayCircusManager/instagram-moderndaycircus-2026-03-09-mDWWVNXF/your_instagram_activity/story_interactions/story_likes.json
story_likes.json-0.865395620262742,unknown,2025-08-04T19:43:53.000Z,"","","identity","",story_likes.json,/Users/kriskleva/Documents/ModernDayCircusManager/instagram-moderndaycircus-2026-03-09-mDWWVNXF/your_instagram_activity/story_interactions/story_likes.json
story_likes.json-0.4600575068663275,unknown,2025-08-04T19:43:52.000Z,"","","identity","",story_likes.json,/Users/kriskleva/Documents/ModernDayCircusManager/instagram-moderndaycircus-2026-03-09-mDWWVNXF/your_instagram_activity/story_interactions/story_likes.json
story_likes.json-0.956964655181221,unknown,2025-08-03T19:46:18.000Z,"","","identity","",story_likes.json,/Users/kriskleva/Documents/ModernDayCircusManager/instagram-moderndaycircus-2026-03-09-mDWWVNXF/your_instagram_activity/story_interactions/story_likes.json
story_likes.json-0.8855119215102074,unknown,2025-08-03T19:44:21.000Z,"","","identity","",story_likes.json,/Users/kriskleva/Documents/ModernDayCircusManager/instagram-moderndaycircus-2026-03-09-mDWWVNXF/your_instagram_activity/story_interactions/story_likes.json
story_likes.json-0.9570222956611518,unknown,2025-08-01T16:00:30.000Z,"","","identity","",story_likes.json,/Users/kriskleva/Documents/ModernDayCircusManager/instagram-moderndaycircus-2026-03-09-mDWWVNXF/your_instagram_activity/story_interactions/story_likes.json
story_likes.json-0.7489065723345709,unknown,2025-08-01T16:00:07.000Z,"","","identity","",story_likes.json,/Users/kriskleva/Documents/ModernDayCircusManager/instagram-moderndaycircus-2026-03-09-mDWWVNXF/your_instagram_activity/story_interactions/story_likes.json
story_likes.json-0.09860817458225113,unknown,2025-07-01T09:08:55.000Z,"","","identity","",story_likes.json,/Users/kriskleva/Documents/ModernDayCircusManager/instagram-moderndaycircus-2026-03-09-mDWWVNXF/your_instagram_activity/story_interactions/story_likes.json
story_likes.json-0.8884297935115073,unknown,2025-06-30T13:55:16.000Z,"","","identity","",story_likes.json,/Users/kriskleva/Documents/ModernDayCircusManager/instagram-moderndaycircus-2026-03-09-mDWWVNXF/your_instagram_activity/story_interactions/story_likes.json
story_likes.json-0.5734563360460205,unknown,2025-06-29T19:58:43.000Z,"","","identity","",story_likes.json,/Users/kriskleva/Documents/ModernDayCircusManager/instagram-moderndaycircus-2026-03-09-mDWWVNXF/your_instagram_activity/story_interactions/story_likes.json
story_likes.json-0.41766036829693975,unknown,2025-06-29T01:35:20.000Z,"","","identity","",story_likes.json,/Users/kriskleva/Documents/ModernDayCircusManager/instagram-moderndaycircus-2026-03-09-mDWWVNXF/your_instagram_activity/story_interactions/story_likes.json
story_likes.json-0.14154371124492782,unknown,2025-06-26T02:40:05.000Z,"","","identity","",story_likes.json,/Users/kriskleva/Documents/ModernDayCircusManager/instagram-moderndaycircus-2026-03-09-mDWWVNXF/your_instagram_activity/story_interactions/story_likes.json
story_likes.json-0.07608995226803383,unknown,2025-06-25T10:26:08.000Z,"","","identity","",story_likes.json,/Users/kriskleva/Documents/ModernDayCircusManager/instagram-moderndaycircus-2026-03-09-mDWWVNXF/your_instagram_activity/story_interactions/story_likes.json
story_likes.json-0.6992290635937644,unknown,2025-06-25T10:25:41.000Z,"","","identity","",story_likes.json,/Users/kriskleva/Documents/ModernDayCircusManager/instagram-moderndaycircus-2026-03-09-mDWWVNXF/your_instagram_activity/story_interactions/story_likes.json
story_likes.json-0.8150371838639388,unknown,2025-06-25T10:25:31.000Z,"","","identity","",story_likes.json,/Users/kriskleva/Documents/ModernDayCircusManager/instagram-moderndaycircus-2026-03-09-mDWWVNXF/your_instagram_activity/story_interactions/story_likes.json
story_likes.json-0.852026549038239,unknown,2025-06-25T10:22:15.000Z,"","","identity","",story_likes.json,/Users/kriskleva/Documents/ModernDayCircusManager/instagram-moderndaycircus-2026-03-09-mDWWVNXF/your_instagram_activity/story_interactions/story_likes.json
story_likes.json-0.3768988152812238,unknown,2025-06-23T18:43:56.000Z,"","","identity","",story_likes.json,/Users/kriskleva/Documents/ModernDayCircusManager/instagram-moderndaycircus-2026-03-09-mDWWVNXF/your_instagram_activity/story_interactions/story_likes.json
story_likes.json-0.6254997375699867,unknown,2025-06-22T13:06:39.000Z,"","","identity","",story_likes.json,/Users/kriskleva/Documents/ModernDayCircusManager/instagram-moderndaycircus-2026-03-09-mDWWVNXF/your_instagram_activity/story_interactions/story_likes.json
story_likes.json-0.08723352385322358,unknown,2025-06-22T08:52:45.000Z,"","","identity","",story_likes.json,/Users/kriskleva/Documents/ModernDayCircusManager/instagram-moderndaycircus-2026-03-09-mDWWVNXF/your_instagram_activity/story_interactions/story_likes.json
story_likes.json-0.0017964495378903766,unknown,2025-06-22T08:51:38.000Z,"","","identity","",story_likes.json,/Users/kriskleva/Documents/ModernDayCircusManager/instagram-moderndaycircus-2026-03-09-mDWWVNXF/your_instagram_activity/story_interactions/story_likes.json
story_likes.json-0.11229205626014327,unknown,2025-06-18T22:29:48.000Z,"","","identity","",story_likes.json,/Users/kriskleva/Documents/ModernDayCircusManager/instagram-moderndaycircus-2026-03-09-mDWWVNXF/your_instagram_activity/story_interactions/story_likes.json
story_likes.json-0.23783148832466838,unknown,2025-06-18T18:50:31.000Z,"","","identity","",story_likes.json,/Users/kriskleva/Documents/ModernDayCircusManager/instagram-moderndaycircus-2026-03-09-mDWWVNXF/your_instagram_activity/story_interactions/story_likes.json
story_likes.json-0.6269013286239544,unknown,2025-06-16T20:33:25.000Z,"","","identity","",story_likes.json,/Users/kriskleva/Documents/ModernDayCircusManager/instagram-moderndaycircus-2026-03-09-mDWWVNXF/your_instagram_activity/story_interactions/story_likes.json
story_likes.json-0.29862544728692697,unknown,2025-06-13T13:39:37.000Z,"","","identity","",story_likes.json,/Users/kriskleva/Documents/ModernDayCircusManager/instagram-moderndaycircus-2026-03-09-mDWWVNXF/your_instagram_activity/story_interactions/story_likes.json
story_likes.json-0.5022337942432273,unknown,2025-06-12T16:29:46.000Z,"","","identity","",story_likes.json,/Users/kriskleva/Documents/ModernDayCircusManager/instagram-moderndaycircus-2026-03-09-mDWWVNXF/your_instagram_activity/story_interactions/story_likes.json
story_likes.json-0.45307025272060963,unknown,2025-06-12T16:21:33.000Z,"","","identity","",story_likes.json,/Users/kriskleva/Documents/ModernDayCircusManager/instagram-moderndaycircus-2026-03-09-mDWWVNXF/your_instagram_activity/story_interactions/story_likes.json
story_likes.json-0.9040312860177844,unknown,2025-06-12T16:21:28.000Z,"","","identity","",story_likes.json,/Users/kriskleva/Documents/ModernDayCircusManager/instagram-moderndaycircus-2026-03-09-mDWWVNXF/your_instagram_activity/story_interactions/story_likes.json
story_likes.json-0.42075455148763896,unknown,2025-06-12T11:27:44.000Z,"","","identity","",story_likes.json,/Users/kriskleva/Documents/ModernDayCircusManager/instagram-moderndaycircus-2026-03-09-mDWWVNXF/your_instagram_activity/story_interactions/story_likes.json
story_likes.json-0.1762039222594245,unknown,2025-06-12T11:27:31.000Z,"","","identity","",story_likes.json,/Users/kriskleva/Documents/ModernDayCircusManager/instagram-moderndaycircus-2026-03-09-mDWWVNXF/your_instagram_activity/story_interactions/story_likes.json
story_likes.json-0.6186309871038156,unknown,2025-06-12T11:26:05.000Z,"","","identity","",story_likes.json,/Users/kriskleva/Documents/ModernDayCircusManager/instagram-moderndaycircus-2026-03-09-mDWWVNXF/your_instagram_activity/story_interactions/story_likes.json
story_likes.json-0.1379943564951014,unknown,2025-06-12T11:25:49.000Z,"","","identity","",story_likes.json,/Users/kriskleva/Documents/ModernDayCircusManager/instagram-moderndaycircus-2026-03-09-mDWWVNXF/your_instagram_activity/story_interactions/story_likes.json
story_likes.json-0.8347220908563513,unknown,2025-06-11T21:35:56.000Z,"","","identity","",story_likes.json,/Users/kriskleva/Documents/ModernDayCircusManager/instagram-moderndaycircus-2026-03-09-mDWWVNXF/your_instagram_activity/story_interactions/story_likes.json
story_likes.json-0.8164358324762231,unknown,2025-06-11T21:34:44.000Z,"","","identity","",story_likes.json,/Users/kriskleva/Documents/ModernDayCircusManager/instagram-moderndaycircus-2026-03-09-mDWWVNXF/your_instagram_activity/story_interactions/story_likes.json
story_likes.json-0.14988924699456652,unknown,2025-06-11T21:34:26.000Z,"","","identity","",story_likes.json,/Users/kriskleva/Documents/ModernDayCircusManager/instagram-moderndaycircus-2026-03-09-mDWWVNXF/your_instagram_activity/story_interactions/story_likes.json
story_likes.json-0.8465445264765488,unknown,2025-06-11T21:34:20.000Z,"","","identity","",story_likes.json,/Users/kriskleva/Documents/ModernDayCircusManager/instagram-moderndaycircus-2026-03-09-mDWWVNXF/your_instagram_activity/story_interactions/story_likes.json
story_likes.json-0.7144856788235627,unknown,2025-06-11T21:34:17.000Z,"","","identity","",story_likes.json,/Users/kriskleva/Documents/ModernDayCircusManager/instagram-moderndaycircus-2026-03-09-mDWWVNXF/your_instagram_activity/story_interactions/story_likes.json
story_likes.json-0.6587069961217242,unknown,2025-06-11T21:34:14.000Z,"","","identity","",story_likes.json,/Users/kriskleva/Documents/ModernDayCircusManager/instagram-moderndaycircus-2026-03-09-mDWWVNXF/your_instagram_activity/story_interactions/story_likes.json
story_likes.json-0.912308689098708,unknown,2025-06-11T21:34:01.000Z,"","","identity","",story_likes.json,/Users/kriskleva/Documents/ModernDayCircusManager/instagram-moderndaycircus-2026-03-09-mDWWVNXF/your_instagram_activity/story_interactions/story_likes.json
story_likes.json-0.7772166169516037,unknown,2025-06-11T21:33:55.000Z,"","","identity","",story_likes.json,/Users/kriskleva/Documents/ModernDayCircusManager/instagram-moderndaycircus-2026-03-09-mDWWVNXF/your_instagram_activity/story_interactions/story_likes.json
story_likes.json-0.672616066080326,unknown,2025-06-11T08:35:37.000Z,"","","identity","",story_likes.json,/Users/kriskleva/Documents/ModernDayCircusManager/instagram-moderndaycircus-2026-03-09-mDWWVNXF/your_instagram_activity/story_interactions/story_likes.json
story_likes.json-0.22900287078097303,unknown,2025-06-10T15:53:01.000Z,"","","identity","",story_likes.json,/Users/kriskleva/Documents/ModernDayCircusManager/instagram-moderndaycircus-2026-03-09-mDWWVNXF/your_instagram_activity/story_interactions/story_likes.json
story_likes.json-0.14654477833529422,unknown,2025-06-09T18:39:08.000Z,"","","identity","",story_likes.json,/Users/kriskleva/Documents/ModernDayCircusManager/instagram-moderndaycircus-2026-03-09-mDWWVNXF/your_instagram_activity/story_interactions/story_likes.json
story_likes.json-0.39756935595334175,unknown,2025-06-09T18:02:14.000Z,"","","identity","",story_likes.json,/Users/kriskleva/Documents/ModernDayCircusManager/instagram-moderndaycircus-2026-03-09-mDWWVNXF/your_instagram_activity/story_interactions/story_likes.json
story_likes.json-0.6988569436007757,unknown,2025-06-08T18:20:53.000Z,"","","identity","",story_likes.json,/Users/kriskleva/Documents/ModernDayCircusManager/instagram-moderndaycircus-2026-03-09-mDWWVNXF/your_instagram_activity/story_interactions/story_likes.json
story_likes.json-0.09959147047251227,unknown,2025-06-08T17:24:19.000Z,"","","identity","",story_likes.json,/Users/kriskleva/Documents/ModernDayCircusManager/instagram-moderndaycircus-2026-03-09-mDWWVNXF/your_instagram_activity/story_interactions/story_likes.json
story_likes.json-0.4259961576187423,unknown,2025-06-08T11:34:26.000Z,"","","identity","",story_likes.json,/Users/kriskleva/Documents/ModernDayCircusManager/instagram-moderndaycircus-2026-03-09-mDWWVNXF/your_instagram_activity/story_interactions/story_likes.json
story_likes.json-0.903427311786793,unknown,2025-06-08T11:34:15.000Z,"","","identity","",story_likes.json,/Users/kriskleva/Documents/ModernDayCircusManager/instagram-moderndaycircus-2026-03-09-mDWWVNXF/your_instagram_activity/story_interactions/story_likes.json
story_likes.json-0.1931035198038611,unknown,2025-06-08T11:34:02.000Z,"","","identity","",story_likes.json,/Users/kriskleva/Documents/ModernDayCircusManager/instagram-moderndaycircus-2026-03-09-mDWWVNXF/your_instagram_activity/story_interactions/story_likes.json
story_likes.json-0.14492713808728763,unknown,2025-06-07T12:37:32.000Z,"","","identity","",story_likes.json,/Users/kriskleva/Documents/ModernDayCircusManager/instagram-moderndaycircus-2026-03-09-mDWWVNXF/your_instagram_activity/story_interactions/story_likes.json
story_likes.json-0.17601564222716215,unknown,2025-06-07T11:59:27.000Z,"","","identity","",story_likes.json,/Users/kriskleva/Documents/ModernDayCircusManager/instagram-moderndaycircus-2026-03-09-mDWWVNXF/your_instagram_activity/story_interactions/story_likes.json
story_likes.json-0.6677604480154344,unknown,2025-06-07T11:59:06.000Z,"","","identity","",story_likes.json,/Users/kriskleva/Documents/ModernDayCircusManager/instagram-moderndaycircus-2026-03-09-mDWWVNXF/your_instagram_activity/story_interactions/story_likes.json
story_likes.json-0.024636805850376753,unknown,2025-06-07T11:58:48.000Z,"","","identity","",story_likes.json,/Users/kriskleva/Documents/ModernDayCircusManager/instagram-moderndaycircus-2026-03-09-mDWWVNXF/your_instagram_activity/story_interactions/story_likes.json
story_likes.json-0.525042315402475,unknown,2025-06-06T23:10:42.000Z,"","","identity","",story_likes.json,/Users/kriskleva/Documents/ModernDayCircusManager/instagram-moderndaycircus-2026-03-09-mDWWVNXF/your_instagram_activity/story_interactions/story_likes.json
story_likes.json-0.7065837629003868,unknown,2025-06-06T23:09:43.000Z,"","","identity","",story_likes.json,/Users/kriskleva/Documents/ModernDayCircusManager/instagram-moderndaycircus-2026-03-09-mDWWVNXF/your_instagram_activity/story_interactions/story_likes.json
story_likes.json-0.39155165418767957,unknown,2025-06-06T11:54:56.000Z,"","","identity","",story_likes.json,/Users/kriskleva/Documents/ModernDayCircusManager/instagram-moderndaycircus-2026-03-09-mDWWVNXF/your_instagram_activity/story_interactions/story_likes.json
story_likes.json-0.014591196264980955,unknown,2025-06-06T11:26:15.000Z,"","","identity","",story_likes.json,/Users/kriskleva/Documents/ModernDayCircusManager/instagram-moderndaycircus-2026-03-09-mDWWVNXF/your_instagram_activity/story_interactions/story_likes.json
story_likes.json-0.9273014715346892,unknown,2025-06-06T11:26:02.000Z,"","","identity","",story_likes.json,/Users/kriskleva/Documents/ModernDayCircusManager/instagram-moderndaycircus-2026-03-09-mDWWVNXF/your_instagram_activity/story_interactions/story_likes.json
story_likes.json-0.6128913696040499,unknown,2025-06-06T11:25:57.000Z,"","","identity","",story_likes.json,/Users/kriskleva/Documents/ModernDayCircusManager/instagram-moderndaycircus-2026-03-09-mDWWVNXF/your_instagram_activity/story_interactions/story_likes.json
story_likes.json-0.20454672251213135,unknown,2025-06-06T11:06:00.000Z,"","","identity","",story_likes.json,/Users/kriskleva/Documents/ModernDayCircusManager/instagram-moderndaycircus-2026-03-09-mDWWVNXF/your_instagram_activity/story_interactions/story_likes.json
story_likes.json-0.8583906232460581,unknown,2025-06-06T11:05:55.000Z,"","","identity","",story_likes.json,/Users/kriskleva/Documents/ModernDayCircusManager/instagram-moderndaycircus-2026-03-09-mDWWVNXF/your_instagram_activity/story_interactions/story_likes.json
story_likes.json-0.1221516060894905,unknown,2025-06-06T11:03:45.000Z,"","","identity","",story_likes.json,/Users/kriskleva/Documents/ModernDayCircusManager/instagram-moderndaycircus-2026-03-09-mDWWVNXF/your_instagram_activity/story_interactions/story_likes.json
story_likes.json-0.7309948801270671,unknown,2025-06-06T11:02:46.000Z,"","","identity","",story_likes.json,/Users/kriskleva/Documents/ModernDayCircusManager/instagram-moderndaycircus-2026-03-09-mDWWVNXF/your_instagram_activity/story_interactions/story_likes.json
story_likes.json-0.12377497357519784,unknown,2025-06-05T17:23:29.000Z,"","","identity","",story_likes.json,/Users/kriskleva/Documents/ModernDayCircusManager/instagram-moderndaycircus-2026-03-09-mDWWVNXF/your_instagram_activity/story_interactions/story_likes.json
story_likes.json-0.9248714783643617,unknown,2025-06-05T17:23:03.000Z,"","","identity","",story_likes.json,/Users/kriskleva/Documents/ModernDayCircusManager/instagram-moderndaycircus-2026-03-09-mDWWVNXF/your_instagram_activity/story_interactions/story_likes.json
story_likes.json-0.39403982074217403,unknown,2025-06-05T17:22:04.000Z,"","","identity","",story_likes.json,/Users/kriskleva/Documents/ModernDayCircusManager/instagram-moderndaycircus-2026-03-09-mDWWVNXF/your_instagram_activity/story_interactions/story_likes.json
story_likes.json-0.5297836137543306,unknown,2025-06-05T17:21:55.000Z,"","","identity","",story_likes.json,/Users/kriskleva/Documents/ModernDayCircusManager/instagram-moderndaycircus-2026-03-09-mDWWVNXF/your_instagram_activity/story_interactions/story_likes.json
story_likes.json-0.5862522671613728,unknown,2025-06-05T17:10:00.000Z,"","","identity","",story_likes.json,/Users/kriskleva/Documents/ModernDayCircusManager/instagram-moderndaycircus-2026-03-09-mDWWVNXF/your_instagram_activity/story_interactions/story_likes.json
story_likes.json-0.3203264789401925,unknown,2025-06-05T17:06:03.000Z,"","","identity","",story_likes.json,/Users/kriskleva/Documents/ModernDayCircusManager/instagram-moderndaycircus-2026-03-09-mDWWVNXF/your_instagram_activity/story_interactions/story_likes.json
story_likes.json-0.32977969221310355,unknown,2025-06-05T17:05:59.000Z,"","","identity","",story_likes.json,/Users/kriskleva/Documents/ModernDayCircusManager/instagram-moderndaycircus-2026-03-09-mDWWVNXF/your_instagram_activity/story_interactions/story_likes.json
story_likes.json-0.1270758094698492,unknown,2025-06-05T17:05:57.000Z,"","","identity","",story_likes.json,/Users/kriskleva/Documents/ModernDayCircusManager/instagram-moderndaycircus-2026-03-09-mDWWVNXF/your_instagram_activity/story_interactions/story_likes.json
story_likes.json-0.44371497884832745,unknown,2025-06-05T17:05:55.000Z,"","","identity","",story_likes.json,/Users/kriskleva/Documents/ModernDayCircusManager/instagram-moderndaycircus-2026-03-09-mDWWVNXF/your_instagram_activity/story_interactions/story_likes.json
story_likes.json-0.6798924203358265,unknown,2025-06-05T17:05:48.000Z,"","","identity","",story_likes.json,/Users/kriskleva/Documents/ModernDayCircusManager/instagram-moderndaycircus-2026-03-09-mDWWVNXF/your_instagram_activity/story_interactions/story_likes.json
story_likes.json-0.3676859744498917,unknown,2025-06-05T17:05:46.000Z,"","","identity","",story_likes.json,/Users/kriskleva/Documents/ModernDayCircusManager/instagram-moderndaycircus-2026-03-09-mDWWVNXF/your_instagram_activity/story_interactions/story_likes.json
story_likes.json-0.63744656136632,unknown,2025-06-05T17:05:44.000Z,"","","identity","",story_likes.json,/Users/kriskleva/Documents/ModernDayCircusManager/instagram-moderndaycircus-2026-03-09-mDWWVNXF/your_instagram_activity/story_interactions/story_likes.json
story_likes.json-0.7141757364649919,unknown,2025-06-05T17:05:37.000Z,"","","identity","",story_likes.json,/Users/kriskleva/Documents/ModernDayCircusManager/instagram-moderndaycircus-2026-03-09-mDWWVNXF/your_instagram_activity/story_interactions/story_likes.json
story_likes.json-0.5613789530503561,unknown,2025-06-05T17:04:19.000Z,"","","identity","",story_likes.json,/Users/kriskleva/Documents/ModernDayCircusManager/instagram-moderndaycircus-2026-03-09-mDWWVNXF/your_instagram_activity/story_interactions/story_likes.json
story_likes.json-0.376901214514783,unknown,2025-06-05T16:53:44.000Z,"","","identity","",story_likes.json,/Users/kriskleva/Documents/ModernDayCircusManager/instagram-moderndaycircus-2026-03-09-mDWWVNXF/your_instagram_activity/story_interactions/story_likes.json
story_likes.json-0.9273111832702419,unknown,2025-06-05T16:20:41.000Z,"","","identity","",story_likes.json,/Users/kriskleva/Documents/ModernDayCircusManager/instagram-moderndaycircus-2026-03-09-mDWWVNXF/your_instagram_activity/story_interactions/story_likes.json
story_likes.json-0.7358458272519766,unknown,2025-06-05T16:20:07.000Z,"","","identity","",story_likes.json,/Users/kriskleva/Documents/ModernDayCircusManager/instagram-moderndaycircus-2026-03-09-mDWWVNXF/your_instagram_activity/story_interactions/story_likes.json
story_likes.json-0.2897703774113791,unknown,2025-06-05T16:19:42.000Z,"","","identity","",story_likes.json,/Users/kriskleva/Documents/ModernDayCircusManager/instagram-moderndaycircus-2026-03-09-mDWWVNXF/your_instagram_activity/story_interactions/story_likes.json
story_likes.json-0.730373179874334,unknown,2025-06-05T16:17:43.000Z,"","","identity","",story_likes.json,/Users/kriskleva/Documents/ModernDayCircusManager/instagram-moderndaycircus-2026-03-09-mDWWVNXF/your_instagram_activity/story_interactions/story_likes.json
story_likes.json-0.5177997892481443,unknown,2025-06-05T15:09:55.000Z,"","","identity","",story_likes.json,/Users/kriskleva/Documents/ModernDayCircusManager/instagram-moderndaycircus-2026-03-09-mDWWVNXF/your_instagram_activity/story_interactions/story_likes.json
story_likes.json-0.4594315643961122,unknown,2025-06-05T15:09:53.000Z,"","","identity","",story_likes.json,/Users/kriskleva/Documents/ModernDayCircusManager/instagram-moderndaycircus-2026-03-09-mDWWVNXF/your_instagram_activity/story_interactions/story_likes.json
story_likes.json-0.9125088567554858,unknown,2025-06-05T15:09:51.000Z,"","","identity","",story_likes.json,/Users/kriskleva/Documents/ModernDayCircusManager/instagram-moderndaycircus-2026-03-09-mDWWVNXF/your_instagram_activity/story_interactions/story_likes.json
story_likes.json-0.2712665616829153,unknown,2025-06-05T15:09:49.000Z,"","","identity","",story_likes.json,/Users/kriskleva/Documents/ModernDayCircusManager/instagram-moderndaycircus-2026-03-09-mDWWVNXF/your_instagram_activity/story_interactions/story_likes.json
story_likes.json-0.8427318908916779,unknown,2025-06-05T15:09:45.000Z,"","","identity","",story_likes.json,/Users/kriskleva/Documents/ModernDayCircusManager/instagram-moderndaycircus-2026-03-09-mDWWVNXF/your_instagram_activity/story_interactions/story_likes.json
story_likes.json-0.08900898882345909,unknown,2025-06-05T15:09:36.000Z,"","","identity","",story_likes.json,/Users/kriskleva/Documents/ModernDayCircusManager/instagram-moderndaycircus-2026-03-09-mDWWVNXF/your_instagram_activity/story_interactions/story_likes.json
story_likes.json-0.9460019112325648,unknown,2025-06-05T15:09:25.000Z,"","","identity","",story_likes.json,/Users/kriskleva/Documents/ModernDayCircusManager/instagram-moderndaycircus-2026-03-09-mDWWVNXF/your_instagram_activity/story_interactions/story_likes.json
story_likes.json-0.5373614344072448,unknown,2025-06-05T15:08:47.000Z,"","","identity","",story_likes.json,/Users/kriskleva/Documents/ModernDayCircusManager/instagram-moderndaycircus-2026-03-09-mDWWVNXF/your_instagram_activity/story_interactions/story_likes.json
story_likes.json-0.8996128579320872,unknown,2025-06-05T15:08:40.000Z,"","","identity","",story_likes.json,/Users/kriskleva/Documents/ModernDayCircusManager/instagram-moderndaycircus-2026-03-09-mDWWVNXF/your_instagram_activity/story_interactions/story_likes.json
story_likes.json-0.0607048721720882,unknown,2025-06-05T11:56:10.000Z,"","","identity","",story_likes.json,/Users/kriskleva/Documents/ModernDayCircusManager/instagram-moderndaycircus-2026-03-09-mDWWVNXF/your_instagram_activity/story_interactions/story_likes.json
story_likes.json-0.9128509762080277,unknown,2025-06-04T17:48:42.000Z,"","","identity","",story_likes.json,/Users/kriskleva/Documents/ModernDayCircusManager/instagram-moderndaycircus-2026-03-09-mDWWVNXF/your_instagram_activity/story_interactions/story_likes.json
story_likes.json-0.6787035816909639,unknown,2025-06-04T17:47:13.000Z,"","","identity","",story_likes.json,/Users/kriskleva/Documents/ModernDayCircusManager/instagram-moderndaycircus-2026-03-09-mDWWVNXF/your_instagram_activity/story_interactions/story_likes.json
story_likes.json-0.03013840490912556,unknown,2025-06-04T17:47:07.000Z,"","","identity","",story_likes.json,/Users/kriskleva/Documents/ModernDayCircusManager/instagram-moderndaycircus-2026-03-09-mDWWVNXF/your_instagram_activity/story_interactions/story_likes.json
story_likes.json-0.3243291345712356,unknown,2025-06-04T17:47:02.000Z,"","","identity","",story_likes.json,/Users/kriskleva/Documents/ModernDayCircusManager/instagram-moderndaycircus-2026-03-09-mDWWVNXF/your_instagram_activity/story_interactions/story_likes.json
story_likes.json-0.17284065138573923,unknown,2025-06-04T17:46:18.000Z,"","","identity","",story_likes.json,/Users/kriskleva/Documents/ModernDayCircusManager/instagram-moderndaycircus-2026-03-09-mDWWVNXF/your_instagram_activity/story_interactions/story_likes.json
story_likes.json-0.6584236434250614,unknown,2025-06-04T17:46:09.000Z,"","","identity","",story_likes.json,/Users/kriskleva/Documents/ModernDayCircusManager/instagram-moderndaycircus-2026-03-09-mDWWVNXF/your_instagram_activity/story_interactions/story_likes.json
story_likes.json-0.7987058501576436,unknown,2025-06-04T17:46:03.000Z,"","","identity","",story_likes.json,/Users/kriskleva/Documents/ModernDayCircusManager/instagram-moderndaycircus-2026-03-09-mDWWVNXF/your_instagram_activity/story_interactions/story_likes.json
story_likes.json-0.44586397282109647,unknown,2025-06-04T12:59:23.000Z,"","","identity","",story_likes.json,/Users/kriskleva/Documents/ModernDayCircusManager/instagram-moderndaycircus-2026-03-09-mDWWVNXF/your_instagram_activity/story_interactions/story_likes.json
story_likes.json-0.40362916562249196,unknown,2025-06-04T12:59:17.000Z,"","","identity","",story_likes.json,/Users/kriskleva/Documents/ModernDayCircusManager/instagram-moderndaycircus-2026-03-09-mDWWVNXF/your_instagram_activity/story_interactions/story_likes.json
story_likes.json-0.18571808700502346,unknown,2025-06-04T12:58:30.000Z,"","","identity","",story_likes.json,/Users/kriskleva/Documents/ModernDayCircusManager/instagram-moderndaycircus-2026-03-09-mDWWVNXF/your_instagram_activity/story_interactions/story_likes.json
story_likes.json-0.8411407021555888,unknown,2025-06-04T12:58:25.000Z,"","","identity","",story_likes.json,/Users/kriskleva/Documents/ModernDayCircusManager/instagram-moderndaycircus-2026-03-09-mDWWVNXF/your_instagram_activity/story_interactions/story_likes.json
story_likes.json-0.4607060613042082,unknown,2025-06-03T17:48:52.000Z,"","","identity","",story_likes.json,/Users/kriskleva/Documents/ModernDayCircusManager/instagram-moderndaycircus-2026-03-09-mDWWVNXF/your_instagram_activity/story_interactions/story_likes.json
story_likes.json-0.2970626273457859,unknown,2025-06-03T10:27:02.000Z,"","","identity","",story_likes.json,/Users/kriskleva/Documents/ModernDayCircusManager/instagram-moderndaycircus-2026-03-09-mDWWVNXF/your_instagram_activity/story_interactions/story_likes.json
story_likes.json-0.5251331029350959,unknown,2025-06-03T10:26:33.000Z,"","","identity","",story_likes.json,/Users/kriskleva/Documents/ModernDayCircusManager/instagram-moderndaycircus-2026-03-09-mDWWVNXF/your_instagram_activity/story_interactions/story_likes.json
story_likes.json-0.3563587150299736,unknown,2025-06-02T18:22:21.000Z,"","","identity","",story_likes.json,/Users/kriskleva/Documents/ModernDayCircusManager/instagram-moderndaycircus-2026-03-09-mDWWVNXF/your_instagram_activity/story_interactions/story_likes.json
story_likes.json-0.2658528803654989,unknown,2025-06-02T18:22:17.000Z,"","","identity","",story_likes.json,/Users/kriskleva/Documents/ModernDayCircusManager/instagram-moderndaycircus-2026-03-09-mDWWVNXF/your_instagram_activity/story_interactions/story_likes.json
story_likes.json-0.9200577683447224,unknown,2025-06-02T16:23:12.000Z,"","","identity","",story_likes.json,/Users/kriskleva/Documents/ModernDayCircusManager/instagram-moderndaycircus-2026-03-09-mDWWVNXF/your_instagram_activity/story_interactions/story_likes.json
story_likes.json-0.8161441681014441,unknown,2025-06-02T16:10:27.000Z,"","","identity","",story_likes.json,/Users/kriskleva/Documents/ModernDayCircusManager/instagram-moderndaycircus-2026-03-09-mDWWVNXF/your_instagram_activity/story_interactions/story_likes.json
story_likes.json-0.607357934171715,unknown,2025-06-02T16:04:09.000Z,"","","identity","",story_likes.json,/Users/kriskleva/Documents/ModernDayCircusManager/instagram-moderndaycircus-2026-03-09-mDWWVNXF/your_instagram_activity/story_interactions/story_likes.json
story_likes.json-0.773261971017343,unknown,2025-06-02T11:20:14.000Z,"","","identity","",story_likes.json,/Users/kriskleva/Documents/ModernDayCircusManager/instagram-moderndaycircus-2026-03-09-mDWWVNXF/your_instagram_activity/story_interactions/story_likes.json
story_likes.json-0.23615615208682006,unknown,2025-06-02T11:08:02.000Z,"","","identity","",story_likes.json,/Users/kriskleva/Documents/ModernDayCircusManager/instagram-moderndaycircus-2026-03-09-mDWWVNXF/your_instagram_activity/story_interactions/story_likes.json
story_likes.json-0.25248393096706234,unknown,2025-06-01T12:33:33.000Z,"","","identity","",story_likes.json,/Users/kriskleva/Documents/ModernDayCircusManager/instagram-moderndaycircus-2026-03-09-mDWWVNXF/your_instagram_activity/story_interactions/story_likes.json
story_likes.json-0.37484277931070786,unknown,2025-06-01T12:33:19.000Z,"","","identity","",story_likes.json,/Users/kriskleva/Documents/ModernDayCircusManager/instagram-moderndaycircus-2026-03-09-mDWWVNXF/your_instagram_activity/story_interactions/story_likes.json
story_likes.json-0.5037030725031548,unknown,2025-05-30T10:34:28.000Z,"","","identity","",story_likes.json,/Users/kriskleva/Documents/ModernDayCircusManager/instagram-moderndaycircus-2026-03-09-mDWWVNXF/your_instagram_activity/story_interactions/story_likes.json
story_likes.json-0.056590416228171625,unknown,2025-05-30T10:33:56.000Z,"","","identity","",story_likes.json,/Users/kriskleva/Documents/ModernDayCircusManager/instagram-moderndaycircus-2026-03-09-mDWWVNXF/your_instagram_activity/story_interactions/story_likes.json
story_likes.json-0.49267780067472855,unknown,2025-05-30T10:33:44.000Z,"","","identity","",story_likes.json,/Users/kriskleva/Documents/ModernDayCircusManager/instagram-moderndaycircus-2026-03-09-mDWWVNXF/your_instagram_activity/story_interactions/story_likes.json
story_likes.json-0.7257776006884162,unknown,2025-05-30T10:33:28.000Z,"","","identity","",story_likes.json,/Users/kriskleva/Documents/ModernDayCircusManager/instagram-moderndaycircus-2026-03-09-mDWWVNXF/your_instagram_activity/story_interactions/story_likes.json
story_likes.json-0.290060586146216,unknown,2025-05-30T10:30:29.000Z,"","","identity","",story_likes.json,/Users/kriskleva/Documents/ModernDayCircusManager/instagram-moderndaycircus-2026-03-09-mDWWVNXF/your_instagram_activity/story_interactions/story_likes.json
story_likes.json-0.8770543425548387,unknown,2025-05-30T10:30:14.000Z,"","","identity","",story_likes.json,/Users/kriskleva/Documents/ModernDayCircusManager/instagram-moderndaycircus-2026-03-09-mDWWVNXF/your_instagram_activity/story_interactions/story_likes.json
story_likes.json-0.5390974435828477,unknown,2025-05-29T22:37:18.000Z,"","","identity","",story_likes.json,/Users/kriskleva/Documents/ModernDayCircusManager/instagram-moderndaycircus-2026-03-09-mDWWVNXF/your_instagram_activity/story_interactions/story_likes.json
story_likes.json-0.053966331914820254,unknown,2025-05-29T22:37:04.000Z,"","","identity","",story_likes.json,/Users/kriskleva/Documents/ModernDayCircusManager/instagram-moderndaycircus-2026-03-09-mDWWVNXF/your_instagram_activity/story_interactions/story_likes.json
story_likes.json-0.6854485462740398,unknown,2025-05-29T22:36:38.000Z,"","","identity","",story_likes.json,/Users/kriskleva/Documents/ModernDayCircusManager/instagram-moderndaycircus-2026-03-09-mDWWVNXF/your_instagram_activity/story_interactions/story_likes.json
story_likes.json-0.8557158083300682,unknown,2025-05-29T13:24:46.000Z,"","","identity","",story_likes.json,/Users/kriskleva/Documents/ModernDayCircusManager/instagram-moderndaycircus-2026-03-09-mDWWVNXF/your_instagram_activity/story_interactions/story_likes.json
story_likes.json-0.23733917282474826,unknown,2025-05-28T00:39:53.000Z,"","","identity","",story_likes.json,/Users/kriskleva/Documents/ModernDayCircusManager/instagram-moderndaycircus-2026-03-09-mDWWVNXF/your_instagram_activity/story_interactions/story_likes.json
story_likes.json-0.1217306819666848,unknown,2025-05-28T00:39:44.000Z,"","","identity","",story_likes.json,/Users/kriskleva/Documents/ModernDayCircusManager/instagram-moderndaycircus-2026-03-09-mDWWVNXF/your_instagram_activity/story_interactions/story_likes.json
story_likes.json-0.7667775040616316,unknown,2025-05-27T20:19:19.000Z,"","","identity","",story_likes.json,/Users/kriskleva/Documents/ModernDayCircusManager/instagram-moderndaycircus-2026-03-09-mDWWVNXF/your_instagram_activity/story_interactions/story_likes.json
story_likes.json-0.23871027235562137,unknown,2025-05-27T20:19:17.000Z,"","","identity","",story_likes.json,/Users/kriskleva/Documents/ModernDayCircusManager/instagram-moderndaycircus-2026-03-09-mDWWVNXF/your_instagram_activity/story_interactions/story_likes.json
story_likes.json-0.0030813187441460776,unknown,2025-05-27T11:03:41.000Z,"","","identity","",story_likes.json,/Users/kriskleva/Documents/ModernDayCircusManager/instagram-moderndaycircus-2026-03-09-mDWWVNXF/your_instagram_activity/story_interactions/story_likes.json
story_likes.json-0.608728843741656,unknown,2025-05-27T11:02:59.000Z,"","","identity","",story_likes.json,/Users/kriskleva/Documents/ModernDayCircusManager/instagram-moderndaycircus-2026-03-09-mDWWVNXF/your_instagram_activity/story_interactions/story_likes.json
story_likes.json-0.9836038801903713,unknown,2025-05-25T08:43:08.000Z,"","","identity","",story_likes.json,/Users/kriskleva/Documents/ModernDayCircusManager/instagram-moderndaycircus-2026-03-09-mDWWVNXF/your_instagram_activity/story_interactions/story_likes.json
story_likes.json-0.06290584058019522,unknown,2025-05-24T14:46:43.000Z,"","","identity","",story_likes.json,/Users/kriskleva/Documents/ModernDayCircusManager/instagram-moderndaycircus-2026-03-09-mDWWVNXF/your_instagram_activity/story_interactions/story_likes.json
story_likes.json-0.04659567783922136,unknown,2025-05-24T14:46:21.000Z,"","","identity","",story_likes.json,/Users/kriskleva/Documents/ModernDayCircusManager/instagram-moderndaycircus-2026-03-09-mDWWVNXF/your_instagram_activity/story_interactions/story_likes.json
story_likes.json-0.8782725311490591,unknown,2025-05-24T14:46:07.000Z,"","","identity","",story_likes.json,/Users/kriskleva/Documents/ModernDayCircusManager/instagram-moderndaycircus-2026-03-09-mDWWVNXF/your_instagram_activity/story_interactions/story_likes.json
story_likes.json-0.7120228249051703,unknown,2025-05-24T14:41:32.000Z,"","","identity","",story_likes.json,/Users/kriskleva/Documents/ModernDayCircusManager/instagram-moderndaycircus-2026-03-09-mDWWVNXF/your_instagram_activity/story_interactions/story_likes.json
story_likes.json-0.46977343355398515,unknown,2025-05-24T14:41:28.000Z,"","","identity","",story_likes.json,/Users/kriskleva/Documents/ModernDayCircusManager/instagram-moderndaycircus-2026-03-09-mDWWVNXF/your_instagram_activity/story_interactions/story_likes.json
story_likes.json-0.8285553576868223,unknown,2025-05-24T14:41:26.000Z,"","","identity","",story_likes.json,/Users/kriskleva/Documents/ModernDayCircusManager/instagram-moderndaycircus-2026-03-09-mDWWVNXF/your_instagram_activity/story_interactions/story_likes.json
story_likes.json-0.43114313576386065,unknown,2025-05-24T14:41:22.000Z,"","","identity","",story_likes.json,/Users/kriskleva/Documents/ModernDayCircusManager/instagram-moderndaycircus-2026-03-09-mDWWVNXF/your_instagram_activity/story_interactions/story_likes.json
story_likes.json-0.9961427772654616,unknown,2025-05-24T10:07:55.000Z,"","","identity","",story_likes.json,/Users/kriskleva/Documents/ModernDayCircusManager/instagram-moderndaycircus-2026-03-09-mDWWVNXF/your_instagram_activity/story_interactions/story_likes.json
story_likes.json-0.3885760882310345,unknown,2025-05-23T19:44:37.000Z,"","","identity","",story_likes.json,/Users/kriskleva/Documents/ModernDayCircusManager/instagram-moderndaycircus-2026-03-09-mDWWVNXF/your_instagram_activity/story_interactions/story_likes.json
story_likes.json-0.16179154188530753,unknown,2025-05-23T16:14:59.000Z,"","","identity","",story_likes.json,/Users/kriskleva/Documents/ModernDayCircusManager/instagram-moderndaycircus-2026-03-09-mDWWVNXF/your_instagram_activity/story_interactions/story_likes.json
story_likes.json-0.8300134681220854,unknown,2025-05-23T16:14:49.000Z,"","","identity","",story_likes.json,/Users/kriskleva/Documents/ModernDayCircusManager/instagram-moderndaycircus-2026-03-09-mDWWVNXF/your_instagram_activity/story_interactions/story_likes.json
story_likes.json-0.969021322673812,unknown,2025-05-23T11:22:05.000Z,"","","identity","",story_likes.json,/Users/kriskleva/Documents/ModernDayCircusManager/instagram-moderndaycircus-2026-03-09-mDWWVNXF/your_instagram_activity/story_interactions/story_likes.json
story_likes.json-0.15676117143378,unknown,2025-05-23T11:22:00.000Z,"","","identity","",story_likes.json,/Users/kriskleva/Documents/ModernDayCircusManager/instagram-moderndaycircus-2026-03-09-mDWWVNXF/your_instagram_activity/story_interactions/story_likes.json
story_likes.json-0.26835770370092304,unknown,2025-05-22T20:45:14.000Z,"","","identity","",story_likes.json,/Users/kriskleva/Documents/ModernDayCircusManager/instagram-moderndaycircus-2026-03-09-mDWWVNXF/your_instagram_activity/story_interactions/story_likes.json
story_likes.json-0.5984339665744085,unknown,2025-05-22T20:44:57.000Z,"","","identity","",story_likes.json,/Users/kriskleva/Documents/ModernDayCircusManager/instagram-moderndaycircus-2026-03-09-mDWWVNXF/your_instagram_activity/story_interactions/story_likes.json
story_likes.json-0.9899554405932802,unknown,2025-05-22T20:44:50.000Z,"","","identity","",story_likes.json,/Users/kriskleva/Documents/ModernDayCircusManager/instagram-moderndaycircus-2026-03-09-mDWWVNXF/your_instagram_activity/story_interactions/story_likes.json
story_likes.json-0.03537397706754586,unknown,2025-05-20T22:14:07.000Z,"","","identity","",story_likes.json,/Users/kriskleva/Documents/ModernDayCircusManager/instagram-moderndaycircus-2026-03-09-mDWWVNXF/your_instagram_activity/story_interactions/story_likes.json
story_likes.json-0.4376627823388448,unknown,2025-05-20T22:12:53.000Z,"","","identity","",story_likes.json,/Users/kriskleva/Documents/ModernDayCircusManager/instagram-moderndaycircus-2026-03-09-mDWWVNXF/your_instagram_activity/story_interactions/story_likes.json
story_likes.json-0.5492402266824188,unknown,2025-05-20T22:12:20.000Z,"","","identity","",story_likes.json,/Users/kriskleva/Documents/ModernDayCircusManager/instagram-moderndaycircus-2026-03-09-mDWWVNXF/your_instagram_activity/story_interactions/story_likes.json
story_likes.json-0.13128529351204454,unknown,2025-05-20T22:02:43.000Z,"","","identity","",story_likes.json,/Users/kriskleva/Documents/ModernDayCircusManager/instagram-moderndaycircus-2026-03-09-mDWWVNXF/your_instagram_activity/story_interactions/story_likes.json
story_likes.json-0.6988693624328226,unknown,2025-05-20T22:02:38.000Z,"","","identity","",story_likes.json,/Users/kriskleva/Documents/ModernDayCircusManager/instagram-moderndaycircus-2026-03-09-mDWWVNXF/your_instagram_activity/story_interactions/story_likes.json
story_likes.json-0.8395083274676736,unknown,2025-05-20T17:55:51.000Z,"","","identity","",story_likes.json,/Users/kriskleva/Documents/ModernDayCircusManager/instagram-moderndaycircus-2026-03-09-mDWWVNXF/your_instagram_activity/story_interactions/story_likes.json
story_likes.json-0.2964147552319989,unknown,2025-05-20T17:40:30.000Z,"","","identity","",story_likes.json,/Users/kriskleva/Documents/ModernDayCircusManager/instagram-moderndaycircus-2026-03-09-mDWWVNXF/your_instagram_activity/story_interactions/story_likes.json
story_likes.json-0.5126983068397413,unknown,2025-05-20T17:39:13.000Z,"","","identity","",story_likes.json,/Users/kriskleva/Documents/ModernDayCircusManager/instagram-moderndaycircus-2026-03-09-mDWWVNXF/your_instagram_activity/story_interactions/story_likes.json
story_likes.json-0.8542989576578051,unknown,2025-05-20T17:38:29.000Z,"","","identity","",story_likes.json,/Users/kriskleva/Documents/ModernDayCircusManager/instagram-moderndaycircus-2026-03-09-mDWWVNXF/your_instagram_activity/story_interactions/story_likes.json
story_likes.json-0.5126447504442764,unknown,2025-05-19T20:43:38.000Z,"","","identity","",story_likes.json,/Users/kriskleva/Documents/ModernDayCircusManager/instagram-moderndaycircus-2026-03-09-mDWWVNXF/your_instagram_activity/story_interactions/story_likes.json
story_likes.json-0.3780353336064266,unknown,2025-05-19T19:01:31.000Z,"","","identity","",story_likes.json,/Users/kriskleva/Documents/ModernDayCircusManager/instagram-moderndaycircus-2026-03-09-mDWWVNXF/your_instagram_activity/story_interactions/story_likes.json
story_likes.json-0.2596355236842909,unknown,2025-05-19T19:01:27.000Z,"","","identity","",story_likes.json,/Users/kriskleva/Documents/ModernDayCircusManager/instagram-moderndaycircus-2026-03-09-mDWWVNXF/your_instagram_activity/story_interactions/story_likes.json
story_likes.json-0.5080914053319476,unknown,2025-05-19T19:01:23.000Z,"","","identity","",story_likes.json,/Users/kriskleva/Documents/ModernDayCircusManager/instagram-moderndaycircus-2026-03-09-mDWWVNXF/your_instagram_activity/story_interactions/story_likes.json
story_likes.json-0.6183602056289932,unknown,2025-05-19T17:41:29.000Z,"","","identity","",story_likes.json,/Users/kriskleva/Documents/ModernDayCircusManager/instagram-moderndaycircus-2026-03-09-mDWWVNXF/your_instagram_activity/story_interactions/story_likes.json
story_likes.json-0.2458259028806089,unknown,2025-05-19T12:30:02.000Z,"","","identity","",story_likes.json,/Users/kriskleva/Documents/ModernDayCircusManager/instagram-moderndaycircus-2026-03-09-mDWWVNXF/your_instagram_activity/story_interactions/story_likes.json
story_likes.json-0.6559444699833155,unknown,2025-05-19T11:03:49.000Z,"","","identity","",story_likes.json,/Users/kriskleva/Documents/ModernDayCircusManager/instagram-moderndaycircus-2026-03-09-mDWWVNXF/your_instagram_activity/story_interactions/story_likes.json
story_likes.json-0.844057113430412,unknown,2025-05-19T11:03:34.000Z,"","","identity","",story_likes.json,/Users/kriskleva/Documents/ModernDayCircusManager/instagram-moderndaycircus-2026-03-09-mDWWVNXF/your_instagram_activity/story_interactions/story_likes.json
story_likes.json-0.09530394133289755,unknown,2025-05-19T10:15:38.000Z,"","","identity","",story_likes.json,/Users/kriskleva/Documents/ModernDayCircusManager/instagram-moderndaycircus-2026-03-09-mDWWVNXF/your_instagram_activity/story_interactions/story_likes.json
story_likes.json-0.09962700025188376,unknown,2025-05-18T22:19:10.000Z,"","","identity","",story_likes.json,/Users/kriskleva/Documents/ModernDayCircusManager/instagram-moderndaycircus-2026-03-09-mDWWVNXF/your_instagram_activity/story_interactions/story_likes.json
story_likes.json-0.5083993094786232,unknown,2025-05-17T17:46:00.000Z,"","","identity","",story_likes.json,/Users/kriskleva/Documents/ModernDayCircusManager/instagram-moderndaycircus-2026-03-09-mDWWVNXF/your_instagram_activity/story_interactions/story_likes.json
story_likes.json-0.1389611625161975,unknown,2025-05-17T17:38:21.000Z,"","","identity","",story_likes.json,/Users/kriskleva/Documents/ModernDayCircusManager/instagram-moderndaycircus-2026-03-09-mDWWVNXF/your_instagram_activity/story_interactions/story_likes.json
story_likes.json-0.3296743583948205,unknown,2025-05-17T17:24:20.000Z,"","","identity","",story_likes.json,/Users/kriskleva/Documents/ModernDayCircusManager/instagram-moderndaycircus-2026-03-09-mDWWVNXF/your_instagram_activity/story_interactions/story_likes.json
story_likes.json-0.2554908052854834,unknown,2025-05-17T17:18:44.000Z,"","","identity","",story_likes.json,/Users/kriskleva/Documents/ModernDayCircusManager/instagram-moderndaycircus-2026-03-09-mDWWVNXF/your_instagram_activity/story_interactions/story_likes.json
story_likes.json-0.8031713779182086,unknown,2025-05-17T17:08:23.000Z,"","","identity","",story_likes.json,/Users/kriskleva/Documents/ModernDayCircusManager/instagram-moderndaycircus-2026-03-09-mDWWVNXF/your_instagram_activity/story_interactions/story_likes.json
story_likes.json-0.9900500110977037,unknown,2025-05-16T16:40:03.000Z,"","","identity","",story_likes.json,/Users/kriskleva/Documents/ModernDayCircusManager/instagram-moderndaycircus-2026-03-09-mDWWVNXF/your_instagram_activity/story_interactions/story_likes.json
story_likes.json-0.6373294087958656,unknown,2025-05-16T16:26:20.000Z,"","","identity","",story_likes.json,/Users/kriskleva/Documents/ModernDayCircusManager/instagram-moderndaycircus-2026-03-09-mDWWVNXF/your_instagram_activity/story_interactions/story_likes.json
story_likes.json-0.9844429056969624,unknown,2025-05-16T15:08:15.000Z,"","","identity","",story_likes.json,/Users/kriskleva/Documents/ModernDayCircusManager/instagram-moderndaycircus-2026-03-09-mDWWVNXF/your_instagram_activity/story_interactions/story_likes.json
story_likes.json-0.06935135225168176,unknown,2025-05-16T15:00:20.000Z,"","","identity","",story_likes.json,/Users/kriskleva/Documents/ModernDayCircusManager/instagram-moderndaycircus-2026-03-09-mDWWVNXF/your_instagram_activity/story_interactions/story_likes.json
story_likes.json-0.7517700408080215,unknown,2025-05-16T15:00:14.000Z,"","","identity","",story_likes.json,/Users/kriskleva/Documents/ModernDayCircusManager/instagram-moderndaycircus-2026-03-09-mDWWVNXF/your_instagram_activity/story_interactions/story_likes.json
story_likes.json-0.34972745561906904,unknown,2025-05-16T15:00:00.000Z,"","","identity","",story_likes.json,/Users/kriskleva/Documents/ModernDayCircusManager/instagram-moderndaycircus-2026-03-09-mDWWVNXF/your_instagram_activity/story_interactions/story_likes.json
story_likes.json-0.14517208787230262,unknown,2025-05-16T14:56:42.000Z,"","","identity","",story_likes.json,/Users/kriskleva/Documents/ModernDayCircusManager/instagram-moderndaycircus-2026-03-09-mDWWVNXF/your_instagram_activity/story_interactions/story_likes.json
story_likes.json-0.5818304905490939,unknown,2025-05-16T14:56:39.000Z,"","","identity","",story_likes.json,/Users/kriskleva/Documents/ModernDayCircusManager/instagram-moderndaycircus-2026-03-09-mDWWVNXF/your_instagram_activity/story_interactions/story_likes.json
story_likes.json-0.3133368352094381,unknown,2025-05-16T14:56:34.000Z,"","","identity","",story_likes.json,/Users/kriskleva/Documents/ModernDayCircusManager/instagram-moderndaycircus-2026-03-09-mDWWVNXF/your_instagram_activity/story_interactions/story_likes.json
story_likes.json-0.0122440792148375,unknown,2025-05-16T14:56:31.000Z,"","","identity","",story_likes.json,/Users/kriskleva/Documents/ModernDayCircusManager/instagram-moderndaycircus-2026-03-09-mDWWVNXF/your_instagram_activity/story_interactions/story_likes.json
story_likes.json-0.6172833205543238,unknown,2025-05-16T14:56:25.000Z,"","","identity","",story_likes.json,/Users/kriskleva/Documents/ModernDayCircusManager/instagram-moderndaycircus-2026-03-09-mDWWVNXF/your_instagram_activity/story_interactions/story_likes.json
story_likes.json-0.39436912248717215,unknown,2025-05-16T14:56:23.000Z,"","","identity","",story_likes.json,/Users/kriskleva/Documents/ModernDayCircusManager/instagram-moderndaycircus-2026-03-09-mDWWVNXF/your_instagram_activity/story_interactions/story_likes.json
story_likes.json-0.15590117736842535,unknown,2025-05-16T14:56:13.000Z,"","","identity","",story_likes.json,/Users/kriskleva/Documents/ModernDayCircusManager/instagram-moderndaycircus-2026-03-09-mDWWVNXF/your_instagram_activity/story_interactions/story_likes.json
story_likes.json-0.6551356188331994,unknown,2025-05-16T14:54:50.000Z,"","","identity","",story_likes.json,/Users/kriskleva/Documents/ModernDayCircusManager/instagram-moderndaycircus-2026-03-09-mDWWVNXF/your_instagram_activity/story_interactions/story_likes.json
story_likes.json-0.20593234380145797,unknown,2025-05-16T14:54:48.000Z,"","","identity","",story_likes.json,/Users/kriskleva/Documents/ModernDayCircusManager/instagram-moderndaycircus-2026-03-09-mDWWVNXF/your_instagram_activity/story_interactions/story_likes.json
story_likes.json-0.6231339036111279,unknown,2025-05-16T14:54:43.000Z,"","","identity","",story_likes.json,/Users/kriskleva/Documents/ModernDayCircusManager/instagram-moderndaycircus-2026-03-09-mDWWVNXF/your_instagram_activity/story_interactions/story_likes.json
story_likes.json-0.37237560208833376,unknown,2025-05-16T14:54:38.000Z,"","","identity","",story_likes.json,/Users/kriskleva/Documents/ModernDayCircusManager/instagram-moderndaycircus-2026-03-09-mDWWVNXF/your_instagram_activity/story_interactions/story_likes.json
story_likes.json-0.8090722634488654,unknown,2025-05-16T14:54:31.000Z,"","","identity","",story_likes.json,/Users/kriskleva/Documents/ModernDayCircusManager/instagram-moderndaycircus-2026-03-09-mDWWVNXF/your_instagram_activity/story_interactions/story_likes.json
story_likes.json-0.8494198663256713,unknown,2025-05-16T14:54:30.000Z,"","","identity","",story_likes.json,/Users/kriskleva/Documents/ModernDayCircusManager/instagram-moderndaycircus-2026-03-09-mDWWVNXF/your_instagram_activity/story_interactions/story_likes.json
story_likes.json-0.3222672068165551,unknown,2025-05-16T14:42:17.000Z,"","","identity","",story_likes.json,/Users/kriskleva/Documents/ModernDayCircusManager/instagram-moderndaycircus-2026-03-09-mDWWVNXF/your_instagram_activity/story_interactions/story_likes.json
story_likes.json-0.2422436130880683,unknown,2025-05-15T16:48:55.000Z,"","","identity","",story_likes.json,/Users/kriskleva/Documents/ModernDayCircusManager/instagram-moderndaycircus-2026-03-09-mDWWVNXF/your_instagram_activity/story_interactions/story_likes.json
story_likes.json-0.18621638564287335,unknown,2025-05-15T16:48:41.000Z,"","","identity","",story_likes.json,/Users/kriskleva/Documents/ModernDayCircusManager/instagram-moderndaycircus-2026-03-09-mDWWVNXF/your_instagram_activity/story_interactions/story_likes.json
story_likes.json-0.07981407911386795,unknown,2025-05-15T16:48:34.000Z,"","","identity","",story_likes.json,/Users/kriskleva/Documents/ModernDayCircusManager/instagram-moderndaycircus-2026-03-09-mDWWVNXF/your_instagram_activity/story_interactions/story_likes.json
story_likes.json-0.9200070874082569,unknown,2025-05-15T16:47:52.000Z,"","","identity","",story_likes.json,/Users/kriskleva/Documents/ModernDayCircusManager/instagram-moderndaycircus-2026-03-09-mDWWVNXF/your_instagram_activity/story_interactions/story_likes.json
story_likes.json-0.9000376581744143,unknown,2025-05-15T16:02:22.000Z,"","","identity","",story_likes.json,/Users/kriskleva/Documents/ModernDayCircusManager/instagram-moderndaycircus-2026-03-09-mDWWVNXF/your_instagram_activity/story_interactions/story_likes.json
story_likes.json-0.5980127551484915,unknown,2025-05-15T16:01:39.000Z,"","","identity","",story_likes.json,/Users/kriskleva/Documents/ModernDayCircusManager/instagram-moderndaycircus-2026-03-09-mDWWVNXF/your_instagram_activity/story_interactions/story_likes.json
story_likes.json-0.5635968368594415,unknown,2025-05-15T10:40:30.000Z,"","","identity","",story_likes.json,/Users/kriskleva/Documents/ModernDayCircusManager/instagram-moderndaycircus-2026-03-09-mDWWVNXF/your_instagram_activity/story_interactions/story_likes.json
story_likes.json-0.7669043303529852,unknown,2025-05-15T10:25:18.000Z,"","","identity","",story_likes.json,/Users/kriskleva/Documents/ModernDayCircusManager/instagram-moderndaycircus-2026-03-09-mDWWVNXF/your_instagram_activity/story_interactions/story_likes.json
story_likes.json-0.6327521753993861,unknown,2025-05-14T21:46:46.000Z,"","","identity","",story_likes.json,/Users/kriskleva/Documents/ModernDayCircusManager/instagram-moderndaycircus-2026-03-09-mDWWVNXF/your_instagram_activity/story_interactions/story_likes.json
story_likes.json-0.4270432037253229,unknown,2025-05-14T21:19:32.000Z,"","","identity","",story_likes.json,/Users/kriskleva/Documents/ModernDayCircusManager/instagram-moderndaycircus-2026-03-09-mDWWVNXF/your_instagram_activity/story_interactions/story_likes.json
story_likes.json-0.06802271203052634,unknown,2025-05-14T18:51:30.000Z,"","","identity","",story_likes.json,/Users/kriskleva/Documents/ModernDayCircusManager/instagram-moderndaycircus-2026-03-09-mDWWVNXF/your_instagram_activity/story_interactions/story_likes.json
story_likes.json-0.39402152267210155,unknown,2025-05-14T15:16:11.000Z,"","","identity","",story_likes.json,/Users/kriskleva/Documents/ModernDayCircusManager/instagram-moderndaycircus-2026-03-09-mDWWVNXF/your_instagram_activity/story_interactions/story_likes.json
story_likes.json-0.9935981459735301,unknown,2025-05-14T12:16:23.000Z,"","","identity","",story_likes.json,/Users/kriskleva/Documents/ModernDayCircusManager/instagram-moderndaycircus-2026-03-09-mDWWVNXF/your_instagram_activity/story_interactions/story_likes.json
story_likes.json-0.4895245065454463,unknown,2025-05-14T10:54:59.000Z,"","","identity","",story_likes.json,/Users/kriskleva/Documents/ModernDayCircusManager/instagram-moderndaycircus-2026-03-09-mDWWVNXF/your_instagram_activity/story_interactions/story_likes.json
story_likes.json-0.06483454424180768,unknown,2025-05-13T22:47:02.000Z,"","","identity","",story_likes.json,/Users/kriskleva/Documents/ModernDayCircusManager/instagram-moderndaycircus-2026-03-09-mDWWVNXF/your_instagram_activity/story_interactions/story_likes.json
story_likes.json-0.48867321797299823,unknown,2025-05-13T20:36:13.000Z,"","","identity","",story_likes.json,/Users/kriskleva/Documents/ModernDayCircusManager/instagram-moderndaycircus-2026-03-09-mDWWVNXF/your_instagram_activity/story_interactions/story_likes.json
story_likes.json-0.35302808502721694,unknown,2025-05-13T20:14:09.000Z,"","","identity","",story_likes.json,/Users/kriskleva/Documents/ModernDayCircusManager/instagram-moderndaycircus-2026-03-09-mDWWVNXF/your_instagram_activity/story_interactions/story_likes.json
story_likes.json-0.5597134419673373,unknown,2025-05-13T18:07:31.000Z,"","","identity","",story_likes.json,/Users/kriskleva/Documents/ModernDayCircusManager/instagram-moderndaycircus-2026-03-09-mDWWVNXF/your_instagram_activity/story_interactions/story_likes.json
story_likes.json-0.6072532303477733,unknown,2025-05-13T16:52:40.000Z,"","","identity","",story_likes.json,/Users/kriskleva/Documents/ModernDayCircusManager/instagram-moderndaycircus-2026-03-09-mDWWVNXF/your_instagram_activity/story_interactions/story_likes.json
story_likes.json-0.5582123523829008,unknown,2025-05-13T16:52:31.000Z,"","","identity","",story_likes.json,/Users/kriskleva/Documents/ModernDayCircusManager/instagram-moderndaycircus-2026-03-09-mDWWVNXF/your_instagram_activity/story_interactions/story_likes.json
story_likes.json-0.14260699649842312,unknown,2025-05-13T16:51:29.000Z,"","","identity","",story_likes.json,/Users/kriskleva/Documents/ModernDayCircusManager/instagram-moderndaycircus-2026-03-09-mDWWVNXF/your_instagram_activity/story_interactions/story_likes.json
story_likes.json-0.5920459320602878,unknown,2025-05-13T15:57:24.000Z,"","","identity","",story_likes.json,/Users/kriskleva/Documents/ModernDayCircusManager/instagram-moderndaycircus-2026-03-09-mDWWVNXF/your_instagram_activity/story_interactions/story_likes.json
story_likes.json-0.30544614658055225,unknown,2025-05-13T01:33:21.000Z,"","","identity","",story_likes.json,/Users/kriskleva/Documents/ModernDayCircusManager/instagram-moderndaycircus-2026-03-09-mDWWVNXF/your_instagram_activity/story_interactions/story_likes.json
story_likes.json-0.4670308447364,unknown,2025-05-13T01:33:19.000Z,"","","identity","",story_likes.json,/Users/kriskleva/Documents/ModernDayCircusManager/instagram-moderndaycircus-2026-03-09-mDWWVNXF/your_instagram_activity/story_interactions/story_likes.json
story_likes.json-0.8987928478340439,unknown,2025-05-11T11:32:01.000Z,"","","identity","",story_likes.json,/Users/kriskleva/Documents/ModernDayCircusManager/instagram-moderndaycircus-2026-03-09-mDWWVNXF/your_instagram_activity/story_interactions/story_likes.json
story_likes.json-0.21742745032139044,unknown,2025-05-11T11:31:58.000Z,"","","identity","",story_likes.json,/Users/kriskleva/Documents/ModernDayCircusManager/instagram-moderndaycircus-2026-03-09-mDWWVNXF/your_instagram_activity/story_interactions/story_likes.json
story_likes.json-0.5362110552292916,unknown,2025-05-11T11:31:37.000Z,"","","identity","",story_likes.json,/Users/kriskleva/Documents/ModernDayCircusManager/instagram-moderndaycircus-2026-03-09-mDWWVNXF/your_instagram_activity/story_interactions/story_likes.json
story_likes.json-0.2423052196019999,unknown,2025-05-10T17:55:37.000Z,"","","identity","",story_likes.json,/Users/kriskleva/Documents/ModernDayCircusManager/instagram-moderndaycircus-2026-03-09-mDWWVNXF/your_instagram_activity/story_interactions/story_likes.json
story_likes.json-0.5507004539112501,unknown,2025-05-10T12:21:47.000Z,"","","identity","",story_likes.json,/Users/kriskleva/Documents/ModernDayCircusManager/instagram-moderndaycircus-2026-03-09-mDWWVNXF/your_instagram_activity/story_interactions/story_likes.json
story_likes.json-0.39951548945827753,unknown,2025-05-10T08:20:47.000Z,"","","identity","",story_likes.json,/Users/kriskleva/Documents/ModernDayCircusManager/instagram-moderndaycircus-2026-03-09-mDWWVNXF/your_instagram_activity/story_interactions/story_likes.json
story_likes.json-0.24070082192148723,unknown,2025-05-09T12:43:12.000Z,"","","identity","",story_likes.json,/Users/kriskleva/Documents/ModernDayCircusManager/instagram-moderndaycircus-2026-03-09-mDWWVNXF/your_instagram_activity/story_interactions/story_likes.json
story_likes.json-0.38638260643689337,unknown,2025-05-09T10:16:55.000Z,"","","identity","",story_likes.json,/Users/kriskleva/Documents/ModernDayCircusManager/instagram-moderndaycircus-2026-03-09-mDWWVNXF/your_instagram_activity/story_interactions/story_likes.json
story_likes.json-0.315646298101373,unknown,2025-05-08T21:37:41.000Z,"","","identity","",story_likes.json,/Users/kriskleva/Documents/ModernDayCircusManager/instagram-moderndaycircus-2026-03-09-mDWWVNXF/your_instagram_activity/story_interactions/story_likes.json
story_likes.json-0.01923527884952847,unknown,2025-05-08T21:27:07.000Z,"","","identity","",story_likes.json,/Users/kriskleva/Documents/ModernDayCircusManager/instagram-moderndaycircus-2026-03-09-mDWWVNXF/your_instagram_activity/story_interactions/story_likes.json
story_likes.json-0.1404030881021081,unknown,2025-05-08T21:26:59.000Z,"","","identity","",story_likes.json,/Users/kriskleva/Documents/ModernDayCircusManager/instagram-moderndaycircus-2026-03-09-mDWWVNXF/your_instagram_activity/story_interactions/story_likes.json
story_likes.json-0.6590641213798569,unknown,2025-05-08T21:25:50.000Z,"","","identity","",story_likes.json,/Users/kriskleva/Documents/ModernDayCircusManager/instagram-moderndaycircus-2026-03-09-mDWWVNXF/your_instagram_activity/story_interactions/story_likes.json
story_likes.json-0.8875451574557804,unknown,2025-05-08T21:02:27.000Z,"","","identity","",story_likes.json,/Users/kriskleva/Documents/ModernDayCircusManager/instagram-moderndaycircus-2026-03-09-mDWWVNXF/your_instagram_activity/story_interactions/story_likes.json
story_likes.json-0.5521782370450248,unknown,2025-05-08T21:01:06.000Z,"","","identity","",story_likes.json,/Users/kriskleva/Documents/ModernDayCircusManager/instagram-moderndaycircus-2026-03-09-mDWWVNXF/your_instagram_activity/story_interactions/story_likes.json
story_likes.json-0.008608391671675708,unknown,2025-05-08T20:42:46.000Z,"","","identity","",story_likes.json,/Users/kriskleva/Documents/ModernDayCircusManager/instagram-moderndaycircus-2026-03-09-mDWWVNXF/your_instagram_activity/story_interactions/story_likes.json
story_likes.json-0.6621251287559364,unknown,2025-05-08T11:22:14.000Z,"","","identity","",story_likes.json,/Users/kriskleva/Documents/ModernDayCircusManager/instagram-moderndaycircus-2026-03-09-mDWWVNXF/your_instagram_activity/story_interactions/story_likes.json
story_likes.json-0.20643408569896127,unknown,2025-05-08T11:16:16.000Z,"","","identity","",story_likes.json,/Users/kriskleva/Documents/ModernDayCircusManager/instagram-moderndaycircus-2026-03-09-mDWWVNXF/your_instagram_activity/story_interactions/story_likes.json
story_likes.json-0.5079797652204967,unknown,2025-05-08T10:44:29.000Z,"","","identity","",story_likes.json,/Users/kriskleva/Documents/ModernDayCircusManager/instagram-moderndaycircus-2026-03-09-mDWWVNXF/your_instagram_activity/story_interactions/story_likes.json
story_likes.json-0.07281072644725128,unknown,2025-05-08T00:33:54.000Z,"","","identity","",story_likes.json,/Users/kriskleva/Documents/ModernDayCircusManager/instagram-moderndaycircus-2026-03-09-mDWWVNXF/your_instagram_activity/story_interactions/story_likes.json
story_likes.json-0.17347892967537137,unknown,2025-05-07T18:43:21.000Z,"","","identity","",story_likes.json,/Users/kriskleva/Documents/ModernDayCircusManager/instagram-moderndaycircus-2026-03-09-mDWWVNXF/your_instagram_activity/story_interactions/story_likes.json
story_likes.json-0.05145432981708509,unknown,2025-05-07T18:39:19.000Z,"","","identity","",story_likes.json,/Users/kriskleva/Documents/ModernDayCircusManager/instagram-moderndaycircus-2026-03-09-mDWWVNXF/your_instagram_activity/story_interactions/story_likes.json
story_likes.json-0.47914509285386253,unknown,2025-05-07T18:39:17.000Z,"","","identity","",story_likes.json,/Users/kriskleva/Documents/ModernDayCircusManager/instagram-moderndaycircus-2026-03-09-mDWWVNXF/your_instagram_activity/story_interactions/story_likes.json
story_likes.json-0.3873020506641547,unknown,2025-05-07T11:12:47.000Z,"","","identity","",story_likes.json,/Users/kriskleva/Documents/ModernDayCircusManager/instagram-moderndaycircus-2026-03-09-mDWWVNXF/your_instagram_activity/story_interactions/story_likes.json
story_likes.json-0.6912525489362555,unknown,2025-05-06T23:18:37.000Z,"","","identity","",story_likes.json,/Users/kriskleva/Documents/ModernDayCircusManager/instagram-moderndaycircus-2026-03-09-mDWWVNXF/your_instagram_activity/story_interactions/story_likes.json
story_likes.json-0.534311933026544,unknown,2025-05-06T23:18:29.000Z,"","","identity","",story_likes.json,/Users/kriskleva/Documents/ModernDayCircusManager/instagram-moderndaycircus-2026-03-09-mDWWVNXF/your_instagram_activity/story_interactions/story_likes.json
story_likes.json-0.9739451116932709,unknown,2025-05-06T23:18:04.000Z,"","","identity","",story_likes.json,/Users/kriskleva/Documents/ModernDayCircusManager/instagram-moderndaycircus-2026-03-09-mDWWVNXF/your_instagram_activity/story_interactions/story_likes.json
story_likes.json-0.3548184834826853,unknown,2025-05-06T22:58:00.000Z,"","","identity","",story_likes.json,/Users/kriskleva/Documents/ModernDayCircusManager/instagram-moderndaycircus-2026-03-09-mDWWVNXF/your_instagram_activity/story_interactions/story_likes.json
story_likes.json-0.16182727130358687,unknown,2025-05-06T22:55:22.000Z,"","","identity","",story_likes.json,/Users/kriskleva/Documents/ModernDayCircusManager/instagram-moderndaycircus-2026-03-09-mDWWVNXF/your_instagram_activity/story_interactions/story_likes.json
story_likes.json-0.8945511089288354,unknown,2025-05-06T22:54:09.000Z,"","","identity","",story_likes.json,/Users/kriskleva/Documents/ModernDayCircusManager/instagram-moderndaycircus-2026-03-09-mDWWVNXF/your_instagram_activity/story_interactions/story_likes.json
story_likes.json-0.6463908446411812,unknown,2025-05-06T22:54:05.000Z,"","","identity","",story_likes.json,/Users/kriskleva/Documents/ModernDayCircusManager/instagram-moderndaycircus-2026-03-09-mDWWVNXF/your_instagram_activity/story_interactions/story_likes.json
story_likes.json-0.7400027499686677,unknown,2025-05-06T22:52:42.000Z,"","","identity","",story_likes.json,/Users/kriskleva/Documents/ModernDayCircusManager/instagram-moderndaycircus-2026-03-09-mDWWVNXF/your_instagram_activity/story_interactions/story_likes.json
story_likes.json-0.5010536426199095,unknown,2025-05-06T22:51:36.000Z,"","","identity","",story_likes.json,/Users/kriskleva/Documents/ModernDayCircusManager/instagram-moderndaycircus-2026-03-09-mDWWVNXF/your_instagram_activity/story_interactions/story_likes.json
story_likes.json-0.7833988618678063,unknown,2025-05-06T22:51:33.000Z,"","","identity","",story_likes.json,/Users/kriskleva/Documents/ModernDayCircusManager/instagram-moderndaycircus-2026-03-09-mDWWVNXF/your_instagram_activity/story_interactions/story_likes.json
story_likes.json-0.2591531326145755,unknown,2025-05-06T22:51:09.000Z,"","","identity","",story_likes.json,/Users/kriskleva/Documents/ModernDayCircusManager/instagram-moderndaycircus-2026-03-09-mDWWVNXF/your_instagram_activity/story_interactions/story_likes.json
story_likes.json-0.8922981539343222,unknown,2025-05-06T22:50:24.000Z,"","","identity","",story_likes.json,/Users/kriskleva/Documents/ModernDayCircusManager/instagram-moderndaycircus-2026-03-09-mDWWVNXF/your_instagram_activity/story_interactions/story_likes.json
story_likes.json-0.8322628080877978,unknown,2025-05-06T22:50:20.000Z,"","","identity","",story_likes.json,/Users/kriskleva/Documents/ModernDayCircusManager/instagram-moderndaycircus-2026-03-09-mDWWVNXF/your_instagram_activity/story_interactions/story_likes.json
story_likes.json-0.9188529077717009,unknown,2025-05-06T22:49:10.000Z,"","","identity","",story_likes.json,/Users/kriskleva/Documents/ModernDayCircusManager/instagram-moderndaycircus-2026-03-09-mDWWVNXF/your_instagram_activity/story_interactions/story_likes.json
story_likes.json-0.4470600244899636,unknown,2025-05-06T22:49:03.000Z,"","","identity","",story_likes.json,/Users/kriskleva/Documents/ModernDayCircusManager/instagram-moderndaycircus-2026-03-09-mDWWVNXF/your_instagram_activity/story_interactions/story_likes.json
story_likes.json-0.42811452822174423,unknown,2025-05-06T22:49:00.000Z,"","","identity","",story_likes.json,/Users/kriskleva/Documents/ModernDayCircusManager/instagram-moderndaycircus-2026-03-09-mDWWVNXF/your_instagram_activity/story_interactions/story_likes.json
story_likes.json-0.4153793406370343,unknown,2025-05-06T20:36:11.000Z,"","","identity","",story_likes.json,/Users/kriskleva/Documents/ModernDayCircusManager/instagram-moderndaycircus-2026-03-09-mDWWVNXF/your_instagram_activity/story_interactions/story_likes.json
story_likes.json-0.3187779590185209,unknown,2025-05-06T20:35:38.000Z,"","","identity","",story_likes.json,/Users/kriskleva/Documents/ModernDayCircusManager/instagram-moderndaycircus-2026-03-09-mDWWVNXF/your_instagram_activity/story_interactions/story_likes.json
story_likes.json-0.7385575207283972,unknown,2025-05-06T20:35:28.000Z,"","","identity","",story_likes.json,/Users/kriskleva/Documents/ModernDayCircusManager/instagram-moderndaycircus-2026-03-09-mDWWVNXF/your_instagram_activity/story_interactions/story_likes.json
story_likes.json-0.5888499590653085,unknown,2025-05-06T20:35:13.000Z,"","","identity","",story_likes.json,/Users/kriskleva/Documents/ModernDayCircusManager/instagram-moderndaycircus-2026-03-09-mDWWVNXF/your_instagram_activity/story_interactions/story_likes.json
story_likes.json-0.2509298825464217,unknown,2025-05-06T20:35:09.000Z,"","","identity","",story_likes.json,/Users/kriskleva/Documents/ModernDayCircusManager/instagram-moderndaycircus-2026-03-09-mDWWVNXF/your_instagram_activity/story_interactions/story_likes.json
story_likes.json-0.8722263620156765,unknown,2025-05-05T10:15:09.000Z,"","","identity","",story_likes.json,/Users/kriskleva/Documents/ModernDayCircusManager/instagram-moderndaycircus-2026-03-09-mDWWVNXF/your_instagram_activity/story_interactions/story_likes.json
story_likes.json-0.2507181015563087,unknown,2025-05-05T10:12:41.000Z,"","","identity","",story_likes.json,/Users/kriskleva/Documents/ModernDayCircusManager/instagram-moderndaycircus-2026-03-09-mDWWVNXF/your_instagram_activity/story_interactions/story_likes.json
story_likes.json-0.35280880574435614,unknown,2025-05-05T10:12:38.000Z,"","","identity","",story_likes.json,/Users/kriskleva/Documents/ModernDayCircusManager/instagram-moderndaycircus-2026-03-09-mDWWVNXF/your_instagram_activity/story_interactions/story_likes.json
story_likes.json-0.33900073762640304,unknown,2025-05-05T10:08:18.000Z,"","","identity","",story_likes.json,/Users/kriskleva/Documents/ModernDayCircusManager/instagram-moderndaycircus-2026-03-09-mDWWVNXF/your_instagram_activity/story_interactions/story_likes.json
story_likes.json-0.8773018028872639,unknown,2025-05-04T13:56:16.000Z,"","","identity","",story_likes.json,/Users/kriskleva/Documents/ModernDayCircusManager/instagram-moderndaycircus-2026-03-09-mDWWVNXF/your_instagram_activity/story_interactions/story_likes.json
story_likes.json-0.27033721814691836,unknown,2025-05-04T13:25:57.000Z,"","","identity","",story_likes.json,/Users/kriskleva/Documents/ModernDayCircusManager/instagram-moderndaycircus-2026-03-09-mDWWVNXF/your_instagram_activity/story_interactions/story_likes.json
story_likes.json-0.5020274096869222,unknown,2025-05-04T13:25:52.000Z,"","","identity","",story_likes.json,/Users/kriskleva/Documents/ModernDayCircusManager/instagram-moderndaycircus-2026-03-09-mDWWVNXF/your_instagram_activity/story_interactions/story_likes.json
story_likes.json-0.5958207087675895,unknown,2025-05-04T00:21:48.000Z,"","","identity","",story_likes.json,/Users/kriskleva/Documents/ModernDayCircusManager/instagram-moderndaycircus-2026-03-09-mDWWVNXF/your_instagram_activity/story_interactions/story_likes.json
story_likes.json-0.6366559258653923,unknown,2025-05-04T00:20:45.000Z,"","","identity","",story_likes.json,/Users/kriskleva/Documents/ModernDayCircusManager/instagram-moderndaycircus-2026-03-09-mDWWVNXF/your_instagram_activity/story_interactions/story_likes.json
story_likes.json-0.7939970434949686,unknown,2025-05-04T00:20:38.000Z,"","","identity","",story_likes.json,/Users/kriskleva/Documents/ModernDayCircusManager/instagram-moderndaycircus-2026-03-09-mDWWVNXF/your_instagram_activity/story_interactions/story_likes.json
story_likes.json-0.19081727852210584,unknown,2025-05-04T00:19:19.000Z,"","","identity","",story_likes.json,/Users/kriskleva/Documents/ModernDayCircusManager/instagram-moderndaycircus-2026-03-09-mDWWVNXF/your_instagram_activity/story_interactions/story_likes.json
story_likes.json-0.3665599405297246,unknown,2025-05-04T00:18:43.000Z,"","","identity","",story_likes.json,/Users/kriskleva/Documents/ModernDayCircusManager/instagram-moderndaycircus-2026-03-09-mDWWVNXF/your_instagram_activity/story_interactions/story_likes.json
story_likes.json-0.2346415897463301,unknown,2025-05-04T00:18:17.000Z,"","","identity","",story_likes.json,/Users/kriskleva/Documents/ModernDayCircusManager/instagram-moderndaycircus-2026-03-09-mDWWVNXF/your_instagram_activity/story_interactions/story_likes.json
story_likes.json-0.17596296071951367,unknown,2025-05-04T00:18:12.000Z,"","","identity","",story_likes.json,/Users/kriskleva/Documents/ModernDayCircusManager/instagram-moderndaycircus-2026-03-09-mDWWVNXF/your_instagram_activity/story_interactions/story_likes.json
story_likes.json-0.3464814767532556,unknown,2025-05-04T00:18:08.000Z,"","","identity","",story_likes.json,/Users/kriskleva/Documents/ModernDayCircusManager/instagram-moderndaycircus-2026-03-09-mDWWVNXF/your_instagram_activity/story_interactions/story_likes.json
story_likes.json-0.9673255095739659,unknown,2025-05-04T00:18:03.000Z,"","","identity","",story_likes.json,/Users/kriskleva/Documents/ModernDayCircusManager/instagram-moderndaycircus-2026-03-09-mDWWVNXF/your_instagram_activity/story_interactions/story_likes.json
story_likes.json-0.33453774205864173,unknown,2025-05-04T00:17:10.000Z,"","","identity","",story_likes.json,/Users/kriskleva/Documents/ModernDayCircusManager/instagram-moderndaycircus-2026-03-09-mDWWVNXF/your_instagram_activity/story_interactions/story_likes.json
story_likes.json-0.5413894842462788,unknown,2025-05-04T00:17:08.000Z,"","","identity","",story_likes.json,/Users/kriskleva/Documents/ModernDayCircusManager/instagram-moderndaycircus-2026-03-09-mDWWVNXF/your_instagram_activity/story_interactions/story_likes.json
story_likes.json-0.9462737054606283,unknown,2025-05-04T00:17:00.000Z,"","","identity","",story_likes.json,/Users/kriskleva/Documents/ModernDayCircusManager/instagram-moderndaycircus-2026-03-09-mDWWVNXF/your_instagram_activity/story_interactions/story_likes.json
story_likes.json-0.7811985906935426,unknown,2025-05-04T00:16:17.000Z,"","","identity","",story_likes.json,/Users/kriskleva/Documents/ModernDayCircusManager/instagram-moderndaycircus-2026-03-09-mDWWVNXF/your_instagram_activity/story_interactions/story_likes.json
story_likes.json-0.9757288452439667,unknown,2025-05-04T00:15:56.000Z,"","","identity","",story_likes.json,/Users/kriskleva/Documents/ModernDayCircusManager/instagram-moderndaycircus-2026-03-09-mDWWVNXF/your_instagram_activity/story_interactions/story_likes.json
story_likes.json-0.9746095872067164,unknown,2025-05-04T00:15:49.000Z,"","","identity","",story_likes.json,/Users/kriskleva/Documents/ModernDayCircusManager/instagram-moderndaycircus-2026-03-09-mDWWVNXF/your_instagram_activity/story_interactions/story_likes.json
story_likes.json-0.5962050673146793,unknown,2025-05-04T00:15:18.000Z,"","","identity","",story_likes.json,/Users/kriskleva/Documents/ModernDayCircusManager/instagram-moderndaycircus-2026-03-09-mDWWVNXF/your_instagram_activity/story_interactions/story_likes.json
story_likes.json-0.5689136909868886,unknown,2025-05-04T00:15:10.000Z,"","","identity","",story_likes.json,/Users/kriskleva/Documents/ModernDayCircusManager/instagram-moderndaycircus-2026-03-09-mDWWVNXF/your_instagram_activity/story_interactions/story_likes.json
story_likes.json-0.7339303134475093,unknown,2025-05-04T00:14:42.000Z,"","","identity","",story_likes.json,/Users/kriskleva/Documents/ModernDayCircusManager/instagram-moderndaycircus-2026-03-09-mDWWVNXF/your_instagram_activity/story_interactions/story_likes.json
story_likes.json-0.04584933909488442,unknown,2025-05-02T01:34:00.000Z,"","","identity","",story_likes.json,/Users/kriskleva/Documents/ModernDayCircusManager/instagram-moderndaycircus-2026-03-09-mDWWVNXF/your_instagram_activity/story_interactions/story_likes.json
story_likes.json-0.6369845957072411,unknown,2025-04-30T23:20:37.000Z,"","","identity","",story_likes.json,/Users/kriskleva/Documents/ModernDayCircusManager/instagram-moderndaycircus-2026-03-09-mDWWVNXF/your_instagram_activity/story_interactions/story_likes.json
story_likes.json-0.4933610963073085,unknown,2025-04-30T23:20:29.000Z,"","","identity","",story_likes.json,/Users/kriskleva/Documents/ModernDayCircusManager/instagram-moderndaycircus-2026-03-09-mDWWVNXF/your_instagram_activity/story_interactions/story_likes.json
story_likes.json-0.8134120765138073,unknown,2025-04-30T23:20:13.000Z,"","","identity","",story_likes.json,/Users/kriskleva/Documents/ModernDayCircusManager/instagram-moderndaycircus-2026-03-09-mDWWVNXF/your_instagram_activity/story_interactions/story_likes.json
story_likes.json-0.8092705464716976,unknown,2025-04-30T21:08:22.000Z,"","","identity","",story_likes.json,/Users/kriskleva/Documents/ModernDayCircusManager/instagram-moderndaycircus-2026-03-09-mDWWVNXF/your_instagram_activity/story_interactions/story_likes.json
story_likes.json-0.6305169754161575,unknown,2025-04-30T21:08:18.000Z,"","","identity","",story_likes.json,/Users/kriskleva/Documents/ModernDayCircusManager/instagram-moderndaycircus-2026-03-09-mDWWVNXF/your_instagram_activity/story_interactions/story_likes.json
story_likes.json-0.4241485608815956,unknown,2025-04-30T21:04:10.000Z,"","","identity","",story_likes.json,/Users/kriskleva/Documents/ModernDayCircusManager/instagram-moderndaycircus-2026-03-09-mDWWVNXF/your_instagram_activity/story_interactions/story_likes.json
story_likes.json-0.8312463877673057,unknown,2025-04-30T21:04:01.000Z,"","","identity","",story_likes.json,/Users/kriskleva/Documents/ModernDayCircusManager/instagram-moderndaycircus-2026-03-09-mDWWVNXF/your_instagram_activity/story_interactions/story_likes.json
story_likes.json-0.8804215608297639,unknown,2025-04-30T21:03:54.000Z,"","","identity","",story_likes.json,/Users/kriskleva/Documents/ModernDayCircusManager/instagram-moderndaycircus-2026-03-09-mDWWVNXF/your_instagram_activity/story_interactions/story_likes.json
story_likes.json-0.5223930701982413,unknown,2025-04-30T21:03:37.000Z,"","","identity","",story_likes.json,/Users/kriskleva/Documents/ModernDayCircusManager/instagram-moderndaycircus-2026-03-09-mDWWVNXF/your_instagram_activity/story_interactions/story_likes.json
story_likes.json-0.3671214846606141,unknown,2025-04-30T21:03:16.000Z,"","","identity","",story_likes.json,/Users/kriskleva/Documents/ModernDayCircusManager/instagram-moderndaycircus-2026-03-09-mDWWVNXF/your_instagram_activity/story_interactions/story_likes.json
story_likes.json-0.3532775054630415,unknown,2025-04-30T20:50:30.000Z,"","","identity","",story_likes.json,/Users/kriskleva/Documents/ModernDayCircusManager/instagram-moderndaycircus-2026-03-09-mDWWVNXF/your_instagram_activity/story_interactions/story_likes.json
story_likes.json-0.2841126095451061,unknown,2025-04-30T20:49:35.000Z,"","","identity","",story_likes.json,/Users/kriskleva/Documents/ModernDayCircusManager/instagram-moderndaycircus-2026-03-09-mDWWVNXF/your_instagram_activity/story_interactions/story_likes.json
story_likes.json-0.47802393537892995,unknown,2025-04-30T20:48:38.000Z,"","","identity","",story_likes.json,/Users/kriskleva/Documents/ModernDayCircusManager/instagram-moderndaycircus-2026-03-09-mDWWVNXF/your_instagram_activity/story_interactions/story_likes.json
story_likes.json-0.6967328194174351,unknown,2025-04-30T20:47:29.000Z,"","","identity","",story_likes.json,/Users/kriskleva/Documents/ModernDayCircusManager/instagram-moderndaycircus-2026-03-09-mDWWVNXF/your_instagram_activity/story_interactions/story_likes.json
story_likes.json-0.8560911506256008,unknown,2025-04-30T20:47:14.000Z,"","","identity","",story_likes.json,/Users/kriskleva/Documents/ModernDayCircusManager/instagram-moderndaycircus-2026-03-09-mDWWVNXF/your_instagram_activity/story_interactions/story_likes.json
story_likes.json-0.5041078219526189,unknown,2025-04-30T20:47:07.000Z,"","","identity","",story_likes.json,/Users/kriskleva/Documents/ModernDayCircusManager/instagram-moderndaycircus-2026-03-09-mDWWVNXF/your_instagram_activity/story_interactions/story_likes.json
story_likes.json-0.20637743870784742,unknown,2025-04-30T20:46:47.000Z,"","","identity","",story_likes.json,/Users/kriskleva/Documents/ModernDayCircusManager/instagram-moderndaycircus-2026-03-09-mDWWVNXF/your_instagram_activity/story_interactions/story_likes.json
story_likes.json-0.6219594678276914,unknown,2025-04-30T20:45:57.000Z,"","","identity","",story_likes.json,/Users/kriskleva/Documents/ModernDayCircusManager/instagram-moderndaycircus-2026-03-09-mDWWVNXF/your_instagram_activity/story_interactions/story_likes.json
story_likes.json-0.19949812861068783,unknown,2025-04-30T20:44:11.000Z,"","","identity","",story_likes.json,/Users/kriskleva/Documents/ModernDayCircusManager/instagram-moderndaycircus-2026-03-09-mDWWVNXF/your_instagram_activity/story_interactions/story_likes.json
story_likes.json-0.7358783559323239,unknown,2025-04-30T20:44:10.000Z,"","","identity","",story_likes.json,/Users/kriskleva/Documents/ModernDayCircusManager/instagram-moderndaycircus-2026-03-09-mDWWVNXF/your_instagram_activity/story_interactions/story_likes.json
story_likes.json-0.9475458254506923,unknown,2025-04-30T20:43:54.000Z,"","","identity","",story_likes.json,/Users/kriskleva/Documents/ModernDayCircusManager/instagram-moderndaycircus-2026-03-09-mDWWVNXF/your_instagram_activity/story_interactions/story_likes.json
story_likes.json-0.18400387555105158,unknown,2025-04-30T20:43:47.000Z,"","","identity","",story_likes.json,/Users/kriskleva/Documents/ModernDayCircusManager/instagram-moderndaycircus-2026-03-09-mDWWVNXF/your_instagram_activity/story_interactions/story_likes.json
story_likes.json-0.8025891859991732,unknown,2025-04-30T20:43:41.000Z,"","","identity","",story_likes.json,/Users/kriskleva/Documents/ModernDayCircusManager/instagram-moderndaycircus-2026-03-09-mDWWVNXF/your_instagram_activity/story_interactions/story_likes.json
story_likes.json-0.9638543225951663,unknown,2025-04-30T20:41:52.000Z,"","","identity","",story_likes.json,/Users/kriskleva/Documents/ModernDayCircusManager/instagram-moderndaycircus-2026-03-09-mDWWVNXF/your_instagram_activity/story_interactions/story_likes.json
story_likes.json-0.9676239250683969,unknown,2025-04-30T20:41:48.000Z,"","","identity","",story_likes.json,/Users/kriskleva/Documents/ModernDayCircusManager/instagram-moderndaycircus-2026-03-09-mDWWVNXF/your_instagram_activity/story_interactions/story_likes.json
story_likes.json-0.4695110885531617,unknown,2025-04-30T20:41:44.000Z,"","","identity","",story_likes.json,/Users/kriskleva/Documents/ModernDayCircusManager/instagram-moderndaycircus-2026-03-09-mDWWVNXF/your_instagram_activity/story_interactions/story_likes.json
story_likes.json-0.9212000837220591,unknown,2025-04-30T20:41:40.000Z,"","","identity","",story_likes.json,/Users/kriskleva/Documents/ModernDayCircusManager/instagram-moderndaycircus-2026-03-09-mDWWVNXF/your_instagram_activity/story_interactions/story_likes.json
story_likes.json-0.7748109501416092,unknown,2025-04-30T20:41:36.000Z,"","","identity","",story_likes.json,/Users/kriskleva/Documents/ModernDayCircusManager/instagram-moderndaycircus-2026-03-09-mDWWVNXF/your_instagram_activity/story_interactions/story_likes.json
story_likes.json-0.04098572207995832,unknown,2025-04-30T20:41:33.000Z,"","","identity","",story_likes.json,/Users/kriskleva/Documents/ModernDayCircusManager/instagram-moderndaycircus-2026-03-09-mDWWVNXF/your_instagram_activity/story_interactions/story_likes.json
story_likes.json-0.3345093249918829,unknown,2025-04-30T20:40:38.000Z,"","","identity","",story_likes.json,/Users/kriskleva/Documents/ModernDayCircusManager/instagram-moderndaycircus-2026-03-09-mDWWVNXF/your_instagram_activity/story_interactions/story_likes.json
story_likes.json-0.08324412003865733,unknown,2025-04-30T20:40:38.000Z,"","","identity","",story_likes.json,/Users/kriskleva/Documents/ModernDayCircusManager/instagram-moderndaycircus-2026-03-09-mDWWVNXF/your_instagram_activity/story_interactions/story_likes.json
story_likes.json-0.20748656519740805,unknown,2025-04-30T20:40:27.000Z,"","","identity","",story_likes.json,/Users/kriskleva/Documents/ModernDayCircusManager/instagram-moderndaycircus-2026-03-09-mDWWVNXF/your_instagram_activity/story_interactions/story_likes.json
story_likes.json-0.6815379327963402,unknown,2025-04-30T02:28:35.000Z,"","","identity","",story_likes.json,/Users/kriskleva/Documents/ModernDayCircusManager/instagram-moderndaycircus-2026-03-09-mDWWVNXF/your_instagram_activity/story_interactions/story_likes.json
story_likes.json-0.03585428851034522,unknown,2025-04-30T02:27:20.000Z,"","","identity","",story_likes.json,/Users/kriskleva/Documents/ModernDayCircusManager/instagram-moderndaycircus-2026-03-09-mDWWVNXF/your_instagram_activity/story_interactions/story_likes.json
story_likes.json-0.5001890842555514,unknown,2025-04-30T02:27:12.000Z,"","","identity","",story_likes.json,/Users/kriskleva/Documents/ModernDayCircusManager/instagram-moderndaycircus-2026-03-09-mDWWVNXF/your_instagram_activity/story_interactions/story_likes.json
story_likes.json-0.21520289695415773,unknown,2025-04-28T11:51:49.000Z,"","","identity","",story_likes.json,/Users/kriskleva/Documents/ModernDayCircusManager/instagram-moderndaycircus-2026-03-09-mDWWVNXF/your_instagram_activity/story_interactions/story_likes.json
story_likes.json-0.6158628662570242,unknown,2025-04-28T10:40:41.000Z,"","","identity","",story_likes.json,/Users/kriskleva/Documents/ModernDayCircusManager/instagram-moderndaycircus-2026-03-09-mDWWVNXF/your_instagram_activity/story_interactions/story_likes.json
story_likes.json-0.5208786949053918,unknown,2025-04-28T10:39:43.000Z,"","","identity","",story_likes.json,/Users/kriskleva/Documents/ModernDayCircusManager/instagram-moderndaycircus-2026-03-09-mDWWVNXF/your_instagram_activity/story_interactions/story_likes.json
story_likes.json-0.7851454988380762,unknown,2025-04-28T10:39:02.000Z,"","","identity","",story_likes.json,/Users/kriskleva/Documents/ModernDayCircusManager/instagram-moderndaycircus-2026-03-09-mDWWVNXF/your_instagram_activity/story_interactions/story_likes.json
story_likes.json-0.2879270334137023,unknown,2025-04-24T15:59:09.000Z,"","","identity","",story_likes.json,/Users/kriskleva/Documents/ModernDayCircusManager/instagram-moderndaycircus-2026-03-09-mDWWVNXF/your_instagram_activity/story_interactions/story_likes.json
story_likes.json-0.9984648818244315,unknown,2025-04-24T15:59:06.000Z,"","","identity","",story_likes.json,/Users/kriskleva/Documents/ModernDayCircusManager/instagram-moderndaycircus-2026-03-09-mDWWVNXF/your_instagram_activity/story_interactions/story_likes.json
story_likes.json-0.7950858462792718,unknown,2025-04-24T15:57:59.000Z,"","","identity","",story_likes.json,/Users/kriskleva/Documents/ModernDayCircusManager/instagram-moderndaycircus-2026-03-09-mDWWVNXF/your_instagram_activity/story_interactions/story_likes.json
story_likes.json-0.22898424349743696,unknown,2025-04-23T16:22:36.000Z,"","","identity","",story_likes.json,/Users/kriskleva/Documents/ModernDayCircusManager/instagram-moderndaycircus-2026-03-09-mDWWVNXF/your_instagram_activity/story_interactions/story_likes.json
story_likes.json-0.48167986159966913,unknown,2025-04-23T03:12:21.000Z,"","","identity","",story_likes.json,/Users/kriskleva/Documents/ModernDayCircusManager/instagram-moderndaycircus-2026-03-09-mDWWVNXF/your_instagram_activity/story_interactions/story_likes.json
story_likes.json-0.09134320481744362,unknown,2025-04-22T21:48:16.000Z,"","","identity","",story_likes.json,/Users/kriskleva/Documents/ModernDayCircusManager/instagram-moderndaycircus-2026-03-09-mDWWVNXF/your_instagram_activity/story_interactions/story_likes.json
story_likes.json-0.6956661782351152,unknown,2025-04-22T21:42:09.000Z,"","","identity","",story_likes.json,/Users/kriskleva/Documents/ModernDayCircusManager/instagram-moderndaycircus-2026-03-09-mDWWVNXF/your_instagram_activity/story_interactions/story_likes.json
story_likes.json-0.7759778307683334,unknown,2025-04-21T10:10:45.000Z,"","","identity","",story_likes.json,/Users/kriskleva/Documents/ModernDayCircusManager/instagram-moderndaycircus-2026-03-09-mDWWVNXF/your_instagram_activity/story_interactions/story_likes.json
story_likes.json-0.6203204084220746,unknown,2025-04-21T10:08:48.000Z,"","","identity","",story_likes.json,/Users/kriskleva/Documents/ModernDayCircusManager/instagram-moderndaycircus-2026-03-09-mDWWVNXF/your_instagram_activity/story_interactions/story_likes.json
story_likes.json-0.22501568586748988,unknown,2025-04-20T13:38:30.000Z,"","","identity","",story_likes.json,/Users/kriskleva/Documents/ModernDayCircusManager/instagram-moderndaycircus-2026-03-09-mDWWVNXF/your_instagram_activity/story_interactions/story_likes.json
story_likes.json-0.06030257429005759,unknown,2025-04-20T10:40:28.000Z,"","","identity","",story_likes.json,/Users/kriskleva/Documents/ModernDayCircusManager/instagram-moderndaycircus-2026-03-09-mDWWVNXF/your_instagram_activity/story_interactions/story_likes.json
story_likes.json-0.43302122884640215,unknown,2025-04-19T17:44:30.000Z,"","","identity","",story_likes.json,/Users/kriskleva/Documents/ModernDayCircusManager/instagram-moderndaycircus-2026-03-09-mDWWVNXF/your_instagram_activity/story_interactions/story_likes.json
story_likes.json-0.9755146019431611,unknown,2025-04-19T10:42:58.000Z,"","","identity","",story_likes.json,/Users/kriskleva/Documents/ModernDayCircusManager/instagram-moderndaycircus-2026-03-09-mDWWVNXF/your_instagram_activity/story_interactions/story_likes.json
story_likes.json-0.3333637426661762,unknown,2025-04-19T10:42:48.000Z,"","","identity","",story_likes.json,/Users/kriskleva/Documents/ModernDayCircusManager/instagram-moderndaycircus-2026-03-09-mDWWVNXF/your_instagram_activity/story_interactions/story_likes.json
story_likes.json-0.8245943188463383,unknown,2025-04-19T10:42:43.000Z,"","","identity","",story_likes.json,/Users/kriskleva/Documents/ModernDayCircusManager/instagram-moderndaycircus-2026-03-09-mDWWVNXF/your_instagram_activity/story_interactions/story_likes.json
story_likes.json-0.735416320173855,unknown,2025-04-19T10:37:26.000Z,"","","identity","",story_likes.json,/Users/kriskleva/Documents/ModernDayCircusManager/instagram-moderndaycircus-2026-03-09-mDWWVNXF/your_instagram_activity/story_interactions/story_likes.json
story_likes.json-0.2650475709356024,unknown,2025-04-17T11:33:56.000Z,"","","identity","",story_likes.json,/Users/kriskleva/Documents/ModernDayCircusManager/instagram-moderndaycircus-2026-03-09-mDWWVNXF/your_instagram_activity/story_interactions/story_likes.json
story_likes.json-0.49979203959121987,unknown,2025-04-10T11:33:37.000Z,"","","identity","",story_likes.json,/Users/kriskleva/Documents/ModernDayCircusManager/instagram-moderndaycircus-2026-03-09-mDWWVNXF/your_instagram_activity/story_interactions/story_likes.json
story_likes.json-0.9623182762626694,unknown,2025-04-09T18:11:37.000Z,"","","identity","",story_likes.json,/Users/kriskleva/Documents/ModernDayCircusManager/instagram-moderndaycircus-2026-03-09-mDWWVNXF/your_instagram_activity/story_interactions/story_likes.json
story_likes.json-0.7789738545010527,unknown,2025-04-05T21:53:48.000Z,"","","identity","",story_likes.json,/Users/kriskleva/Documents/ModernDayCircusManager/instagram-moderndaycircus-2026-03-09-mDWWVNXF/your_instagram_activity/story_interactions/story_likes.json
story_likes.json-0.6545203434035651,unknown,2025-04-05T21:51:05.000Z,"","","identity","",story_likes.json,/Users/kriskleva/Documents/ModernDayCircusManager/instagram-moderndaycircus-2026-03-09-mDWWVNXF/your_instagram_activity/story_interactions/story_likes.json
story_likes.json-0.5866285519605867,unknown,2025-04-05T21:50:58.000Z,"","","identity","",story_likes.json,/Users/kriskleva/Documents/ModernDayCircusManager/instagram-moderndaycircus-2026-03-09-mDWWVNXF/your_instagram_activity/story_interactions/story_likes.json
story_likes.json-0.38770751044507223,unknown,2025-04-05T21:50:02.000Z,"","","identity","",story_likes.json,/Users/kriskleva/Documents/ModernDayCircusManager/instagram-moderndaycircus-2026-03-09-mDWWVNXF/your_instagram_activity/story_interactions/story_likes.json
story_likes.json-0.28321739934665824,unknown,2025-04-05T21:48:59.000Z,"","","identity","",story_likes.json,/Users/kriskleva/Documents/ModernDayCircusManager/instagram-moderndaycircus-2026-03-09-mDWWVNXF/your_instagram_activity/story_interactions/story_likes.json
story_likes.json-0.2851224407750046,unknown,2025-04-05T21:48:56.000Z,"","","identity","",story_likes.json,/Users/kriskleva/Documents/ModernDayCircusManager/instagram-moderndaycircus-2026-03-09-mDWWVNXF/your_instagram_activity/story_interactions/story_likes.json
story_likes.json-0.3703358614356145,unknown,2025-04-05T21:48:53.000Z,"","","identity","",story_likes.json,/Users/kriskleva/Documents/ModernDayCircusManager/instagram-moderndaycircus-2026-03-09-mDWWVNXF/your_instagram_activity/story_interactions/story_likes.json
story_likes.json-0.6598251754655424,unknown,2025-04-05T10:37:54.000Z,"","","identity","",story_likes.json,/Users/kriskleva/Documents/ModernDayCircusManager/instagram-moderndaycircus-2026-03-09-mDWWVNXF/your_instagram_activity/story_interactions/story_likes.json
story_likes.json-0.8285100619493642,unknown,2025-04-02T18:44:19.000Z,"","","identity","",story_likes.json,/Users/kriskleva/Documents/ModernDayCircusManager/instagram-moderndaycircus-2026-03-09-mDWWVNXF/your_instagram_activity/story_interactions/story_likes.json
story_likes.json-0.9576178238880741,unknown,2025-04-02T11:41:48.000Z,"","","identity","",story_likes.json,/Users/kriskleva/Documents/ModernDayCircusManager/instagram-moderndaycircus-2026-03-09-mDWWVNXF/your_instagram_activity/story_interactions/story_likes.json
story_likes.json-0.005272761174322849,unknown,2025-04-01T20:41:26.000Z,"","","identity","",story_likes.json,/Users/kriskleva/Documents/ModernDayCircusManager/instagram-moderndaycircus-2026-03-09-mDWWVNXF/your_instagram_activity/story_interactions/story_likes.json
story_likes.json-0.8201791222832577,unknown,2025-03-31T16:55:45.000Z,"","","identity","",story_likes.json,/Users/kriskleva/Documents/ModernDayCircusManager/instagram-moderndaycircus-2026-03-09-mDWWVNXF/your_instagram_activity/story_interactions/story_likes.json
story_likes.json-0.5901414490020249,unknown,2025-03-31T16:54:41.000Z,"","","identity","",story_likes.json,/Users/kriskleva/Documents/ModernDayCircusManager/instagram-moderndaycircus-2026-03-09-mDWWVNXF/your_instagram_activity/story_interactions/story_likes.json
story_likes.json-0.2346929884228457,unknown,2025-03-31T16:54:21.000Z,"","","identity","",story_likes.json,/Users/kriskleva/Documents/ModernDayCircusManager/instagram-moderndaycircus-2026-03-09-mDWWVNXF/your_instagram_activity/story_interactions/story_likes.json
story_likes.json-0.2360909690459383,unknown,2025-03-29T22:36:34.000Z,"","","identity","",story_likes.json,/Users/kriskleva/Documents/ModernDayCircusManager/instagram-moderndaycircus-2026-03-09-mDWWVNXF/your_instagram_activity/story_interactions/story_likes.json
story_likes.json-0.7134030716355719,unknown,2025-03-29T22:36:21.000Z,"","","identity","",story_likes.json,/Users/kriskleva/Documents/ModernDayCircusManager/instagram-moderndaycircus-2026-03-09-mDWWVNXF/your_instagram_activity/story_interactions/story_likes.json
story_likes.json-0.7083485422334765,unknown,2025-03-29T22:15:37.000Z,"","","identity","",story_likes.json,/Users/kriskleva/Documents/ModernDayCircusManager/instagram-moderndaycircus-2026-03-09-mDWWVNXF/your_instagram_activity/story_interactions/story_likes.json
story_likes.json-0.34955577298339646,unknown,2025-03-29T22:15:29.000Z,"","","identity","",story_likes.json,/Users/kriskleva/Documents/ModernDayCircusManager/instagram-moderndaycircus-2026-03-09-mDWWVNXF/your_instagram_activity/story_interactions/story_likes.json
story_likes.json-0.9171170028320201,unknown,2025-03-29T22:15:11.000Z,"","","identity","",story_likes.json,/Users/kriskleva/Documents/ModernDayCircusManager/instagram-moderndaycircus-2026-03-09-mDWWVNXF/your_instagram_activity/story_interactions/story_likes.json
story_likes.json-0.6605236654506783,unknown,2025-03-29T15:02:10.000Z,"","","identity","",story_likes.json,/Users/kriskleva/Documents/ModernDayCircusManager/instagram-moderndaycircus-2026-03-09-mDWWVNXF/your_instagram_activity/story_interactions/story_likes.json
story_likes.json-0.45219089839306714,unknown,2025-03-29T15:01:55.000Z,"","","identity","",story_likes.json,/Users/kriskleva/Documents/ModernDayCircusManager/instagram-moderndaycircus-2026-03-09-mDWWVNXF/your_instagram_activity/story_interactions/story_likes.json
story_likes.json-0.18704878782020828,unknown,2025-03-29T11:18:26.000Z,"","","identity","",story_likes.json,/Users/kriskleva/Documents/ModernDayCircusManager/instagram-moderndaycircus-2026-03-09-mDWWVNXF/your_instagram_activity/story_interactions/story_likes.json
story_likes.json-0.8650196200786024,unknown,2025-03-28T11:22:42.000Z,"","","identity","",story_likes.json,/Users/kriskleva/Documents/ModernDayCircusManager/instagram-moderndaycircus-2026-03-09-mDWWVNXF/your_instagram_activity/story_interactions/story_likes.json
story_likes.json-0.03539061341986649,unknown,2025-03-27T20:35:10.000Z,"","","identity","",story_likes.json,/Users/kriskleva/Documents/ModernDayCircusManager/instagram-moderndaycircus-2026-03-09-mDWWVNXF/your_instagram_activity/story_interactions/story_likes.json
story_likes.json-0.3772202380630292,unknown,2025-03-27T17:52:12.000Z,"","","identity","",story_likes.json,/Users/kriskleva/Documents/ModernDayCircusManager/instagram-moderndaycircus-2026-03-09-mDWWVNXF/your_instagram_activity/story_interactions/story_likes.json
story_likes.json-0.5522339217165886,unknown,2025-03-25T11:22:51.000Z,"","","identity","",story_likes.json,/Users/kriskleva/Documents/ModernDayCircusManager/instagram-moderndaycircus-2026-03-09-mDWWVNXF/your_instagram_activity/story_interactions/story_likes.json
story_likes.json-0.4954030006710983,unknown,2025-03-25T11:22:42.000Z,"","","identity","",story_likes.json,/Users/kriskleva/Documents/ModernDayCircusManager/instagram-moderndaycircus-2026-03-09-mDWWVNXF/your_instagram_activity/story_interactions/story_likes.json
story_likes.json-0.3956342445557659,unknown,2025-03-17T13:03:41.000Z,"","","identity","",story_likes.json,/Users/kriskleva/Documents/ModernDayCircusManager/instagram-moderndaycircus-2026-03-09-mDWWVNXF/your_instagram_activity/story_interactions/story_likes.json
story_likes.json-0.22590674567613855,unknown,2025-03-16T16:39:05.000Z,"","","identity","",story_likes.json,/Users/kriskleva/Documents/ModernDayCircusManager/instagram-moderndaycircus-2026-03-09-mDWWVNXF/your_instagram_activity/story_interactions/story_likes.json
story_likes.json-0.33654845259555954,unknown,2025-03-16T16:36:30.000Z,"","","identity","",story_likes.json,/Users/kriskleva/Documents/ModernDayCircusManager/instagram-moderndaycircus-2026-03-09-mDWWVNXF/your_instagram_activity/story_interactions/story_likes.json
story_likes.json-0.11072581431242656,unknown,2025-03-16T16:36:29.000Z,"","","identity","",story_likes.json,/Users/kriskleva/Documents/ModernDayCircusManager/instagram-moderndaycircus-2026-03-09-mDWWVNXF/your_instagram_activity/story_interactions/story_likes.json
story_likes.json-0.36843658431000303,unknown,2025-03-16T16:36:27.000Z,"","","identity","",story_likes.json,/Users/kriskleva/Documents/ModernDayCircusManager/instagram-moderndaycircus-2026-03-09-mDWWVNXF/your_instagram_activity/story_interactions/story_likes.json
story_likes.json-0.7142410226242943,unknown,2025-03-15T15:38:13.000Z,"","","identity","",story_likes.json,/Users/kriskleva/Documents/ModernDayCircusManager/instagram-moderndaycircus-2026-03-09-mDWWVNXF/your_instagram_activity/story_interactions/story_likes.json
story_likes.json-0.24111197385414584,unknown,2025-03-15T12:43:56.000Z,"","","identity","",story_likes.json,/Users/kriskleva/Documents/ModernDayCircusManager/instagram-moderndaycircus-2026-03-09-mDWWVNXF/your_instagram_activity/story_interactions/story_likes.json
story_likes.json-0.8528999468364826,unknown,2025-03-09T18:49:13.000Z,"","","identity","",story_likes.json,/Users/kriskleva/Documents/ModernDayCircusManager/instagram-moderndaycircus-2026-03-09-mDWWVNXF/your_instagram_activity/story_interactions/story_likes.json
story_likes.json-0.44217080942381326,unknown,2025-03-09T18:49:03.000Z,"","","identity","",story_likes.json,/Users/kriskleva/Documents/ModernDayCircusManager/instagram-moderndaycircus-2026-03-09-mDWWVNXF/your_instagram_activity/story_interactions/story_likes.json
story_reaction_sticker_reactions.json-0.474692442862942,unknown,2026-02-21T01:39:49.000Z,"","","identity","",story_reaction_sticker_reactions.json,/Users/kriskleva/Documents/ModernDayCircusManager/instagram-moderndaycircus-2026-03-09-mDWWVNXF/your_instagram_activity/story_interactions/story_reaction_sticker_reactions.json
story_reaction_sticker_reactions.json-0.9438042608858923,unknown,2026-01-28T20:15:57.000Z,"","","identity","",story_reaction_sticker_reactions.json,/Users/kriskleva/Documents/ModernDayCircusManager/instagram-moderndaycircus-2026-03-09-mDWWVNXF/your_instagram_activity/story_interactions/story_reaction_sticker_reactions.json
story_reaction_sticker_reactions.json-0.39869689104840034,unknown,2025-09-08T02:18:29.000Z,"","","identity","",story_reaction_sticker_reactions.json,/Users/kriskleva/Documents/ModernDayCircusManager/instagram-moderndaycircus-2026-03-09-mDWWVNXF/your_instagram_activity/story_interactions/story_reaction_sticker_reactions.json
blocked_profiles.json-0.9446042060663389,unknown,2025-05-05T16:47:23.000Z,"kiahsdad","","identity","kiahsdad",blocked_profiles.json,/Users/kriskleva/Documents/ModernDayCircusManager/instagram-moderndaycircus-2026-03-09-mDWWVNXF/your_instagram_activity/threads/blocked_profiles.json
blocked_profiles.json-0.4677092882246472,unknown,2023-11-08T23:10:52.000Z,"rackzdontstop","","identity","rackzdontstop",blocked_profiles.json,/Users/kriskleva/Documents/ModernDayCircusManager/instagram-moderndaycircus-2026-03-09-mDWWVNXF/your_instagram_activity/threads/blocked_profiles.json
blocked_profiles.json-0.6447830365407041,unknown,2022-02-03T18:34:41.000Z,"nititkashyap","","identity","nititkashyap",blocked_profiles.json,/Users/kriskleva/Documents/ModernDayCircusManager/instagram-moderndaycircus-2026-03-09-mDWWVNXF/your_instagram_activity/threads/blocked_profiles.json
followers.json-0.27503938449781495,post,2026-03-05T02:04:19.000Z,"collegegrad1442","","identity","collegegrad1442",followers.json,/Users/kriskleva/Documents/ModernDayCircusManager/instagram-moderndaycircus-2026-03-09-mDWWVNXF/your_instagram_activity/threads/followers.json
followers.json-0.7096119331275361,post,2026-02-16T13:34:06.000Z,"ytn_tiny","","identity","ytn_tiny",followers.json,/Users/kriskleva/Documents/ModernDayCircusManager/instagram-moderndaycircus-2026-03-09-mDWWVNXF/your_instagram_activity/threads/followers.json
followers.json-0.1876740175262468,post,2025-12-14T21:17:25.000Z,"zacgalen","","identity","zacgalen",followers.json,/Users/kriskleva/Documents/ModernDayCircusManager/instagram-moderndaycircus-2026-03-09-mDWWVNXF/your_instagram_activity/threads/followers.json
followers.json-0.18794986128249458,post,2025-11-26T00:29:41.000Z,"carrieunderwoodfanpage458","","identity","carrieunderwoodfanpage458",followers.json,/Users/kriskleva/Documents/ModernDayCircusManager/instagram-moderndaycircus-2026-03-09-mDWWVNXF/your_instagram_activity/threads/followers.json
followers.json-0.08682931502050018,post,2025-11-10T02:29:09.000Z,"carrie566657","","identity","carrie566657",followers.json,/Users/kriskleva/Documents/ModernDayCircusManager/instagram-moderndaycircus-2026-03-09-mDWWVNXF/your_instagram_activity/threads/followers.json
followers.json-0.14543247367699275,post,2025-10-09T18:33:33.000Z,"lovemolella","","identity","lovemolella",followers.json,/Users/kriskleva/Documents/ModernDayCircusManager/instagram-moderndaycircus-2026-03-09-mDWWVNXF/your_instagram_activity/threads/followers.json
followers.json-0.8457502031277389,post,2025-07-22T01:02:12.000Z,"dalisanamusic","","identity","dalisanamusic",followers.json,/Users/kriskleva/Documents/ModernDayCircusManager/instagram-moderndaycircus-2026-03-09-mDWWVNXF/your_instagram_activity/threads/followers.json
followers.json-0.2839309820406606,post,2025-07-17T16:18:11.000Z,"maria_eberg","","identity","maria_eberg",followers.json,/Users/kriskleva/Documents/ModernDayCircusManager/instagram-moderndaycircus-2026-03-09-mDWWVNXF/your_instagram_activity/threads/followers.json
followers.json-0.7735414906241975,post,2025-05-24T20:26:45.000Z,"stunna_steve","","identity","stunna_steve",followers.json,/Users/kriskleva/Documents/ModernDayCircusManager/instagram-moderndaycircus-2026-03-09-mDWWVNXF/your_instagram_activity/threads/followers.json
followers.json-0.6047306155788059,post,2025-04-27T18:56:09.000Z,"aerialjadeart","","identity","aerialjadeart",followers.json,/Users/kriskleva/Documents/ModernDayCircusManager/instagram-moderndaycircus-2026-03-09-mDWWVNXF/your_instagram_activity/threads/followers.json
followers.json-0.6343022917652177,post,2025-04-20T10:56:11.000Z,"thaddeus_miles","","identity","thaddeus_miles",followers.json,/Users/kriskleva/Documents/ModernDayCircusManager/instagram-moderndaycircus-2026-03-09-mDWWVNXF/your_instagram_activity/threads/followers.json
followers.json-0.643127953943291,post,2025-04-19T14:56:53.000Z,"jrjuxta","","identity","jrjuxta",followers.json,/Users/kriskleva/Documents/ModernDayCircusManager/instagram-moderndaycircus-2026-03-09-mDWWVNXF/your_instagram_activity/threads/followers.json
followers.json-0.8641644548557175,post,2025-02-23T14:08:15.000Z,"laura_brainerd","","identity","laura_brainerd",followers.json,/Users/kriskleva/Documents/ModernDayCircusManager/instagram-moderndaycircus-2026-03-09-mDWWVNXF/your_instagram_activity/threads/followers.json
followers.json-0.9404775543934445,post,2025-02-16T22:12:19.000Z,"tom.yanks","","identity","tom.yanks",followers.json,/Users/kriskleva/Documents/ModernDayCircusManager/instagram-moderndaycircus-2026-03-09-mDWWVNXF/your_instagram_activity/threads/followers.json
followers.json-0.7271742335629148,post,2025-02-13T03:33:56.000Z,"cometomybathtub2019","","identity","cometomybathtub2019",followers.json,/Users/kriskleva/Documents/ModernDayCircusManager/instagram-moderndaycircus-2026-03-09-mDWWVNXF/your_instagram_activity/threads/followers.json
followers.json-0.5595779147323505,post,2024-11-23T00:00:47.000Z,"halfwokewook","","identity","halfwokewook",followers.json,/Users/kriskleva/Documents/ModernDayCircusManager/instagram-moderndaycircus-2026-03-09-mDWWVNXF/your_instagram_activity/threads/followers.json
followers.json-0.39209917980939624,post,2024-11-11T14:56:49.000Z,"shawnmicsofficial_","","identity","shawnmicsofficial_",followers.json,/Users/kriskleva/Documents/ModernDayCircusManager/instagram-moderndaycircus-2026-03-09-mDWWVNXF/your_instagram_activity/threads/followers.json
followers.json-0.3033245385272203,post,2024-10-25T23:29:06.000Z,"acoustnick","","identity","acoustnick",followers.json,/Users/kriskleva/Documents/ModernDayCircusManager/instagram-moderndaycircus-2026-03-09-mDWWVNXF/your_instagram_activity/threads/followers.json
followers.json-0.12691700911732817,post,2024-09-14T12:09:36.000Z,"_krispypicmedia","","identity","_krispypicmedia",followers.json,/Users/kriskleva/Documents/ModernDayCircusManager/instagram-moderndaycircus-2026-03-09-mDWWVNXF/your_instagram_activity/threads/followers.json
followers.json-0.6193447054072745,post,2024-09-11T16:22:39.000Z,"mdshahinhossain86","","identity","mdshahinhossain86",followers.json,/Users/kriskleva/Documents/ModernDayCircusManager/instagram-moderndaycircus-2026-03-09-mDWWVNXF/your_instagram_activity/threads/followers.json
followers.json-0.9690591427004174,post,2024-09-09T09:59:12.000Z,"lolmmac","","identity","lolmmac",followers.json,/Users/kriskleva/Documents/ModernDayCircusManager/instagram-moderndaycircus-2026-03-09-mDWWVNXF/your_instagram_activity/threads/followers.json
followers.json-0.25400008616094505,post,2024-09-04T23:19:44.000Z,"greeneyed_brooklyngirl","","identity","greeneyed_brooklyngirl",followers.json,/Users/kriskleva/Documents/ModernDayCircusManager/instagram-moderndaycircus-2026-03-09-mDWWVNXF/your_instagram_activity/threads/followers.json
followers.json-0.7419244074207705,post,2024-09-02T00:58:34.000Z,"sarahmlentz","","identity","sarahmlentz",followers.json,/Users/kriskleva/Documents/ModernDayCircusManager/instagram-moderndaycircus-2026-03-09-mDWWVNXF/your_instagram_activity/threads/followers.json
followers.json-0.43325371388559986,post,2024-08-12T02:01:36.000Z,"floridaghostmusic","","identity","floridaghostmusic",followers.json,/Users/kriskleva/Documents/ModernDayCircusManager/instagram-moderndaycircus-2026-03-09-mDWWVNXF/your_instagram_activity/threads/followers.json
followers.json-0.9668512514409497,post,2024-08-04T18:11:23.000Z,"hawkeyed_fpv","","identity","hawkeyed_fpv",followers.json,/Users/kriskleva/Documents/ModernDayCircusManager/instagram-moderndaycircus-2026-03-09-mDWWVNXF/your_instagram_activity/threads/followers.json
followers.json-0.2119980674177293,post,2024-07-15T23:14:41.000Z,"bill.blodgett.9","","identity","bill.blodgett.9",followers.json,/Users/kriskleva/Documents/ModernDayCircusManager/instagram-moderndaycircus-2026-03-09-mDWWVNXF/your_instagram_activity/threads/followers.json
followers.json-0.20540773371595877,post,2024-07-14T23:29:23.000Z,"joyfulmedicine","","identity","joyfulmedicine",followers.json,/Users/kriskleva/Documents/ModernDayCircusManager/instagram-moderndaycircus-2026-03-09-mDWWVNXF/your_instagram_activity/threads/followers.json
followers.json-0.1047265641960129,post,2024-07-03T14:20:18.000Z,"portlanddowntown","","identity","portlanddowntown",followers.json,/Users/kriskleva/Documents/ModernDayCircusManager/instagram-moderndaycircus-2026-03-09-mDWWVNXF/your_instagram_activity/threads/followers.json
followers.json-0.26900725556966254,post,2024-07-03T13:42:22.000Z,"willowhillrecords","","identity","willowhillrecords",followers.json,/Users/kriskleva/Documents/ModernDayCircusManager/instagram-moderndaycircus-2026-03-09-mDWWVNXF/your_instagram_activity/threads/followers.json
followers.json-0.3846921010007627,post,2024-06-25T22:40:50.000Z,"_therealjoeyjet_","","identity","_therealjoeyjet_",followers.json,/Users/kriskleva/Documents/ModernDayCircusManager/instagram-moderndaycircus-2026-03-09-mDWWVNXF/your_instagram_activity/threads/followers.json
followers.json-0.14040792237088273,post,2024-06-21T16:40:15.000Z,"mainewarriorgym","","identity","mainewarriorgym",followers.json,/Users/kriskleva/Documents/ModernDayCircusManager/instagram-moderndaycircus-2026-03-09-mDWWVNXF/your_instagram_activity/threads/followers.json
followers.json-0.71462595066158,post,2024-06-20T14:27:01.000Z,"party_wit_pete","","identity","party_wit_pete",followers.json,/Users/kriskleva/Documents/ModernDayCircusManager/instagram-moderndaycircus-2026-03-09-mDWWVNXF/your_instagram_activity/threads/followers.json
followers.json-0.8051139540544339,post,2024-06-15T06:33:56.000Z,"l6l6th","","identity","l6l6th",followers.json,/Users/kriskleva/Documents/ModernDayCircusManager/instagram-moderndaycircus-2026-03-09-mDWWVNXF/your_instagram_activity/threads/followers.json
followers.json-0.266994027747951,post,2024-06-09T02:35:32.000Z,"sportsbuffoons","","identity","sportsbuffoons",followers.json,/Users/kriskleva/Documents/ModernDayCircusManager/instagram-moderndaycircus-2026-03-09-mDWWVNXF/your_instagram_activity/threads/followers.json
followers.json-0.3366365267133933,post,2024-05-27T16:20:24.000Z,"athurlow38","","identity","athurlow38",followers.json,/Users/kriskleva/Documents/ModernDayCircusManager/instagram-moderndaycircus-2026-03-09-mDWWVNXF/your_instagram_activity/threads/followers.json
followers.json-0.8095428782004128,post,2024-05-16T14:24:23.000Z,"dj_shamblez","","identity","dj_shamblez",followers.json,/Users/kriskleva/Documents/ModernDayCircusManager/instagram-moderndaycircus-2026-03-09-mDWWVNXF/your_instagram_activity/threads/followers.json
followers.json-0.4865506764565839,post,2024-04-27T01:35:15.000Z,"souvenirsatellite","","identity","souvenirsatellite",followers.json,/Users/kriskleva/Documents/ModernDayCircusManager/instagram-moderndaycircus-2026-03-09-mDWWVNXF/your_instagram_activity/threads/followers.json
followers.json-0.9758439410363104,post,2024-03-16T14:45:21.000Z,"alisinmusic","","identity","alisinmusic",followers.json,/Users/kriskleva/Documents/ModernDayCircusManager/instagram-moderndaycircus-2026-03-09-mDWWVNXF/your_instagram_activity/threads/followers.json
followers.json-0.06945628887090205,post,2024-02-24T17:14:15.000Z,"bu_double","","identity","bu_double",followers.json,/Users/kriskleva/Documents/ModernDayCircusManager/instagram-moderndaycircus-2026-03-09-mDWWVNXF/your_instagram_activity/threads/followers.json
followers.json-0.6519186864377045,post,2024-02-19T01:55:40.000Z,"hey.emlahaie","","identity","hey.emlahaie",followers.json,/Users/kriskleva/Documents/ModernDayCircusManager/instagram-moderndaycircus-2026-03-09-mDWWVNXF/your_instagram_activity/threads/followers.json
followers.json-0.5344293415323622,post,2024-02-18T16:32:59.000Z,"pageturnhaa","","identity","pageturnhaa",followers.json,/Users/kriskleva/Documents/ModernDayCircusManager/instagram-moderndaycircus-2026-03-09-mDWWVNXF/your_instagram_activity/threads/followers.json
followers.json-0.9174428903095753,post,2024-02-18T06:52:57.000Z,"victhrill","","identity","victhrill",followers.json,/Users/kriskleva/Documents/ModernDayCircusManager/instagram-moderndaycircus-2026-03-09-mDWWVNXF/your_instagram_activity/threads/followers.json
followers.json-0.757007675141079,post,2024-02-18T05:26:28.000Z,"green_mark12.29","","identity","green_mark12.29",followers.json,/Users/kriskleva/Documents/ModernDayCircusManager/instagram-moderndaycircus-2026-03-09-mDWWVNXF/your_instagram_activity/threads/followers.json
followers.json-0.7598330870145462,post,2024-01-29T17:26:45.000Z,"benny86thejets_","","identity","benny86thejets_",followers.json,/Users/kriskleva/Documents/ModernDayCircusManager/instagram-moderndaycircus-2026-03-09-mDWWVNXF/your_instagram_activity/threads/followers.json
followers.json-0.8512185638071421,post,2024-01-22T08:10:58.000Z,"taxiinnhhggeineken","","identity","taxiinnhhggeineken",followers.json,/Users/kriskleva/Documents/ModernDayCircusManager/instagram-moderndaycircus-2026-03-09-mDWWVNXF/your_instagram_activity/threads/followers.json
followers.json-0.4077289640226738,post,2024-01-15T17:49:55.000Z,"pokster23","","identity","pokster23",followers.json,/Users/kriskleva/Documents/ModernDayCircusManager/instagram-moderndaycircus-2026-03-09-mDWWVNXF/your_instagram_activity/threads/followers.json
followers.json-0.8432711839729965,post,2023-12-03T06:09:21.000Z,"johnduncan4332","","identity","johnduncan4332",followers.json,/Users/kriskleva/Documents/ModernDayCircusManager/instagram-moderndaycircus-2026-03-09-mDWWVNXF/your_instagram_activity/threads/followers.json
followers.json-0.4719491933092592,post,2023-11-23T21:38:20.000Z,"im_kaolack","","identity","im_kaolack",followers.json,/Users/kriskleva/Documents/ModernDayCircusManager/instagram-moderndaycircus-2026-03-09-mDWWVNXF/your_instagram_activity/threads/followers.json
followers.json-0.26334761658630934,post,2023-11-12T22:39:14.000Z,"mssusiemckenna","","identity","mssusiemckenna",followers.json,/Users/kriskleva/Documents/ModernDayCircusManager/instagram-moderndaycircus-2026-03-09-mDWWVNXF/your_instagram_activity/threads/followers.json
followers.json-0.7658139465919076,post,2023-11-11T17:26:12.000Z,"itznotchristian_","","identity","itznotchristian_",followers.json,/Users/kriskleva/Documents/ModernDayCircusManager/instagram-moderndaycircus-2026-03-09-mDWWVNXF/your_instagram_activity/threads/followers.json
followers.json-0.26949390936909,post,2023-10-30T11:22:51.000Z,"malcolm_toft","","identity","malcolm_toft",followers.json,/Users/kriskleva/Documents/ModernDayCircusManager/instagram-moderndaycircus-2026-03-09-mDWWVNXF/your_instagram_activity/threads/followers.json
followers.json-0.27017423783319994,post,2023-10-26T14:28:05.000Z,"chuy_guanatos_tattoo","","identity","chuy_guanatos_tattoo",followers.json,/Users/kriskleva/Documents/ModernDayCircusManager/instagram-moderndaycircus-2026-03-09-mDWWVNXF/your_instagram_activity/threads/followers.json
followers.json-0.3658605052599333,post,2023-10-03T02:00:43.000Z,"_nachorose_","","identity","_nachorose_",followers.json,/Users/kriskleva/Documents/ModernDayCircusManager/instagram-moderndaycircus-2026-03-09-mDWWVNXF/your_instagram_activity/threads/followers.json
followers.json-0.4915003056263576,post,2023-09-26T13:43:37.000Z,"dontflydrones","","identity","dontflydrones",followers.json,/Users/kriskleva/Documents/ModernDayCircusManager/instagram-moderndaycircus-2026-03-09-mDWWVNXF/your_instagram_activity/threads/followers.json
followers.json-0.5621463877964532,post,2023-09-08T22:46:19.000Z,"indicativetesting","","identity","indicativetesting",followers.json,/Users/kriskleva/Documents/ModernDayCircusManager/instagram-moderndaycircus-2026-03-09-mDWWVNXF/your_instagram_activity/threads/followers.json
followers.json-0.6567726554787618,post,2023-09-08T17:29:31.000Z,"blazin318thebuzz","","identity","blazin318thebuzz",followers.json,/Users/kriskleva/Documents/ModernDayCircusManager/instagram-moderndaycircus-2026-03-09-mDWWVNXF/your_instagram_activity/threads/followers.json
followers.json-0.2390689975457012,post,2023-09-01T12:38:18.000Z,"sheriolivastudio","","identity","sheriolivastudio",followers.json,/Users/kriskleva/Documents/ModernDayCircusManager/instagram-moderndaycircus-2026-03-09-mDWWVNXF/your_instagram_activity/threads/followers.json
followers.json-0.3494817970313988,post,2023-08-27T18:19:44.000Z,"sirsmalls","","identity","sirsmalls",followers.json,/Users/kriskleva/Documents/ModernDayCircusManager/instagram-moderndaycircus-2026-03-09-mDWWVNXF/your_instagram_activity/threads/followers.json
followers.json-0.4747015376383077,post,2023-08-26T13:30:50.000Z,"edgar_da_car_guy","","identity","edgar_da_car_guy",followers.json,/Users/kriskleva/Documents/ModernDayCircusManager/instagram-moderndaycircus-2026-03-09-mDWWVNXF/your_instagram_activity/threads/followers.json
followers.json-0.7545125344004333,post,2023-08-22T11:42:36.000Z,"wickedgoodfire","","identity","wickedgoodfire",followers.json,/Users/kriskleva/Documents/ModernDayCircusManager/instagram-moderndaycircus-2026-03-09-mDWWVNXF/your_instagram_activity/threads/followers.json
followers.json-0.032860122985603146,post,2023-08-21T22:49:24.000Z,"zerogravity_cannabis","","identity","zerogravity_cannabis",followers.json,/Users/kriskleva/Documents/ModernDayCircusManager/instagram-moderndaycircus-2026-03-09-mDWWVNXF/your_instagram_activity/threads/followers.json
followers.json-0.007980441335089683,post,2023-08-21T02:59:55.000Z,"earthaircannabis","","identity","earthaircannabis",followers.json,/Users/kriskleva/Documents/ModernDayCircusManager/instagram-moderndaycircus-2026-03-09-mDWWVNXF/your_instagram_activity/threads/followers.json
followers.json-0.6217939356854665,post,2023-08-17T16:53:37.000Z,"thinkfishtank","","identity","thinkfishtank",followers.json,/Users/kriskleva/Documents/ModernDayCircusManager/instagram-moderndaycircus-2026-03-09-mDWWVNXF/your_instagram_activity/threads/followers.json
followers.json-0.01577634792061544,post,2023-08-15T11:37:03.000Z,"melvinjg_music","","identity","melvinjg_music",followers.json,/Users/kriskleva/Documents/ModernDayCircusManager/instagram-moderndaycircus-2026-03-09-mDWWVNXF/your_instagram_activity/threads/followers.json
followers.json-0.4791259623666113,post,2023-08-04T14:14:14.000Z,"davegutter","","identity","davegutter",followers.json,/Users/kriskleva/Documents/ModernDayCircusManager/instagram-moderndaycircus-2026-03-09-mDWWVNXF/your_instagram_activity/threads/followers.json
followers.json-0.9816822437017882,post,2023-07-21T15:42:22.000Z,"lionkingbeatz","","identity","lionkingbeatz",followers.json,/Users/kriskleva/Documents/ModernDayCircusManager/instagram-moderndaycircus-2026-03-09-mDWWVNXF/your_instagram_activity/threads/followers.json
followers.json-0.7999400259594054,post,2023-07-21T09:53:22.000Z,"bead_shine","","identity","bead_shine",followers.json,/Users/kriskleva/Documents/ModernDayCircusManager/instagram-moderndaycircus-2026-03-09-mDWWVNXF/your_instagram_activity/threads/followers.json
followers.json-0.8483817496613264,post,2023-07-20T18:48:09.000Z,"aaron13rown","","identity","aaron13rown",followers.json,/Users/kriskleva/Documents/ModernDayCircusManager/instagram-moderndaycircus-2026-03-09-mDWWVNXF/your_instagram_activity/threads/followers.json
followers.json-0.6475048885436001,post,2023-07-18T17:35:25.000Z,"elevatedbyt","","identity","elevatedbyt",followers.json,/Users/kriskleva/Documents/ModernDayCircusManager/instagram-moderndaycircus-2026-03-09-mDWWVNXF/your_instagram_activity/threads/followers.json
followers.json-0.9255756810886435,post,2023-07-18T13:32:50.000Z,"mainemami","","identity","mainemami",followers.json,/Users/kriskleva/Documents/ModernDayCircusManager/instagram-moderndaycircus-2026-03-09-mDWWVNXF/your_instagram_activity/threads/followers.json
followers.json-0.7168889039717576,post,2023-07-17T12:16:18.000Z,"planettim420","","identity","planettim420",followers.json,/Users/kriskleva/Documents/ModernDayCircusManager/instagram-moderndaycircus-2026-03-09-mDWWVNXF/your_instagram_activity/threads/followers.json
followers.json-0.6998964437966932,post,2023-07-17T12:16:18.000Z,"lee.j.giles","","identity","lee.j.giles",followers.json,/Users/kriskleva/Documents/ModernDayCircusManager/instagram-moderndaycircus-2026-03-09-mDWWVNXF/your_instagram_activity/threads/followers.json
followers.json-0.9594606092238798,post,2023-07-17T12:16:18.000Z,"amedieyork","","identity","amedieyork",followers.json,/Users/kriskleva/Documents/ModernDayCircusManager/instagram-moderndaycircus-2026-03-09-mDWWVNXF/your_instagram_activity/threads/followers.json
followers.json-0.8981982037715714,post,2023-07-17T12:16:18.000Z,"icon_media_group","","identity","icon_media_group",followers.json,/Users/kriskleva/Documents/ModernDayCircusManager/instagram-moderndaycircus-2026-03-09-mDWWVNXF/your_instagram_activity/threads/followers.json
followers.json-0.5245485531602163,post,2023-07-17T12:16:18.000Z,"popreviewshub","","identity","popreviewshub",followers.json,/Users/kriskleva/Documents/ModernDayCircusManager/instagram-moderndaycircus-2026-03-09-mDWWVNXF/your_instagram_activity/threads/followers.json
followers.json-0.14858024493428545,post,2023-07-17T12:16:18.000Z,"jward138","","identity","jward138",followers.json,/Users/kriskleva/Documents/ModernDayCircusManager/instagram-moderndaycircus-2026-03-09-mDWWVNXF/your_instagram_activity/threads/followers.json
followers.json-0.529865998724907,post,2023-07-17T12:16:18.000Z,"diriglow","","identity","diriglow",followers.json,/Users/kriskleva/Documents/ModernDayCircusManager/instagram-moderndaycircus-2026-03-09-mDWWVNXF/your_instagram_activity/threads/followers.json
followers.json-0.7684768909068727,post,2023-07-17T12:16:18.000Z,"colby.obie","","identity","colby.obie",followers.json,/Users/kriskleva/Documents/ModernDayCircusManager/instagram-moderndaycircus-2026-03-09-mDWWVNXF/your_instagram_activity/threads/followers.json
followers.json-0.9137219986699023,post,2023-07-17T12:16:18.000Z,"def_sauce","","identity","def_sauce",followers.json,/Users/kriskleva/Documents/ModernDayCircusManager/instagram-moderndaycircus-2026-03-09-mDWWVNXF/your_instagram_activity/threads/followers.json
followers.json-0.7366398059661077,post,2023-07-17T12:16:18.000Z,"mrphonos","","identity","mrphonos",followers.json,/Users/kriskleva/Documents/ModernDayCircusManager/instagram-moderndaycircus-2026-03-09-mDWWVNXF/your_instagram_activity/threads/followers.json
followers.json-0.13392322846108606,post,2023-07-17T12:16:18.000Z,"bonfpv","","identity","bonfpv",followers.json,/Users/kriskleva/Documents/ModernDayCircusManager/instagram-moderndaycircus-2026-03-09-mDWWVNXF/your_instagram_activity/threads/followers.json
followers.json-0.0891463198034026,post,2023-07-17T12:16:18.000Z,"bayneae","","identity","bayneae",followers.json,/Users/kriskleva/Documents/ModernDayCircusManager/instagram-moderndaycircus-2026-03-09-mDWWVNXF/your_instagram_activity/threads/followers.json
followers.json-0.33774177866261423,post,2023-07-17T12:16:18.000Z,"blackownedmaine","","identity","blackownedmaine",followers.json,/Users/kriskleva/Documents/ModernDayCircusManager/instagram-moderndaycircus-2026-03-09-mDWWVNXF/your_instagram_activity/threads/followers.json
followers.json-0.310748107340981,post,2023-07-17T12:16:18.000Z,"lauraa_nn","","identity","lauraa_nn",followers.json,/Users/kriskleva/Documents/ModernDayCircusManager/instagram-moderndaycircus-2026-03-09-mDWWVNXF/your_instagram_activity/threads/followers.json
followers.json-0.7516389906239418,post,2023-07-17T12:16:18.000Z,"vibesupclothingco","","identity","vibesupclothingco",followers.json,/Users/kriskleva/Documents/ModernDayCircusManager/instagram-moderndaycircus-2026-03-09-mDWWVNXF/your_instagram_activity/threads/followers.json
followers.json-0.9157356496647866,post,2023-07-17T12:16:18.000Z,"officialyodakai","","identity","officialyodakai",followers.json,/Users/kriskleva/Documents/ModernDayCircusManager/instagram-moderndaycircus-2026-03-09-mDWWVNXF/your_instagram_activity/threads/followers.json
followers.json-0.8113773938688917,post,2023-07-17T12:16:18.000Z,"pedaltothemetalradioshow","","identity","pedaltothemetalradioshow",followers.json,/Users/kriskleva/Documents/ModernDayCircusManager/instagram-moderndaycircus-2026-03-09-mDWWVNXF/your_instagram_activity/threads/followers.json
followers.json-0.3098629017057777,post,2023-07-17T12:16:18.000Z,"nicolenixonmusic","","identity","nicolenixonmusic",followers.json,/Users/kriskleva/Documents/ModernDayCircusManager/instagram-moderndaycircus-2026-03-09-mDWWVNXF/your_instagram_activity/threads/followers.json
followers.json-0.33733330236004244,post,2023-07-17T12:16:18.000Z,"barsoverbarsmedia","","identity","barsoverbarsmedia",followers.json,/Users/kriskleva/Documents/ModernDayCircusManager/instagram-moderndaycircus-2026-03-09-mDWWVNXF/your_instagram_activity/threads/followers.json
followers.json-0.63008507726244,post,2023-07-17T12:16:18.000Z,"outdoormillsy","","identity","outdoormillsy",followers.json,/Users/kriskleva/Documents/ModernDayCircusManager/instagram-moderndaycircus-2026-03-09-mDWWVNXF/your_instagram_activity/threads/followers.json
followers.json-0.6654599147402092,post,2023-07-17T12:16:18.000Z,"directedbyghost","","identity","directedbyghost",followers.json,/Users/kriskleva/Documents/ModernDayCircusManager/instagram-moderndaycircus-2026-03-09-mDWWVNXF/your_instagram_activity/threads/followers.json
followers.json-0.6484446139486919,post,2023-07-17T12:16:18.000Z,"tha_nxxt_step","","identity","tha_nxxt_step",followers.json,/Users/kriskleva/Documents/ModernDayCircusManager/instagram-moderndaycircus-2026-03-09-mDWWVNXF/your_instagram_activity/threads/followers.json
followers.json-0.4138814684407006,post,2023-07-17T12:16:18.000Z,"skyesfitness1","","identity","skyesfitness1",followers.json,/Users/kriskleva/Documents/ModernDayCircusManager/instagram-moderndaycircus-2026-03-09-mDWWVNXF/your_instagram_activity/threads/followers.json
followers.json-0.9617964298458332,post,2023-07-17T12:16:18.000Z,"handsofedenmobilemassage","","identity","handsofedenmobilemassage",followers.json,/Users/kriskleva/Documents/ModernDayCircusManager/instagram-moderndaycircus-2026-03-09-mDWWVNXF/your_instagram_activity/threads/followers.json
followers.json-0.45522366989040597,post,2023-07-17T12:16:18.000Z,"realgeniusblack","","identity","realgeniusblack",followers.json,/Users/kriskleva/Documents/ModernDayCircusManager/instagram-moderndaycircus-2026-03-09-mDWWVNXF/your_instagram_activity/threads/followers.json
followers.json-0.16444953189215772,post,2023-07-17T12:16:18.000Z,"itsthewritevibe","","identity","itsthewritevibe",followers.json,/Users/kriskleva/Documents/ModernDayCircusManager/instagram-moderndaycircus-2026-03-09-mDWWVNXF/your_instagram_activity/threads/followers.json
followers.json-0.3087129674807718,post,2023-07-17T12:16:18.000Z,"jhavvyrshaw","","identity","jhavvyrshaw",followers.json,/Users/kriskleva/Documents/ModernDayCircusManager/instagram-moderndaycircus-2026-03-09-mDWWVNXF/your_instagram_activity/threads/followers.json
following.json-0.4051328909853702,post,2025-12-09T09:43:28.000Z,"halseylaiz","","identity","halseylaiz",following.json,/Users/kriskleva/Documents/ModernDayCircusManager/instagram-moderndaycircus-2026-03-09-mDWWVNXF/your_instagram_activity/threads/following.json
following.json-0.37192636333860585,post,2025-11-24T11:46:27.000Z,"hege_ms","","identity","hege_ms",following.json,/Users/kriskleva/Documents/ModernDayCircusManager/instagram-moderndaycircus-2026-03-09-mDWWVNXF/your_instagram_activity/threads/following.json
following.json-0.43494514741330237,post,2025-11-10T19:03:28.000Z,"thatjuicypeach","","identity","thatjuicypeach",following.json,/Users/kriskleva/Documents/ModernDayCircusManager/instagram-moderndaycircus-2026-03-09-mDWWVNXF/your_instagram_activity/threads/following.json
following.json-0.8016792523353726,post,2025-11-04T23:31:23.000Z,"def_sauce","","identity","def_sauce",following.json,/Users/kriskleva/Documents/ModernDayCircusManager/instagram-moderndaycircus-2026-03-09-mDWWVNXF/your_instagram_activity/threads/following.json
following.json-0.24739463497707992,post,2025-11-04T22:16:35.000Z,"halfwokewook","","identity","halfwokewook",following.json,/Users/kriskleva/Documents/ModernDayCircusManager/instagram-moderndaycircus-2026-03-09-mDWWVNXF/your_instagram_activity/threads/following.json
following.json-0.4847325750025595,post,2025-06-18T19:36:49.000Z,"shinybrittanyy","","identity","shinybrittanyy",following.json,/Users/kriskleva/Documents/ModernDayCircusManager/instagram-moderndaycircus-2026-03-09-mDWWVNXF/your_instagram_activity/threads/following.json
following.json-0.6636822124221189,post,2025-06-18T19:32:06.000Z,"graceinthemadness","","identity","graceinthemadness",following.json,/Users/kriskleva/Documents/ModernDayCircusManager/instagram-moderndaycircus-2026-03-09-mDWWVNXF/your_instagram_activity/threads/following.json
following.json-0.7836895126092012,post,2025-06-18T19:30:14.000Z,"charmcityheels","","identity","charmcityheels",following.json,/Users/kriskleva/Documents/ModernDayCircusManager/instagram-moderndaycircus-2026-03-09-mDWWVNXF/your_instagram_activity/threads/following.json
following.json-0.8679130968363189,post,2025-06-18T19:30:01.000Z,"blondie_in_dc","","identity","blondie_in_dc",following.json,/Users/kriskleva/Documents/ModernDayCircusManager/instagram-moderndaycircus-2026-03-09-mDWWVNXF/your_instagram_activity/threads/following.json
following.json-0.6981681157108381,post,2025-06-18T19:29:48.000Z,"michellevolz","","identity","michellevolz",following.json,/Users/kriskleva/Documents/ModernDayCircusManager/instagram-moderndaycircus-2026-03-09-mDWWVNXF/your_instagram_activity/threads/following.json
following.json-0.6458646998580502,post,2025-06-18T19:29:37.000Z,"biruiz","","identity","biruiz",following.json,/Users/kriskleva/Documents/ModernDayCircusManager/instagram-moderndaycircus-2026-03-09-mDWWVNXF/your_instagram_activity/threads/following.json
following.json-0.3784388858131529,post,2025-06-17T11:21:19.000Z,"dailychatgptips","","identity","dailychatgptips",following.json,/Users/kriskleva/Documents/ModernDayCircusManager/instagram-moderndaycircus-2026-03-09-mDWWVNXF/your_instagram_activity/threads/following.json
following.json-0.19451081216750987,post,2025-05-13T18:21:55.000Z,"onthetechno","","identity","onthetechno",following.json,/Users/kriskleva/Documents/ModernDayCircusManager/instagram-moderndaycircus-2026-03-09-mDWWVNXF/your_instagram_activity/threads/following.json
following.json-0.9229156660989082,post,2025-05-13T18:21:54.000Z,"ravereloaded","","identity","ravereloaded",following.json,/Users/kriskleva/Documents/ModernDayCircusManager/instagram-moderndaycircus-2026-03-09-mDWWVNXF/your_instagram_activity/threads/following.json
following.json-0.3146542967334045,post,2025-05-13T18:21:53.000Z,"brizzaay_bitch","","identity","brizzaay_bitch",following.json,/Users/kriskleva/Documents/ModernDayCircusManager/instagram-moderndaycircus-2026-03-09-mDWWVNXF/your_instagram_activity/threads/following.json
following.json-0.5271847519267565,post,2025-05-13T18:21:51.000Z,"funky_climber","","identity","funky_climber",following.json,/Users/kriskleva/Documents/ModernDayCircusManager/instagram-moderndaycircus-2026-03-09-mDWWVNXF/your_instagram_activity/threads/following.json
following.json-0.33481878219481187,post,2025-05-13T18:21:48.000Z,"almajunecats","","identity","almajunecats",following.json,/Users/kriskleva/Documents/ModernDayCircusManager/instagram-moderndaycircus-2026-03-09-mDWWVNXF/your_instagram_activity/threads/following.json
following.json-0.1741161345590656,post,2025-05-13T18:21:36.000Z,"profgampo","","identity","profgampo",following.json,/Users/kriskleva/Documents/ModernDayCircusManager/instagram-moderndaycircus-2026-03-09-mDWWVNXF/your_instagram_activity/threads/following.json
following.json-0.7176512249638021,post,2025-05-13T18:21:34.000Z,"tom.yanks","","identity","tom.yanks",following.json,/Users/kriskleva/Documents/ModernDayCircusManager/instagram-moderndaycircus-2026-03-09-mDWWVNXF/your_instagram_activity/threads/following.json
following.json-0.45937132031431815,post,2025-05-13T18:21:33.000Z,"rigometrics","","identity","rigometrics",following.json,/Users/kriskleva/Documents/ModernDayCircusManager/instagram-moderndaycircus-2026-03-09-mDWWVNXF/your_instagram_activity/threads/following.json
following.json-0.43684741015746953,post,2025-05-13T18:21:32.000Z,"iamsmxke","","identity","iamsmxke",following.json,/Users/kriskleva/Documents/ModernDayCircusManager/instagram-moderndaycircus-2026-03-09-mDWWVNXF/your_instagram_activity/threads/following.json
following.json-0.07545352406397154,post,2025-05-13T18:21:31.000Z,"hushharding","","identity","hushharding",following.json,/Users/kriskleva/Documents/ModernDayCircusManager/instagram-moderndaycircus-2026-03-09-mDWWVNXF/your_instagram_activity/threads/following.json
following.json-0.10921542692883968,post,2025-05-13T18:21:30.000Z,"truebirchdewdrops","","identity","truebirchdewdrops",following.json,/Users/kriskleva/Documents/ModernDayCircusManager/instagram-moderndaycircus-2026-03-09-mDWWVNXF/your_instagram_activity/threads/following.json
following.json-0.7753917938779371,post,2025-05-13T18:21:30.000Z,"justmilkmusic","","identity","justmilkmusic",following.json,/Users/kriskleva/Documents/ModernDayCircusManager/instagram-moderndaycircus-2026-03-09-mDWWVNXF/your_instagram_activity/threads/following.json
following.json-0.36170679420529583,post,2025-05-13T18:21:29.000Z,"lolmmac","","identity","lolmmac",following.json,/Users/kriskleva/Documents/ModernDayCircusManager/instagram-moderndaycircus-2026-03-09-mDWWVNXF/your_instagram_activity/threads/following.json
following.json-0.19160290578370232,post,2025-05-13T18:21:28.000Z,"monaco.studios","","identity","monaco.studios",following.json,/Users/kriskleva/Documents/ModernDayCircusManager/instagram-moderndaycircus-2026-03-09-mDWWVNXF/your_instagram_activity/threads/following.json
following.json-0.38737428874982904,post,2025-04-27T20:23:12.000Z,"a.demmss","","identity","a.demmss",following.json,/Users/kriskleva/Documents/ModernDayCircusManager/instagram-moderndaycircus-2026-03-09-mDWWVNXF/your_instagram_activity/threads/following.json
following.json-0.17796212418909874,post,2025-04-19T11:33:31.000Z,"mizsaskia","","identity","mizsaskia",following.json,/Users/kriskleva/Documents/ModernDayCircusManager/instagram-moderndaycircus-2026-03-09-mDWWVNXF/your_instagram_activity/threads/following.json
following.json-0.18095283255173533,post,2025-04-19T11:20:36.000Z,"green_mark12.29","","identity","green_mark12.29",following.json,/Users/kriskleva/Documents/ModernDayCircusManager/instagram-moderndaycircus-2026-03-09-mDWWVNXF/your_instagram_activity/threads/following.json
following.json-0.6481043874340071,post,2025-04-19T11:20:30.000Z,"sask_artemis","","identity","sask_artemis",following.json,/Users/kriskleva/Documents/ModernDayCircusManager/instagram-moderndaycircus-2026-03-09-mDWWVNXF/your_instagram_activity/threads/following.json
following.json-0.8851186526874291,post,2025-04-19T11:20:03.000Z,"ellawithvibes","","identity","ellawithvibes",following.json,/Users/kriskleva/Documents/ModernDayCircusManager/instagram-moderndaycircus-2026-03-09-mDWWVNXF/your_instagram_activity/threads/following.json
following.json-0.4724656639421623,post,2025-04-19T11:20:01.000Z,"maria_eberg","","identity","maria_eberg",following.json,/Users/kriskleva/Documents/ModernDayCircusManager/instagram-moderndaycircus-2026-03-09-mDWWVNXF/your_instagram_activity/threads/following.json
following.json-0.23014767493822852,post,2025-04-19T11:19:52.000Z,"aerialjadeart","","identity","aerialjadeart",following.json,/Users/kriskleva/Documents/ModernDayCircusManager/instagram-moderndaycircus-2026-03-09-mDWWVNXF/your_instagram_activity/threads/following.json
following.json-0.8500666150441776,post,2025-04-19T11:19:51.000Z,"benny86thejets_","","identity","benny86thejets_",following.json,/Users/kriskleva/Documents/ModernDayCircusManager/instagram-moderndaycircus-2026-03-09-mDWWVNXF/your_instagram_activity/threads/following.json
following.json-0.9418112125385523,post,2025-04-19T11:19:42.000Z,"feleciacruz","","identity","feleciacruz",following.json,/Users/kriskleva/Documents/ModernDayCircusManager/instagram-moderndaycircus-2026-03-09-mDWWVNXF/your_instagram_activity/threads/following.json
following.json-0.8234097931082445,post,2023-08-05T22:02:08.000Z,"lauraa_nn","","identity","lauraa_nn",following.json,/Users/kriskleva/Documents/ModernDayCircusManager/instagram-moderndaycircus-2026-03-09-mDWWVNXF/your_instagram_activity/threads/following.json
following.json-0.6303839100013919,post,2023-08-05T22:02:04.000Z,"outdoormillsy","","identity","outdoormillsy",following.json,/Users/kriskleva/Documents/ModernDayCircusManager/instagram-moderndaycircus-2026-03-09-mDWWVNXF/your_instagram_activity/threads/following.json
following.json-0.8446527326327409,post,2023-08-05T22:02:03.000Z,"realgeniusblack","","identity","realgeniusblack",following.json,/Users/kriskleva/Documents/ModernDayCircusManager/instagram-moderndaycircus-2026-03-09-mDWWVNXF/your_instagram_activity/threads/following.json
following.json-0.08002274350948868,post,2023-08-05T22:01:59.000Z,"lee.j.giles","","identity","lee.j.giles",following.json,/Users/kriskleva/Documents/ModernDayCircusManager/instagram-moderndaycircus-2026-03-09-mDWWVNXF/your_instagram_activity/threads/following.json
following.json-0.6854601368490976,post,2023-08-05T22:01:57.000Z,"barsoverbarsmedia","","identity","barsoverbarsmedia",following.json,/Users/kriskleva/Documents/ModernDayCircusManager/instagram-moderndaycircus-2026-03-09-mDWWVNXF/your_instagram_activity/threads/following.json
following.json-0.29077016628021335,post,2023-08-05T22:01:55.000Z,"blackownedmaine","","identity","blackownedmaine",following.json,/Users/kriskleva/Documents/ModernDayCircusManager/instagram-moderndaycircus-2026-03-09-mDWWVNXF/your_instagram_activity/threads/following.json
following.json-0.36617997719243944,post,2023-08-05T22:01:53.000Z,"patriotfan012","","identity","patriotfan012",following.json,/Users/kriskleva/Documents/ModernDayCircusManager/instagram-moderndaycircus-2026-03-09-mDWWVNXF/your_instagram_activity/threads/following.json
following.json-0.36123978466442797,post,2023-08-05T22:01:46.000Z,"davegutter","","identity","davegutter",following.json,/Users/kriskleva/Documents/ModernDayCircusManager/instagram-moderndaycircus-2026-03-09-mDWWVNXF/your_instagram_activity/threads/following.json
liked_threads.json-0.8918559428264408,unknown,2026-02-07T11:44:26.000Z,"ð","","identity","ð",liked_threads.json,/Users/kriskleva/Documents/ModernDayCircusManager/instagram-moderndaycircus-2026-03-09-mDWWVNXF/your_instagram_activity/threads/liked_threads.json
liked_threads.json-0.9999214745186615,unknown,2025-11-14T10:47:16.000Z,"ð","","identity","ð",liked_threads.json,/Users/kriskleva/Documents/ModernDayCircusManager/instagram-moderndaycircus-2026-03-09-mDWWVNXF/your_instagram_activity/threads/liked_threads.json
liked_threads.json-0.30903164516858794,unknown,2025-11-12T10:24:53.000Z,"ð","","identity","ð",liked_threads.json,/Users/kriskleva/Documents/ModernDayCircusManager/instagram-moderndaycircus-2026-03-09-mDWWVNXF/your_instagram_activity/threads/liked_threads.json
liked_threads.json-0.24345595329408343,unknown,2025-11-02T14:13:34.000Z,"ð","","identity","ð",liked_threads.json,/Users/kriskleva/Documents/ModernDayCircusManager/instagram-moderndaycircus-2026-03-09-mDWWVNXF/your_instagram_activity/threads/liked_threads.json
liked_threads.json-0.782361474367437,unknown,2025-11-02T14:13:05.000Z,"ð","","identity","ð",liked_threads.json,/Users/kriskleva/Documents/ModernDayCircusManager/instagram-moderndaycircus-2026-03-09-mDWWVNXF/your_instagram_activity/threads/liked_threads.json
liked_threads.json-0.6482533607202465,unknown,2025-06-18T19:36:43.000Z,"ð","","identity","ð",liked_threads.json,/Users/kriskleva/Documents/ModernDayCircusManager/instagram-moderndaycircus-2026-03-09-mDWWVNXF/your_instagram_activity/threads/liked_threads.json
liked_threads.json-0.9977172104725724,unknown,2025-06-18T19:36:31.000Z,"ð","","identity","ð",liked_threads.json,/Users/kriskleva/Documents/ModernDayCircusManager/instagram-moderndaycircus-2026-03-09-mDWWVNXF/your_instagram_activity/threads/liked_threads.json
liked_threads.json-0.6521549208159245,unknown,2025-06-18T19:36:28.000Z,"ð","","identity","ð",liked_threads.json,/Users/kriskleva/Documents/ModernDayCircusManager/instagram-moderndaycircus-2026-03-09-mDWWVNXF/your_instagram_activity/threads/liked_threads.json
liked_threads.json-0.22161440604110516,unknown,2025-06-18T19:34:11.000Z,"ð","","identity","ð",liked_threads.json,/Users/kriskleva/Documents/ModernDayCircusManager/instagram-moderndaycircus-2026-03-09-mDWWVNXF/your_instagram_activity/threads/liked_threads.json
liked_threads.json-0.9473426848660778,unknown,2025-06-18T19:34:00.000Z,"ð","","identity","ð",liked_threads.json,/Users/kriskleva/Documents/ModernDayCircusManager/instagram-moderndaycircus-2026-03-09-mDWWVNXF/your_instagram_activity/threads/liked_threads.json
liked_threads.json-0.5036537995650125,unknown,2025-06-18T19:32:39.000Z,"ð","","identity","ð",liked_threads.json,/Users/kriskleva/Documents/ModernDayCircusManager/instagram-moderndaycircus-2026-03-09-mDWWVNXF/your_instagram_activity/threads/liked_threads.json
liked_threads.json-0.006553226978622595,unknown,2025-06-10T11:14:20.000Z,"ð","","identity","ð",liked_threads.json,/Users/kriskleva/Documents/ModernDayCircusManager/instagram-moderndaycircus-2026-03-09-mDWWVNXF/your_instagram_activity/threads/liked_threads.json
liked_threads.json-0.011830032928684009,unknown,2025-06-04T10:19:07.000Z,"ð","","identity","ð",liked_threads.json,/Users/kriskleva/Documents/ModernDayCircusManager/instagram-moderndaycircus-2026-03-09-mDWWVNXF/your_instagram_activity/threads/liked_threads.json
liked_threads.json-0.026138784413395788,unknown,2025-06-04T10:18:16.000Z,"ð","","identity","ð",liked_threads.json,/Users/kriskleva/Documents/ModernDayCircusManager/instagram-moderndaycircus-2026-03-09-mDWWVNXF/your_instagram_activity/threads/liked_threads.json
liked_threads.json-0.11217356892514285,unknown,2025-06-02T11:10:46.000Z,"ð","","identity","ð",liked_threads.json,/Users/kriskleva/Documents/ModernDayCircusManager/instagram-moderndaycircus-2026-03-09-mDWWVNXF/your_instagram_activity/threads/liked_threads.json
liked_threads.json-0.43239765833995003,unknown,2025-05-18T12:34:52.000Z,"ð","","identity","ð",liked_threads.json,/Users/kriskleva/Documents/ModernDayCircusManager/instagram-moderndaycircus-2026-03-09-mDWWVNXF/your_instagram_activity/threads/liked_threads.json
liked_threads.json-0.1879324028752425,unknown,2025-05-18T12:34:43.000Z,"ð","","identity","ð",liked_threads.json,/Users/kriskleva/Documents/ModernDayCircusManager/instagram-moderndaycircus-2026-03-09-mDWWVNXF/your_instagram_activity/threads/liked_threads.json
liked_threads.json-0.06535390675513253,unknown,2025-05-13T18:24:16.000Z,"ð","","identity","ð",liked_threads.json,/Users/kriskleva/Documents/ModernDayCircusManager/instagram-moderndaycircus-2026-03-09-mDWWVNXF/your_instagram_activity/threads/liked_threads.json
liked_threads.json-0.04108109052143116,unknown,2025-05-13T18:23:53.000Z,"ð","","identity","ð",liked_threads.json,/Users/kriskleva/Documents/ModernDayCircusManager/instagram-moderndaycircus-2026-03-09-mDWWVNXF/your_instagram_activity/threads/liked_threads.json
liked_threads.json-0.1260086570352259,unknown,2025-05-13T18:23:34.000Z,"ð","","identity","ð",liked_threads.json,/Users/kriskleva/Documents/ModernDayCircusManager/instagram-moderndaycircus-2026-03-09-mDWWVNXF/your_instagram_activity/threads/liked_threads.json
liked_threads.json-0.5185359336765036,unknown,2025-05-13T18:23:18.000Z,"ð","","identity","ð",liked_threads.json,/Users/kriskleva/Documents/ModernDayCircusManager/instagram-moderndaycircus-2026-03-09-mDWWVNXF/your_instagram_activity/threads/liked_threads.json
liked_threads.json-0.4907663880700337,unknown,2025-05-13T12:33:03.000Z,"ð","","identity","ð",liked_threads.json,/Users/kriskleva/Documents/ModernDayCircusManager/instagram-moderndaycircus-2026-03-09-mDWWVNXF/your_instagram_activity/threads/liked_threads.json
liked_threads.json-0.5860891859439663,unknown,2025-05-13T12:32:56.000Z,"ð","","identity","ð",liked_threads.json,/Users/kriskleva/Documents/ModernDayCircusManager/instagram-moderndaycircus-2026-03-09-mDWWVNXF/your_instagram_activity/threads/liked_threads.json
liked_threads.json-0.05205189016144596,unknown,2025-05-13T02:32:16.000Z,"ð","","identity","ð",liked_threads.json,/Users/kriskleva/Documents/ModernDayCircusManager/instagram-moderndaycircus-2026-03-09-mDWWVNXF/your_instagram_activity/threads/liked_threads.json
liked_threads.json-0.8719095310362817,unknown,2025-05-03T18:11:42.000Z,"ð","","identity","ð",liked_threads.json,/Users/kriskleva/Documents/ModernDayCircusManager/instagram-moderndaycircus-2026-03-09-mDWWVNXF/your_instagram_activity/threads/liked_threads.json
liked_threads.json-0.06967112594371194,unknown,2025-05-01T11:12:23.000Z,"ð","","identity","ð",liked_threads.json,/Users/kriskleva/Documents/ModernDayCircusManager/instagram-moderndaycircus-2026-03-09-mDWWVNXF/your_instagram_activity/threads/liked_threads.json
liked_threads.json-0.020677899788579923,unknown,2025-05-01T11:09:53.000Z,"ð","","identity","ð",liked_threads.json,/Users/kriskleva/Documents/ModernDayCircusManager/instagram-moderndaycircus-2026-03-09-mDWWVNXF/your_instagram_activity/threads/liked_threads.json
liked_threads.json-0.7111056608079955,unknown,2025-04-30T10:29:04.000Z,"ð","","identity","ð",liked_threads.json,/Users/kriskleva/Documents/ModernDayCircusManager/instagram-moderndaycircus-2026-03-09-mDWWVNXF/your_instagram_activity/threads/liked_threads.json
liked_threads.json-0.7944269739671885,unknown,2025-04-27T21:10:47.000Z,"ð","","identity","ð",liked_threads.json,/Users/kriskleva/Documents/ModernDayCircusManager/instagram-moderndaycircus-2026-03-09-mDWWVNXF/your_instagram_activity/threads/liked_threads.json
liked_threads.json-0.047655516026777756,unknown,2025-04-27T20:23:46.000Z,"ð","","identity","ð",liked_threads.json,/Users/kriskleva/Documents/ModernDayCircusManager/instagram-moderndaycircus-2026-03-09-mDWWVNXF/your_instagram_activity/threads/liked_threads.json
liked_threads.json-0.7188032266852342,unknown,2025-04-27T20:23:18.000Z,"ð","","identity","ð",liked_threads.json,/Users/kriskleva/Documents/ModernDayCircusManager/instagram-moderndaycircus-2026-03-09-mDWWVNXF/your_instagram_activity/threads/liked_threads.json
liked_threads.json-0.40547952986800007,unknown,2025-04-24T20:38:10.000Z,"ð","","identity","ð",liked_threads.json,/Users/kriskleva/Documents/ModernDayCircusManager/instagram-moderndaycircus-2026-03-09-mDWWVNXF/your_instagram_activity/threads/liked_threads.json
liked_threads.json-0.06206343331349018,unknown,2025-04-23T10:57:04.000Z,"ð","","identity","ð",liked_threads.json,/Users/kriskleva/Documents/ModernDayCircusManager/instagram-moderndaycircus-2026-03-09-mDWWVNXF/your_instagram_activity/threads/liked_threads.json
liked_threads.json-0.4717377503058642,unknown,2025-04-23T10:50:17.000Z,"ð","","identity","ð",liked_threads.json,/Users/kriskleva/Documents/ModernDayCircusManager/instagram-moderndaycircus-2026-03-09-mDWWVNXF/your_instagram_activity/threads/liked_threads.json
liked_threads.json-0.9651263357119648,unknown,2025-04-19T11:21:01.000Z,"ð","","identity","ð",liked_threads.json,/Users/kriskleva/Documents/ModernDayCircusManager/instagram-moderndaycircus-2026-03-09-mDWWVNXF/your_instagram_activity/threads/liked_threads.json
liked_threads.json-0.6427484952621869,unknown,2025-04-19T11:20:53.000Z,"ð","","identity","ð",liked_threads.json,/Users/kriskleva/Documents/ModernDayCircusManager/instagram-moderndaycircus-2026-03-09-mDWWVNXF/your_instagram_activity/threads/liked_threads.json
liked_threads.json-0.1240002271515277,unknown,2025-04-19T11:04:35.000Z,"ð","","identity","ð",liked_threads.json,/Users/kriskleva/Documents/ModernDayCircusManager/instagram-moderndaycircus-2026-03-09-mDWWVNXF/your_instagram_activity/threads/liked_threads.json
liked_threads.json-0.5535209432828283,unknown,2025-04-19T10:59:33.000Z,"ð","","identity","ð",liked_threads.json,/Users/kriskleva/Documents/ModernDayCircusManager/instagram-moderndaycircus-2026-03-09-mDWWVNXF/your_instagram_activity/threads/liked_threads.json
recent_follow_requests.json-0.15788694955512472,post,2023-08-05T22:01:49.000Z,"def_sauce","","identity","def_sauce",recent_follow_requests.json,/Users/kriskleva/Documents/ModernDayCircusManager/instagram-moderndaycircus-2026-03-09-mDWWVNXF/your_instagram_activity/threads/recent_follow_requests.json
recently_unfollowed_profiles.json-0.07356974065975352,post,2025-10-18T08:50:58.000Z,"a_hoy_hoy","","identity","a_hoy_hoy",recently_unfollowed_profiles.json,/Users/kriskleva/Documents/ModernDayCircusManager/instagram-moderndaycircus-2026-03-09-mDWWVNXF/your_instagram_activity/threads/recently_unfollowed_profiles.json
recently_unfollowed_profiles.json-0.8458217243785988,post,2025-05-03T17:31:12.000Z,"radiantftaith","","identity","radiantftaith",recently_unfollowed_profiles.json,/Users/kriskleva/Documents/ModernDayCircusManager/instagram-moderndaycircus-2026-03-09-mDWWVNXF/your_instagram_activity/threads/recently_unfollowed_profiles.json
threads_and_replies.json-0.884849805776553,post,2026-03-08T23:45:03.000Z,"Starlight and warmth, the perfect combo. As the ice melts and the river rises, the cold sea waits for our new boats. We love our home #falmouthmaine","falmouthmaine","identity","Starlight and warmth, the perfect combo. As the ice melts and the river rises, the cold sea waits...",threads_and_replies.json,/Users/kriskleva/Documents/ModernDayCircusManager/instagram-moderndaycircus-2026-03-09-mDWWVNXF/your_instagram_activity/threads/threads_and_replies.json
threads_and_replies.json-0.07710244215309792,post,2026-03-08T04:02:29.000Z,"My Winter Tiger Suit by j.m.syron 

over a dozen people complimented this outfit at the winter bash @portlandmuseum

My favorite feature of this jacket is the collar style and how it looks great over a nice dress shirt.  It definitely stood out from the crowd in a sea of suits. 

Very distinctive color matched well with dark teal and black dress pants.","","identity","My Winter Tiger Suit by j.m.syron over a dozen people complimented this outfit at the winter bash...",threads_and_replies.json,/Users/kriskleva/Documents/ModernDayCircusManager/instagram-moderndaycircus-2026-03-09-mDWWVNXF/your_instagram_activity/threads/threads_and_replies.json
threads_and_replies.json-0.6370207453924921,post,2026-03-08T03:02:11.000Z,"Stripe Sirens @portlandmuseum","","identity","Stripe Sirens @portlandmuseum",threads_and_replies.json,/Users/kriskleva/Documents/ModernDayCircusManager/instagram-moderndaycircus-2026-03-09-mDWWVNXF/your_instagram_activity/threads/threads_and_replies.json
threads_and_replies.json-0.20814317739803911,post,2026-03-08T02:59:00.000Z,"Winter Bash Bestie @portlandmuseum","","identity","Winter Bash Bestie @portlandmuseum",threads_and_replies.json,/Users/kriskleva/Documents/ModernDayCircusManager/instagram-moderndaycircus-2026-03-09-mDWWVNXF/your_instagram_activity/threads/threads_and_replies.json
threads_and_replies.json-0.07461720949734385,post,2026-03-04T11:58:56.000Z,"Okay, so the best part of the Lovers ball 

Out of all the looks I wore on the runwayâ¦ some of them one of a kind works of art worth thousands of dollars. 

The $7 robe and pants I purchased at mardensmaine the day of the show, didnât even iron or wash itâ¦

was the crowd favorite ð","","identity","Okay, so the best part of the Lovers ball Out of all the looks I wore on the runwayâ¦ some of th...",threads_and_replies.json,/Users/kriskleva/Documents/ModernDayCircusManager/instagram-moderndaycircus-2026-03-09-mDWWVNXF/your_instagram_activity/threads/threads_and_replies.json
threads_and_replies.json-0.9992244064923923,post,2026-03-01T21:06:41.000Z,"Beautiful Black Beings","","identity","Beautiful Black Beings",threads_and_replies.json,/Users/kriskleva/Documents/ModernDayCircusManager/instagram-moderndaycircus-2026-03-09-mDWWVNXF/your_instagram_activity/threads/threads_and_replies.json
threads_and_replies.json-0.0694413171470889,post,2026-02-19T10:35:30.000Z,"Headshot Socialization at eighteentwentywines","","identity","Headshot Socialization at eighteentwentywines",threads_and_replies.json,/Users/kriskleva/Documents/ModernDayCircusManager/instagram-moderndaycircus-2026-03-09-mDWWVNXF/your_instagram_activity/threads/threads_and_replies.json
threads_and_replies.json-0.9059701011975914,post,2026-02-18T09:53:50.000Z,"Underestimated. Misread. Labeled âtoo much.â

Good.

This is my Year of the Fire Horse.
protect my peace
discipline my mind
forge my body
refine my spirit
No permission
No masks
No apologies
Iâm not here to be adored
Iâm here to be aligned
When I move â frequency shifts.
When I speak â intention lands.
When I build â it impacts the community around me.
Controlled fire.
Relentless focus.
Unapologetic presence.","","identity","Underestimated. Misread. Labeled âtoo much.â Good. This is my Year of the Fire Horse. protect...",threads_and_replies.json,/Users/kriskleva/Documents/ModernDayCircusManager/instagram-moderndaycircus-2026-03-09-mDWWVNXF/your_instagram_activity/threads/threads_and_replies.json
threads_and_replies.json-0.5088503902937884,post,2026-02-15T00:40:26.000Z,"Sunset swag, Valentineâs Day, The Penthouse, VIP Front Row and champagne ð¾ 

Thank you @sfwrunway #nyfw2026","nyfw2026","identity","Sunset swag, Valentineâs Day, The Penthouse, VIP Front Row and champagne ð¾ Thank you @sfwrun...",threads_and_replies.json,/Users/kriskleva/Documents/ModernDayCircusManager/instagram-moderndaycircus-2026-03-09-mDWWVNXF/your_instagram_activity/threads/threads_and_replies.json
threads_and_replies.json-0.49261845448495634,post,2026-02-14T14:59:32.000Z,"","","identity","",threads_and_replies.json,/Users/kriskleva/Documents/ModernDayCircusManager/instagram-moderndaycircus-2026-03-09-mDWWVNXF/your_instagram_activity/threads/threads_and_replies.json
threads_and_replies.json-0.8812012811216392,post,2026-02-14T14:59:32.000Z,"","","identity","",threads_and_replies.json,/Users/kriskleva/Documents/ModernDayCircusManager/instagram-moderndaycircus-2026-03-09-mDWWVNXF/your_instagram_activity/threads/threads_and_replies.json
threads_and_replies.json-0.6285116967851361,post,2026-02-14T14:59:32.000Z,"","","identity","",threads_and_replies.json,/Users/kriskleva/Documents/ModernDayCircusManager/instagram-moderndaycircus-2026-03-09-mDWWVNXF/your_instagram_activity/threads/threads_and_replies.json
threads_and_replies.json-0.41072155923280107,post,2026-02-14T14:59:32.000Z,"","","identity","",threads_and_replies.json,/Users/kriskleva/Documents/ModernDayCircusManager/instagram-moderndaycircus-2026-03-09-mDWWVNXF/your_instagram_activity/threads/threads_and_replies.json
threads_and_replies.json-0.3160212753092102,post,2026-02-14T14:59:32.000Z,"","","identity","",threads_and_replies.json,/Users/kriskleva/Documents/ModernDayCircusManager/instagram-moderndaycircus-2026-03-09-mDWWVNXF/your_instagram_activity/threads/threads_and_replies.json
threads_and_replies.json-0.9616814628008401,post,2026-02-14T14:59:32.000Z,"","","identity","",threads_and_replies.json,/Users/kriskleva/Documents/ModernDayCircusManager/instagram-moderndaycircus-2026-03-09-mDWWVNXF/your_instagram_activity/threads/threads_and_replies.json
threads_and_replies.json-0.8298748073375115,post,2026-02-10T14:40:58.000Z,"","","identity","",threads_and_replies.json,/Users/kriskleva/Documents/ModernDayCircusManager/instagram-moderndaycircus-2026-03-09-mDWWVNXF/your_instagram_activity/threads/threads_and_replies.json
threads_and_replies.json-0.5066507626063494,post,2026-02-10T14:40:58.000Z,"","","identity","",threads_and_replies.json,/Users/kriskleva/Documents/ModernDayCircusManager/instagram-moderndaycircus-2026-03-09-mDWWVNXF/your_instagram_activity/threads/threads_and_replies.json
threads_and_replies.json-0.3999387266289389,post,2026-02-10T14:40:58.000Z,"","","identity","",threads_and_replies.json,/Users/kriskleva/Documents/ModernDayCircusManager/instagram-moderndaycircus-2026-03-09-mDWWVNXF/your_instagram_activity/threads/threads_and_replies.json
threads_and_replies.json-0.5158946978633598,post,2026-02-08T14:50:08.000Z,"","","identity","",threads_and_replies.json,/Users/kriskleva/Documents/ModernDayCircusManager/instagram-moderndaycircus-2026-03-09-mDWWVNXF/your_instagram_activity/threads/threads_and_replies.json
threads_and_replies.json-0.4692228559529392,post,2026-02-08T14:50:08.000Z,"","","identity","",threads_and_replies.json,/Users/kriskleva/Documents/ModernDayCircusManager/instagram-moderndaycircus-2026-03-09-mDWWVNXF/your_instagram_activity/threads/threads_and_replies.json
threads_and_replies.json-0.8053002591023495,post,2026-02-08T14:50:08.000Z,"","","identity","",threads_and_replies.json,/Users/kriskleva/Documents/ModernDayCircusManager/instagram-moderndaycircus-2026-03-09-mDWWVNXF/your_instagram_activity/threads/threads_and_replies.json
threads_and_replies.json-0.95133653591019,post,2026-02-07T13:01:00.000Z,"","","identity","",threads_and_replies.json,/Users/kriskleva/Documents/ModernDayCircusManager/instagram-moderndaycircus-2026-03-09-mDWWVNXF/your_instagram_activity/threads/threads_and_replies.json
threads_and_replies.json-0.1517096281581023,post,2026-02-07T13:01:00.000Z,"","","identity","",threads_and_replies.json,/Users/kriskleva/Documents/ModernDayCircusManager/instagram-moderndaycircus-2026-03-09-mDWWVNXF/your_instagram_activity/threads/threads_and_replies.json
threads_and_replies.json-0.2851085204748509,post,2026-02-07T13:01:00.000Z,"","","identity","",threads_and_replies.json,/Users/kriskleva/Documents/ModernDayCircusManager/instagram-moderndaycircus-2026-03-09-mDWWVNXF/your_instagram_activity/threads/threads_and_replies.json
threads_and_replies.json-0.9129597580124624,post,2026-02-07T13:01:00.000Z,"","","identity","",threads_and_replies.json,/Users/kriskleva/Documents/ModernDayCircusManager/instagram-moderndaycircus-2026-03-09-mDWWVNXF/your_instagram_activity/threads/threads_and_replies.json
threads_and_replies.json-0.14289504563192867,post,2026-01-29T11:59:49.000Z,"Do this","","identity","Do this",threads_and_replies.json,/Users/kriskleva/Documents/ModernDayCircusManager/instagram-moderndaycircus-2026-03-09-mDWWVNXF/your_instagram_activity/threads/threads_and_replies.json
threads_and_replies.json-0.5243981234342245,post,2026-01-28T13:34:17.000Z,"You made this video to remember why youâre doing all these micro-habits, challenges, and experiments.

Itâs not about the handstand â itâs about learning how to focus on your core mission without getting distracted.

Keep reclaiming your energy, keep building your resources, keep loving your life, and keep practicing being unafraid of loss.

Thatâs the work.

#coremission #undistracted #emotionalbalance #handstand","coremission, undistracted, emotionalbalance, handstand","identity","You made this video to remember why youâre doing all these micro-habits, challenges, and experi...",threads_and_replies.json,/Users/kriskleva/Documents/ModernDayCircusManager/instagram-moderndaycircus-2026-03-09-mDWWVNXF/your_instagram_activity/threads/threads_and_replies.json
threads_and_replies.json-0.426648713449548,post,2026-01-25T03:12:36.000Z,"@zara lookbook AI daydream","","identity","@zara lookbook AI daydream",threads_and_replies.json,/Users/kriskleva/Documents/ModernDayCircusManager/instagram-moderndaycircus-2026-03-09-mDWWVNXF/your_instagram_activity/threads/threads_and_replies.json
threads_and_replies.json-0.6712066236985526,post,2026-01-23T22:06:16.000Z,"Could Canada be better rn? ð¨ð¦","","identity","Could Canada be better rn? ð¨ð¦",threads_and_replies.json,/Users/kriskleva/Documents/ModernDayCircusManager/instagram-moderndaycircus-2026-03-09-mDWWVNXF/your_instagram_activity/threads/threads_and_replies.json
threads_and_replies.json-0.2289513332944304,post,2026-01-23T20:02:43.000Z,"Iâd rather be in Belize ð§ð¿","","identity","Iâd rather be in Belize ð§ð¿",threads_and_replies.json,/Users/kriskleva/Documents/ModernDayCircusManager/instagram-moderndaycircus-2026-03-09-mDWWVNXF/your_instagram_activity/threads/threads_and_replies.json
threads_and_replies.json-0.004092998927795133,post,2026-01-23T12:50:12.000Z,"Maine vibes at the moment","","identity","Maine vibes at the moment",threads_and_replies.json,/Users/kriskleva/Documents/ModernDayCircusManager/instagram-moderndaycircus-2026-03-09-mDWWVNXF/your_instagram_activity/threads/threads_and_replies.json
threads_and_replies.json-0.7920781305675528,post,2026-01-17T17:32:48.000Z,"Cold weather gear by maineblackcappedchickadee","","identity","Cold weather gear by maineblackcappedchickadee",threads_and_replies.json,/Users/kriskleva/Documents/ModernDayCircusManager/instagram-moderndaycircus-2026-03-09-mDWWVNXF/your_instagram_activity/threads/threads_and_replies.json
threads_and_replies.json-0.8241318581635193,post,2026-01-14T21:47:51.000Z,"Todayâs handstand homework was a full mobility + stability self-check.

Shoulders, hips, spine, ankles, core, knees â what can move, what canât, and what needs coaxing.

Some âexcellent,â some âsatisfactory,â a few humbling ð

But awareness is how we win.

You measure â you adapt â you evolve.

The goal isnât just to balance upside down â itâs to build a body that can.

Summer handstands loading ð¤¸ââï¸ð

#handstandjourney #mobilitytraining #movementpractice #skillacquisition","handstandjourney, mobilitytraining, movementpractice, skillacquisition","identity","Todayâs handstand homework was a full mobility + stability self-check. Shoulders, hips, spine, ...",threads_and_replies.json,/Users/kriskleva/Documents/ModernDayCircusManager/instagram-moderndaycircus-2026-03-09-mDWWVNXF/your_instagram_activity/threads/threads_and_replies.json
threads_and_replies.json-0.6131009481829106,post,2026-01-14T21:43:46.000Z,"Todayâs handstand homework was a full mobility + stability self-check.

Shoulders, hips, spine, ankles, core, knees â what can move, what canât, and what needs coaxing.

Some âexcellent,â some âsatisfactory,â a few humbling ð

But awareness is how we win.

You measure â you adapt â you evolve.

The goal isnât just to balance upside down â itâs to build a body that can.

Summer handstands loading ð¤¸ââï¸ð

#handstandjourney #mobilitytraining #movementpractice #skillacquisition","handstandjourney, mobilitytraining, movementpractice, skillacquisition","identity","Todayâs handstand homework was a full mobility + stability self-check. Shoulders, hips, spine, ...",threads_and_replies.json,/Users/kriskleva/Documents/ModernDayCircusManager/instagram-moderndaycircus-2026-03-09-mDWWVNXF/your_instagram_activity/threads/threads_and_replies.json
threads_and_replies.json-0.14331429206953872,post,2026-01-12T22:51:44.000Z,"I love leather goods, but some of this stuff is givingâ¦ vinyl cosplay with trust issues.

Metal hardware, rivets, snaps, stitching, and finishes all tell a story about quality. 

The good stuff feels like steel and lasts decades. The cheap stuffâ¦ well, it feels like plastic and Velcro and wants to fall apart after a season.

The fun part? 

Once you learn the cues, you can tell real craftsmanship from âvinyl cosplayâ in 3 seconds flat.","","identity","I love leather goods, but some of this stuff is givingâ¦ vinyl cosplay with trust issues. Metal ...",threads_and_replies.json,/Users/kriskleva/Documents/ModernDayCircusManager/instagram-moderndaycircus-2026-03-09-mDWWVNXF/your_instagram_activity/threads/threads_and_replies.json
threads_and_replies.json-0.29911827521446877,post,2026-01-12T19:22:37.000Z,"Day 11 actually feels kind of boring. 

10 minutes of drills feels complete. Focused on flexibility and balance in forearm stance","","identity","Day 11 actually feels kind of boring. 10 minutes of drills feels complete. Focused on flexibility...",threads_and_replies.json,/Users/kriskleva/Documents/ModernDayCircusManager/instagram-moderndaycircus-2026-03-09-mDWWVNXF/your_instagram_activity/threads/threads_and_replies.json
threads_and_replies.json-0.4361581837494639,post,2026-01-10T18:37:28.000Z,"Mall-walking in MontrÃ©alâ¦ a far cry from the fashion desert back home.

Thrift shops â designer houses â future closets.

Learning the language of style one new âkitâ at a time. ðâ¨

Manifesting looks, silhouettes, and whole new identities.

If Iâm gonna shop for anyone, Iâd prefer to shop for the future version of me.","","identity","Mall-walking in MontrÃ©alâ¦ a far cry from the fashion desert back home. Thrift shops â design...",threads_and_replies.json,/Users/kriskleva/Documents/ModernDayCircusManager/instagram-moderndaycircus-2026-03-09-mDWWVNXF/your_instagram_activity/threads/threads_and_replies.json
threads_and_replies.json-0.6182450938473287,post,2026-01-09T12:48:31.000Z,"","","identity","",threads_and_replies.json,/Users/kriskleva/Documents/ModernDayCircusManager/instagram-moderndaycircus-2026-03-09-mDWWVNXF/your_instagram_activity/threads/threads_and_replies.json
threads_and_replies.json-0.36167069407262153,post,2026-01-09T12:48:31.000Z,"","","identity","",threads_and_replies.json,/Users/kriskleva/Documents/ModernDayCircusManager/instagram-moderndaycircus-2026-03-09-mDWWVNXF/your_instagram_activity/threads/threads_and_replies.json
threads_and_replies.json-0.47662910485633003,post,2026-01-09T12:48:31.000Z,"","","identity","",threads_and_replies.json,/Users/kriskleva/Documents/ModernDayCircusManager/instagram-moderndaycircus-2026-03-09-mDWWVNXF/your_instagram_activity/threads/threads_and_replies.json
threads_and_replies.json-0.7483480689143127,post,2026-01-09T12:48:31.000Z,"","","identity","",threads_and_replies.json,/Users/kriskleva/Documents/ModernDayCircusManager/instagram-moderndaycircus-2026-03-09-mDWWVNXF/your_instagram_activity/threads/threads_and_replies.json
threads_and_replies.json-0.5178506677154795,post,2026-01-09T12:48:31.000Z,"","","identity","",threads_and_replies.json,/Users/kriskleva/Documents/ModernDayCircusManager/instagram-moderndaycircus-2026-03-09-mDWWVNXF/your_instagram_activity/threads/threads_and_replies.json
threads_and_replies.json-0.7976092059150373,post,2026-01-05T13:06:27.000Z,"Day 7 of 30 is a rest day with a little instruction ð¤­

#handstand #donkeykicks #friendshelpingfriendsâ¤ï¸","handstand, donkeykicks, friendshelpingfriends","identity","Day 7 of 30 is a rest day with a little instruction ð¤­ #handstand #donkeykicks #friendshelpingf...",threads_and_replies.json,/Users/kriskleva/Documents/ModernDayCircusManager/instagram-moderndaycircus-2026-03-09-mDWWVNXF/your_instagram_activity/threads/threads_and_replies.json
threads_and_replies.json-0.05727544707860588,post,2026-01-05T12:18:20.000Z,"Day 7 of 30 is a rest day with a little instruction ð¤­

#handstand #donkeykicks #friendshelpingfriendsâ¤ï¸","handstand, donkeykicks, friendshelpingfriends","identity","Day 7 of 30 is a rest day with a little instruction ð¤­ #handstand #donkeykicks #friendshelpingf...",threads_and_replies.json,/Users/kriskleva/Documents/ModernDayCircusManager/instagram-moderndaycircus-2026-03-09-mDWWVNXF/your_instagram_activity/threads/threads_and_replies.json
threads_and_replies.json-0.9047279530307604,post,2026-01-04T22:42:52.000Z,"TL; DR;
Donate your money, time or talent to equalmeasurearts and make a difference in Portlandâs creative economy","","identity","TL; DR; Donate your money, time or talent to equalmeasurearts and make a difference in Portlandâ...",threads_and_replies.json,/Users/kriskleva/Documents/ModernDayCircusManager/instagram-moderndaycircus-2026-03-09-mDWWVNXF/your_instagram_activity/threads/threads_and_replies.json
threads_and_replies.json-0.531782553107921,post,2026-01-04T20:33:13.000Z,"Thank to be included this year with @portlandmediacenter and luigi_scarcelli_official_ on Portland New Yearâs Eve Live!","","identity","Thank to be included this year with @portlandmediacenter and luigi_scarcelli_official_ on Portlan...",threads_and_replies.json,/Users/kriskleva/Documents/ModernDayCircusManager/instagram-moderndaycircus-2026-03-09-mDWWVNXF/your_instagram_activity/threads/threads_and_replies.json
threads_and_replies.json-0.4590605619495083,post,2026-01-04T16:04:06.000Z,"Day 5.  Iâm sore AF and reconsidering my life choices.  #handstand #habits #failforward","handstand, habits, failforward","identity","Day 5. Iâm sore AF and reconsidering my life choices. #handstand #habits #failforward",threads_and_replies.json,/Users/kriskleva/Documents/ModernDayCircusManager/instagram-moderndaycircus-2026-03-09-mDWWVNXF/your_instagram_activity/threads/threads_and_replies.json
threads_and_replies.json-0.9409570755760095,post,2026-01-02T13:14:58.000Z,"Day 4 of 30.

Kick up accomplished ðªð¾","","identity","Day 4 of 30. Kick up accomplished ðªð¾",threads_and_replies.json,/Users/kriskleva/Documents/ModernDayCircusManager/instagram-moderndaycircus-2026-03-09-mDWWVNXF/your_instagram_activity/threads/threads_and_replies.json
threads_and_replies.json-0.3734102076594117,post,2026-01-01T17:57:37.000Z,"Handstand failure starts with lots of headstand failures. 

Here is enjoying something you suck at.","","identity","Handstand failure starts with lots of headstand failures. Here is enjoying something you suck at.",threads_and_replies.json,/Users/kriskleva/Documents/ModernDayCircusManager/instagram-moderndaycircus-2026-03-09-mDWWVNXF/your_instagram_activity/threads/threads_and_replies.json
threads_and_replies.json-0.5587942751447788,post,2025-12-31T14:03:33.000Z,"Handstand failures day, two of 30","","identity","Handstand failures day, two of 30",threads_and_replies.json,/Users/kriskleva/Documents/ModernDayCircusManager/instagram-moderndaycircus-2026-03-09-mDWWVNXF/your_instagram_activity/threads/threads_and_replies.json
threads_and_replies.json-0.5004204886518921,post,2025-12-30T22:31:47.000Z,"The Hollidays burned me out this year and the central decoration of the season has met a fitting conclusion #burningtree","burningtree","identity","The Hollidays burned me out this year and the central decoration of the season has met a fitting ...",threads_and_replies.json,/Users/kriskleva/Documents/ModernDayCircusManager/instagram-moderndaycircus-2026-03-09-mDWWVNXF/your_instagram_activity/threads/threads_and_replies.json
threads_and_replies.json-0.6567906919913327,post,2025-12-28T15:30:07.000Z,"True grit comes from consistency in failure","","identity","True grit comes from consistency in failure",threads_and_replies.json,/Users/kriskleva/Documents/ModernDayCircusManager/instagram-moderndaycircus-2026-03-09-mDWWVNXF/your_instagram_activity/threads/threads_and_replies.json
threads_and_replies.json-0.5470562745814829,post,2025-12-26T18:21:00.000Z,"Food prep for the week, enjoying the fruits of my laborâand my questionable kitchen choreography.

Mobility, flexibility, and dancing like no oneâs watchingâ¦ except the fridge and the internet.","","identity","Food prep for the week, enjoying the fruits of my laborâand my questionable kitchen choreograph...",threads_and_replies.json,/Users/kriskleva/Documents/ModernDayCircusManager/instagram-moderndaycircus-2026-03-09-mDWWVNXF/your_instagram_activity/threads/threads_and_replies.json
threads_and_replies.json-0.2929379264049239,post,2025-12-26T11:26:50.000Z,"Food prep for the week, enjoying the fruits of my laborâand my questionable kitchen choreography.

Mobility, flexibility, and dancing like no oneâs watchingâ¦  shaking it in the kitchen makes the food taste better. 

Science probably. ðºð¥","","identity","Food prep for the week, enjoying the fruits of my laborâand my questionable kitchen choreograph...",threads_and_replies.json,/Users/kriskleva/Documents/ModernDayCircusManager/instagram-moderndaycircus-2026-03-09-mDWWVNXF/your_instagram_activity/threads/threads_and_replies.json
threads_and_replies.json-0.6337362997200144,post,2025-12-26T11:06:14.000Z,"","","identity","",threads_and_replies.json,/Users/kriskleva/Documents/ModernDayCircusManager/instagram-moderndaycircus-2026-03-09-mDWWVNXF/your_instagram_activity/threads/threads_and_replies.json
threads_and_replies.json-0.5023969897812501,post,2025-12-26T11:06:14.000Z,"","","identity","",threads_and_replies.json,/Users/kriskleva/Documents/ModernDayCircusManager/instagram-moderndaycircus-2026-03-09-mDWWVNXF/your_instagram_activity/threads/threads_and_replies.json
threads_and_replies.json-0.6186841413211259,post,2025-12-26T11:06:14.000Z,"","","identity","",threads_and_replies.json,/Users/kriskleva/Documents/ModernDayCircusManager/instagram-moderndaycircus-2026-03-09-mDWWVNXF/your_instagram_activity/threads/threads_and_replies.json
threads_and_replies.json-0.35806611428634816,post,2025-12-26T11:06:14.000Z,"","","identity","",threads_and_replies.json,/Users/kriskleva/Documents/ModernDayCircusManager/instagram-moderndaycircus-2026-03-09-mDWWVNXF/your_instagram_activity/threads/threads_and_replies.json
threads_and_replies.json-0.7674620159380865,post,2025-12-26T11:06:14.000Z,"","","identity","",threads_and_replies.json,/Users/kriskleva/Documents/ModernDayCircusManager/instagram-moderndaycircus-2026-03-09-mDWWVNXF/your_instagram_activity/threads/threads_and_replies.json
threads_and_replies.json-0.9384587332256695,post,2025-12-24T19:02:58.000Z,"Part 3 Plunge","","identity","Part 3 Plunge",threads_and_replies.json,/Users/kriskleva/Documents/ModernDayCircusManager/instagram-moderndaycircus-2026-03-09-mDWWVNXF/your_instagram_activity/threads/threads_and_replies.json
threads_and_replies.json-0.134417305786932,post,2025-12-24T17:24:49.000Z,"Part 2 FPV","","identity","Part 2 FPV",threads_and_replies.json,/Users/kriskleva/Documents/ModernDayCircusManager/instagram-moderndaycircus-2026-03-09-mDWWVNXF/your_instagram_activity/threads/threads_and_replies.json
threads_and_replies.json-0.3227577810026845,post,2025-12-24T15:08:09.000Z,"Iâve been craving this for a while.
The edge between heat and cold.
Fire and snow.
Presence and risk.

Today isnât about performance.
Itâs about being in my body long enough to hear what itâs been trying to say.

Iâm building the fire.
The ritual comes next.

Part 1 of 2
Stay close.","","identity","Iâve been craving this for a while. The edge between heat and cold. Fire and snow. Presence and...",threads_and_replies.json,/Users/kriskleva/Documents/ModernDayCircusManager/instagram-moderndaycircus-2026-03-09-mDWWVNXF/your_instagram_activity/threads/threads_and_replies.json
threads_and_replies.json-0.4025743118368825,post,2025-12-20T12:57:30.000Z,"","","identity","",threads_and_replies.json,/Users/kriskleva/Documents/ModernDayCircusManager/instagram-moderndaycircus-2026-03-09-mDWWVNXF/your_instagram_activity/threads/threads_and_replies.json
threads_and_replies.json-0.8386844262045239,post,2025-12-20T12:57:30.000Z,"","","identity","",threads_and_replies.json,/Users/kriskleva/Documents/ModernDayCircusManager/instagram-moderndaycircus-2026-03-09-mDWWVNXF/your_instagram_activity/threads/threads_and_replies.json
threads_and_replies.json-0.9451376499196975,post,2025-12-19T10:54:56.000Z,"Hereâs why I start my daily self care routine around 4am.

When life gets full â responsibilities, pressure, people depending on you â your health doesnât magically stay protected.

You have to choose it.
You have to schedule it.

So I train while the world sleeps.

Because if I donât make time for myself, no one else will.

ðªð","","identity","Hereâs why I start my daily self care routine around 4am. When life gets full â responsibilit...",threads_and_replies.json,/Users/kriskleva/Documents/ModernDayCircusManager/instagram-moderndaycircus-2026-03-09-mDWWVNXF/your_instagram_activity/threads/threads_and_replies.json
threads_and_replies.json-0.3857604588878183,post,2025-12-17T20:11:32.000Z,"Me looking great in leathers by j.m.syron","","identity","Me looking great in leathers by j.m.syron",threads_and_replies.json,/Users/kriskleva/Documents/ModernDayCircusManager/instagram-moderndaycircus-2026-03-09-mDWWVNXF/your_instagram_activity/threads/threads_and_replies.json
threads_and_replies.json-0.6786966615088796,post,2025-12-16T14:56:55.000Z,"","","identity","",threads_and_replies.json,/Users/kriskleva/Documents/ModernDayCircusManager/instagram-moderndaycircus-2026-03-09-mDWWVNXF/your_instagram_activity/threads/threads_and_replies.json
threads_and_replies.json-0.8762808065761563,post,2025-12-16T14:56:55.000Z,"","","identity","",threads_and_replies.json,/Users/kriskleva/Documents/ModernDayCircusManager/instagram-moderndaycircus-2026-03-09-mDWWVNXF/your_instagram_activity/threads/threads_and_replies.json
threads_and_replies.json-0.9914717302850813,post,2025-12-15T11:45:12.000Z,"Iâm rehearsing for something amazing Iâve been manifesting and telling all my friends about. 

Here is a lil hint.  Stay tuned for the Christmas magic.","","identity","Iâm rehearsing for something amazing Iâve been manifesting and telling all my friends about. ...",threads_and_replies.json,/Users/kriskleva/Documents/ModernDayCircusManager/instagram-moderndaycircus-2026-03-09-mDWWVNXF/your_instagram_activity/threads/threads_and_replies.json
threads_and_replies.json-0.8407268276118196,post,2025-12-09T22:47:45.000Z,"Never underestimate the people you say you care about.

Everyone carries a kind of power you canât always see â emotional, intellectual, spiritual.

The moment you underestimate someone, you put yourself at a disadvantage.

This is why The Four Agreements matter:
âï¸ Be impeccable with your word
âï¸ Donât take things personally
âï¸ Donât make assumptions
âï¸ Always do your best

Respect isnât weakness.
Itâs awareness.
Itâs alignment.
Itâs strength.","","identity","Never underestimate the people you say you care about. Everyone carries a kind of power you canâ...",threads_and_replies.json,/Users/kriskleva/Documents/ModernDayCircusManager/instagram-moderndaycircus-2026-03-09-mDWWVNXF/your_instagram_activity/threads/threads_and_replies.json
threads_and_replies.json-0.4387081091553071,post,2025-12-01T12:10:43.000Z,"","","identity","",threads_and_replies.json,/Users/kriskleva/Documents/ModernDayCircusManager/instagram-moderndaycircus-2026-03-09-mDWWVNXF/your_instagram_activity/threads/threads_and_replies.json
threads_and_replies.json-0.4161054854980868,post,2025-12-01T12:10:43.000Z,"","","identity","",threads_and_replies.json,/Users/kriskleva/Documents/ModernDayCircusManager/instagram-moderndaycircus-2026-03-09-mDWWVNXF/your_instagram_activity/threads/threads_and_replies.json
threads_and_replies.json-0.157617115683665,post,2025-11-20T12:38:11.000Z,"I love the new booty shakah at @hotworxsouthportlandsopo 

I have no idea if Iâm doing it right or what it is for but itâs fun anyway.  Did it for about 10 minutes every week so let me know if itâs working ð","","identity","I love the new booty shakah at @hotworxsouthportlandsopo I have no idea if Iâm doing it right o...",threads_and_replies.json,/Users/kriskleva/Documents/ModernDayCircusManager/instagram-moderndaycircus-2026-03-09-mDWWVNXF/your_instagram_activity/threads/threads_and_replies.json
threads_and_replies.json-0.2616132498465944,post,2025-11-09T17:46:53.000Z,"ð¤ â¤ï¸ðHoliday cheer activated with new Yakisugi Fire Art by @cinnamonbrulee ð´ââ ï¸ #piratetable #blackonblackonblack #yakisugi","piratetable, blackonblackonblack, yakisugi","identity","ð¤ â¤ï¸ðHoliday cheer activated with new Yakisugi Fire Art by @cinnamonbrulee ð´ââ ï¸...",threads_and_replies.json,/Users/kriskleva/Documents/ModernDayCircusManager/instagram-moderndaycircus-2026-03-09-mDWWVNXF/your_instagram_activity/threads/threads_and_replies.json
threads_and_replies.json-0.4956592415751191,post,2025-10-28T18:22:19.000Z,"","","identity","",threads_and_replies.json,/Users/kriskleva/Documents/ModernDayCircusManager/instagram-moderndaycircus-2026-03-09-mDWWVNXF/your_instagram_activity/threads/threads_and_replies.json
threads_and_replies.json-0.8054886991995989,post,2025-10-28T18:22:19.000Z,"","","identity","",threads_and_replies.json,/Users/kriskleva/Documents/ModernDayCircusManager/instagram-moderndaycircus-2026-03-09-mDWWVNXF/your_instagram_activity/threads/threads_and_replies.json
threads_and_replies.json-0.5714774292919729,post,2025-10-26T21:29:00.000Z,"","","identity","",threads_and_replies.json,/Users/kriskleva/Documents/ModernDayCircusManager/instagram-moderndaycircus-2026-03-09-mDWWVNXF/your_instagram_activity/threads/threads_and_replies.json
threads_and_replies.json-0.20070426869220181,post,2025-10-26T21:29:00.000Z,"","","identity","",threads_and_replies.json,/Users/kriskleva/Documents/ModernDayCircusManager/instagram-moderndaycircus-2026-03-09-mDWWVNXF/your_instagram_activity/threads/threads_and_replies.json
threads_and_replies.json-0.47576258746040656,post,2025-10-26T21:29:00.000Z,"","","identity","",threads_and_replies.json,/Users/kriskleva/Documents/ModernDayCircusManager/instagram-moderndaycircus-2026-03-09-mDWWVNXF/your_instagram_activity/threads/threads_and_replies.json
threads_and_replies.json-0.5900113422541693,post,2025-10-26T21:29:00.000Z,"","","identity","",threads_and_replies.json,/Users/kriskleva/Documents/ModernDayCircusManager/instagram-moderndaycircus-2026-03-09-mDWWVNXF/your_instagram_activity/threads/threads_and_replies.json
threads_and_replies.json-0.11331211950728926,post,2025-10-26T21:29:00.000Z,"","","identity","",threads_and_replies.json,/Users/kriskleva/Documents/ModernDayCircusManager/instagram-moderndaycircus-2026-03-09-mDWWVNXF/your_instagram_activity/threads/threads_and_replies.json
threads_and_replies.json-0.10555464823319816,post,2025-10-26T09:48:50.000Z,"What more could you ask for â a warm autumn night, an outdoor fireplace, a treehouse bed, and me rustling through the crunchy leaves. ðð¦","","identity","What more could you ask for â a warm autumn night, an outdoor fireplace, a treehouse bed, and m...",threads_and_replies.json,/Users/kriskleva/Documents/ModernDayCircusManager/instagram-moderndaycircus-2026-03-09-mDWWVNXF/your_instagram_activity/threads/threads_and_replies.json
threads_and_replies.json-0.5603582307012744,post,2025-10-19T13:17:51.000Z,"","","identity","",threads_and_replies.json,/Users/kriskleva/Documents/ModernDayCircusManager/instagram-moderndaycircus-2026-03-09-mDWWVNXF/your_instagram_activity/threads/threads_and_replies.json
threads_and_replies.json-0.9056153835847509,post,2025-10-19T13:17:51.000Z,"","","identity","",threads_and_replies.json,/Users/kriskleva/Documents/ModernDayCircusManager/instagram-moderndaycircus-2026-03-09-mDWWVNXF/your_instagram_activity/threads/threads_and_replies.json
threads_and_replies.json-0.950522495405598,post,2025-10-16T19:13:02.000Z,"Standing for a change in the system. Ready to take a new step forward @crossculturalcommunityservices","","identity","Standing for a change in the system. Ready to take a new step forward @crossculturalcommunityserv...",threads_and_replies.json,/Users/kriskleva/Documents/ModernDayCircusManager/instagram-moderndaycircus-2026-03-09-mDWWVNXF/your_instagram_activity/threads/threads_and_replies.json
threads_and_replies.json-0.8864532381987771,post,2025-10-13T22:54:53.000Z,"@maine_crafts_association Maine Craft Weekend was a huge success.  Itâs fun to be one of the many pirates behind the scenes supporting @cinnamonbrulee.","","identity","@maine_crafts_association Maine Craft Weekend was a huge success. Itâs fun to be one of the man...",threads_and_replies.json,/Users/kriskleva/Documents/ModernDayCircusManager/instagram-moderndaycircus-2026-03-09-mDWWVNXF/your_instagram_activity/threads/threads_and_replies.json
threads_and_replies.json-0.21166920198394168,post,2025-10-13T22:36:24.000Z,"","","identity","",threads_and_replies.json,/Users/kriskleva/Documents/ModernDayCircusManager/instagram-moderndaycircus-2026-03-09-mDWWVNXF/your_instagram_activity/threads/threads_and_replies.json
threads_and_replies.json-0.04994450138503659,post,2025-10-13T22:36:24.000Z,"","","identity","",threads_and_replies.json,/Users/kriskleva/Documents/ModernDayCircusManager/instagram-moderndaycircus-2026-03-09-mDWWVNXF/your_instagram_activity/threads/threads_and_replies.json
threads_and_replies.json-0.3390152958153574,post,2025-10-13T22:36:24.000Z,"","","identity","",threads_and_replies.json,/Users/kriskleva/Documents/ModernDayCircusManager/instagram-moderndaycircus-2026-03-09-mDWWVNXF/your_instagram_activity/threads/threads_and_replies.json
threads_and_replies.json-0.7771913544105704,post,2025-10-13T22:36:24.000Z,"","","identity","",threads_and_replies.json,/Users/kriskleva/Documents/ModernDayCircusManager/instagram-moderndaycircus-2026-03-09-mDWWVNXF/your_instagram_activity/threads/threads_and_replies.json
threads_and_replies.json-0.8838775691005136,post,2025-10-09T16:05:19.000Z,"","","identity","",threads_and_replies.json,/Users/kriskleva/Documents/ModernDayCircusManager/instagram-moderndaycircus-2026-03-09-mDWWVNXF/your_instagram_activity/threads/threads_and_replies.json
threads_and_replies.json-0.5614668927439006,post,2025-10-09T16:05:19.000Z,"","","identity","",threads_and_replies.json,/Users/kriskleva/Documents/ModernDayCircusManager/instagram-moderndaycircus-2026-03-09-mDWWVNXF/your_instagram_activity/threads/threads_and_replies.json
threads_and_replies.json-0.20834009008188903,post,2025-10-09T16:05:19.000Z,"","","identity","",threads_and_replies.json,/Users/kriskleva/Documents/ModernDayCircusManager/instagram-moderndaycircus-2026-03-09-mDWWVNXF/your_instagram_activity/threads/threads_and_replies.json
threads_and_replies.json-0.8540105075985476,post,2025-10-09T16:05:19.000Z,"","","identity","",threads_and_replies.json,/Users/kriskleva/Documents/ModernDayCircusManager/instagram-moderndaycircus-2026-03-09-mDWWVNXF/your_instagram_activity/threads/threads_and_replies.json
threads_and_replies.json-0.6788170645944207,post,2025-10-09T16:05:19.000Z,"","","identity","",threads_and_replies.json,/Users/kriskleva/Documents/ModernDayCircusManager/instagram-moderndaycircus-2026-03-09-mDWWVNXF/your_instagram_activity/threads/threads_and_replies.json
threads_and_replies.json-0.9688127708554699,post,2025-10-09T16:05:19.000Z,"","","identity","",threads_and_replies.json,/Users/kriskleva/Documents/ModernDayCircusManager/instagram-moderndaycircus-2026-03-09-mDWWVNXF/your_instagram_activity/threads/threads_and_replies.json
threads_and_replies.json-0.38774910127043793,post,2025-10-04T12:16:01.000Z,"17.5 Hands ððð¿","","identity","17.5 Hands ððð¿",threads_and_replies.json,/Users/kriskleva/Documents/ModernDayCircusManager/instagram-moderndaycircus-2026-03-09-mDWWVNXF/your_instagram_activity/threads/threads_and_replies.json
threads_and_replies.json-0.44945036260647764,post,2025-10-03T12:30:48.000Z,"Elk season ð¦ð","","identity","Elk season ð¦ð",threads_and_replies.json,/Users/kriskleva/Documents/ModernDayCircusManager/instagram-moderndaycircus-2026-03-09-mDWWVNXF/your_instagram_activity/threads/threads_and_replies.json
threads_and_replies.json-0.9638343932774254,post,2025-09-23T17:07:52.000Z,"Lost in the multiverse","","identity","Lost in the multiverse",threads_and_replies.json,/Users/kriskleva/Documents/ModernDayCircusManager/instagram-moderndaycircus-2026-03-09-mDWWVNXF/your_instagram_activity/threads/threads_and_replies.json
threads_and_replies.json-0.9845153660199062,post,2025-09-22T00:51:18.000Z,"Great to be back at @redrocksco","","identity","Great to be back at @redrocksco",threads_and_replies.json,/Users/kriskleva/Documents/ModernDayCircusManager/instagram-moderndaycircus-2026-03-09-mDWWVNXF/your_instagram_activity/threads/threads_and_replies.json
threads_and_replies.json-0.32973675376944467,post,2025-04-24T16:13:10.000Z,"The songs I use in my Stories https://open.spotify.com/playlist/0cVJbr8mpGpAz90EG81ajc?si=Kumr8jXjQ3akp8suqYqS9A","","identity","The songs I use in my Stories https://open.spotify.com/playlist/0cVJbr8mpGpAz90EG81ajc?si=Kumr8jX...",threads_and_replies.json,/Users/kriskleva/Documents/ModernDayCircusManager/instagram-moderndaycircus-2026-03-09-mDWWVNXF/your_instagram_activity/threads/threads_and_replies.json
threads_and_replies.json-0.588579326311248,post,2025-04-24T13:36:11.000Z,"Weâre building something rare.
Where movement, music, voice, and vision meet in a professional recording environment.  What puts all of these creators on the same vibe? 

You are about to find out.  Join us. 

Creative Frequencies: Stories That Move Us
June 7 from 2 to 6pm â¢ Falmouth, ME at
@monaco.studios 

Presented by Equal Measure Arts
@feleciacruz @realgeniusblack @portalsofportland @aerialjadeart @goldyngambit @equalmeasurearts","","identity","Weâre building something rare. Where movement, music, voice, and vision meet in a professional ...",threads_and_replies.json,/Users/kriskleva/Documents/ModernDayCircusManager/instagram-moderndaycircus-2026-03-09-mDWWVNXF/your_instagram_activity/threads/threads_and_replies.json